date,metro,regular,mid,premium,reg_delt
2022-01-28,Bradenton-Sarasota-Venice,3.351,3.731,4.006,
2022-01-28,Bradenton-Sarasota-Venice,3.351,3.731,4.006,0.0
2022-03-07,Bradenton-Sarasota-Venice,4.005,4.292,4.603,19.51656222023277
2022-03-07,Bradenton-Sarasota-Venice,4.005,4.292,4.603,0.0
2022-03-08,Bradenton-Sarasota-Venice,4.005,4.292,4.603,0.0
2022-03-08,Bradenton-Sarasota-Venice,4.005,4.292,4.603,0.0
2022-03-22,Bradenton-Sarasota-Venice,4.119,4.547,4.827,2.8464419475655367
2022-03-22,Bradenton-Sarasota-Venice,4.119,4.547,4.827,0.0
2022-04-01,Bradenton-Sarasota-Venice,4.195,4.601,4.87,1.8451080359310534
2022-04-01,Bradenton-Sarasota-Venice,4.195,4.601,4.87,0.0
2022-04-14,Bradenton-Sarasota-Venice,4.032,4.473,4.757,-3.8855780691299246
2022-04-19,Bradenton-Sarasota-Venice,4.075,4.472,4.778,1.0664682539682557
2022-05-11,Bradenton-Sarasota-Venice,4.308,4.663,4.964,5.717791411042938
2022-05-25,Bradenton-Sarasota-Venice,4.582,4.954,5.243,6.3602599814299055
2022-05-29,Bradenton-Sarasota-Venice,4.578,4.957,5.246,-0.08729812309034024
2022-05-31,Bradenton-Sarasota-Venice,4.572,4.947,5.243,-0.1310615989515096
2022-06-06,Bradenton-Sarasota-Venice,4.764,5.133,5.428,4.199475065616798
2022-06-09,Bradenton-Sarasota-Venice,4.763,5.142,5.442,-0.020990764063821832
2022-06-25,Bradenton-Sarasota-Venice,4.686,5.088,5.393,-1.61662817551963
2022-06-26,Bradenton-Sarasota-Venice,4.667,5.095,5.377,-0.40546308151941934
2022-06-27,Bradenton-Sarasota-Venice,4.667,5.095,5.377,0.0
2022-06-29,Bradenton-Sarasota-Venice,4.599,5.007,5.316,-1.4570387829440645
2022-06-30,Bradenton-Sarasota-Venice,4.584,5.0,5.306,-0.3261578604044524
2022-07-02,Bradenton-Sarasota-Venice,4.536,4.944,5.271,-1.0471204188481686
2022-07-10,Bradenton-Sarasota-Venice,4.364,4.785,5.088,-3.79188712522045
2022-08-01,Bradenton-Sarasota-Venice,3.894,4.318,4.629,-10.7699358386801
2022-09-22,Bradenton-Sarasota-Venice,3.348,3.755,4.073,-14.021571648690301
2022-09-23,Bradenton-Sarasota-Venice,3.337,3.748,4.028,-0.3285543608124164
2022-09-27,Bradenton-Sarasota-Venice,3.341,3.727,4.07,0.11986814504045817
2022-10-02,Bradenton-Sarasota-Venice,3.253,3.62,3.926,-2.6339419335528302
2022-10-03,Bradenton-Sarasota-Venice,3.22,3.597,3.892,-1.014448201660001
2022-10-04,Bradenton-Sarasota-Venice,3.198,3.579,3.879,-0.6832298136645987
2022-11-05,Bradenton-Sarasota-Venice,3.481,3.847,4.165,8.849280800500313
2022-11-10,Bradenton-Sarasota-Venice,3.591,3.973,4.273,3.160011490950887
2022-11-21,Bradenton-Sarasota-Venice,3.451,3.828,4.134,-3.898635477582846
2022-11-26,Bradenton-Sarasota-Venice,3.396,3.801,4.108,-1.593740944653732
2022-11-28,Bradenton-Sarasota-Venice,3.383,3.792,4.091,-0.3828032979976359
2022-11-30,Bradenton-Sarasota-Venice,3.366,3.777,4.077,-0.5025125628140725
2022-12-01,Bradenton-Sarasota-Venice,3.351,3.76,4.056,-0.4456327985739805
2022-12-05,Bradenton-Sarasota-Venice,3.272,3.668,3.966,-2.3575052223216986
2022-12-07,Bradenton-Sarasota-Venice,3.244,3.653,3.954,-0.8557457212713837
2022-12-08,Bradenton-Sarasota-Venice,3.203,3.626,3.934,-1.2638717632552532
2022-12-10,Bradenton-Sarasota-Venice,3.189,3.611,3.885,-0.4370902279113298
2023-01-19,Bradenton-Sarasota-Venice,3.401,3.768,4.084,6.6478519912198
2023-03-23,Bradenton-Sarasota-Venice,3.422,3.828,4.128,0.6174654513378508
2023-03-27,Bradenton-Sarasota-Venice,3.377,3.774,4.08,-1.3150204558737721
2023-03-30,Bradenton-Sarasota-Venice,3.483,3.868,4.184,3.1388806633106503
2023-04-02,Bradenton-Sarasota-Venice,3.485,3.874,4.188,0.05742176284810885
2023-04-03,Bradenton-Sarasota-Venice,3.475,3.868,4.194,-0.2869440459110417
2023-05-15,Bradenton-Sarasota-Venice,3.506,3.9,4.215,0.8920863309352489
2023-05-16,Bradenton-Sarasota-Venice,3.501,3.896,4.206,-0.14261266400455996
2023-05-17,Bradenton-Sarasota-Venice,3.49,3.89,4.209,-0.3141959440159825
2023-05-18,Bradenton-Sarasota-Venice,3.47,3.875,4.186,-0.5730659025787954
2023-05-22,Bradenton-Sarasota-Venice,3.419,3.819,4.133,-1.4697406340057673
2023-05-24,Bradenton-Sarasota-Venice,3.399,3.81,4.118,-0.5849663644340475
2023-05-25,Bradenton-Sarasota-Venice,3.395,3.803,4.1,-0.11768167107972793
2023-05-26,Bradenton-Sarasota-Venice,3.392,3.761,4.064,-0.08836524300441795
2023-05-30,Bradenton-Sarasota-Venice,3.41,3.809,4.123,0.5306603773584939
2023-05-31,Bradenton-Sarasota-Venice,3.402,3.809,4.127,-0.23460410557184508
2023-06-01,Bradenton-Sarasota-Venice,3.4,3.804,4.122,-0.058788947677845815
2023-06-06,Bradenton-Sarasota-Venice,3.35,3.754,4.074,-1.4705882352941124
2023-06-07,Bradenton-Sarasota-Venice,3.341,3.747,4.074,-0.26865671641790323
2023-06-09,Bradenton-Sarasota-Venice,3.404,3.799,4.114,1.8856629751571319
2023-06-10,Bradenton-Sarasota-Venice,3.404,3.799,4.114,0.0
2023-06-13,Bradenton-Sarasota-Venice,3.484,3.894,4.204,2.3501762632197387
2023-06-14,Bradenton-Sarasota-Venice,3.473,3.887,4.198,-0.31572904707233285
2023-06-16,Bradenton-Sarasota-Venice,3.441,3.851,4.183,-0.9213936078318441
2023-06-23,Bradenton-Sarasota-Venice,3.372,3.79,4.107,-2.005231037489097
2023-07-04,Bradenton-Sarasota-Venice,3.269,3.668,3.99,-3.0545670225385457
2023-11-11,Bradenton-Sarasota-Venice,3.219,3.638,3.963,-1.5295197308045405
2023-11-29,Bradenton-Sarasota-Venice,3.173,3.585,3.896,-1.429015222118668
2024-01-18,Bradenton-Sarasota-Venice,3.038,3.466,3.789,-4.254648597541766
2024-02-21,Bradenton-Sarasota-Venice,3.346,3.716,4.045,10.138248847926267
2024-02-26,Bradenton-Sarasota-Venice,3.295,3.698,4.007,-1.5242080095636656
2024-02-27,Bradenton-Sarasota-Venice,3.269,3.671,3.999,-0.7890743550834523
2024-02-28,Bradenton-Sarasota-Venice,3.353,3.729,4.06,2.569593147751603
2024-03-01,Bradenton-Sarasota-Venice,3.375,3.787,4.108,0.6561288398449161
2024-03-02,Bradenton-Sarasota-Venice,3.357,3.779,4.104,-0.5333333333333301
2024-03-04,Bradenton-Sarasota-Venice,3.338,3.758,4.085,-0.5659815311289895
2024-03-05,Bradenton-Sarasota-Venice,3.304,3.714,4.041,-1.0185739964050367
2024-04-11,Bradenton-Sarasota-Venice,3.587,3.989,4.304,8.565375302663458
2024-04-22,Bradenton-Sarasota-Venice,3.551,3.954,4.262,-1.0036241984945682
2024-04-23,Bradenton-Sarasota-Venice,3.551,3.954,4.262,0.0
2024-05-06,Bradenton-Sarasota-Venice,3.597,3.999,4.308,1.2954097437341439
2024-05-19,Bradenton-Sarasota-Venice,3.444,3.856,4.181,-4.253544620517102
2024-05-24,Bradenton-Sarasota-Venice,3.573,3.988,4.301,3.745644599303133
2024-05-31,Bradenton-Sarasota-Venice,3.478,3.905,4.226,-2.6588301147494997
2024-06-03,Bradenton-Sarasota-Venice,3.419,3.813,4.136,-1.696377228292123
2024-06-12,Bradenton-Sarasota-Venice,3.256,3.671,3.991,-4.767475870137472
2024-06-16,Bradenton-Sarasota-Venice,3.214,3.631,3.946,-1.2899262899262798
2024-06-20,Bradenton-Sarasota-Venice,3.385,3.781,4.091,5.320472930927189
2024-06-21,Bradenton-Sarasota-Venice,3.385,3.781,4.091,0.0
2024-06-23,Bradenton-Sarasota-Venice,3.35,3.777,4.084,-1.0339734121122546
2024-06-29,Bradenton-Sarasota-Venice,3.383,3.829,4.133,0.9850746268656785
2024-07-04,Bradenton-Sarasota-Venice,3.555,3.989,4.262,5.084244753177658
2024-07-09,Bradenton-Sarasota-Venice,3.454,3.885,4.191,-2.8410689170182857
2024-07-10,Bradenton-Sarasota-Venice,3.454,3.885,4.191,0.0
2024-07-12,Bradenton-Sarasota-Venice,3.566,4.009,4.299,3.242617255356106
2024-07-18,Bradenton-Sarasota-Venice,3.423,3.861,4.173,-4.010095344924281
2024-07-22,Bradenton-Sarasota-Venice,3.285,3.714,4.015,-4.03155127081507
2024-07-24,Bradenton-Sarasota-Venice,3.47,3.893,4.191,5.631659056316596
2024-07-25,Bradenton-Sarasota-Venice,3.47,3.893,4.191,0.0
2024-08-01,Bradenton-Sarasota-Venice,3.394,3.833,4.136,-2.1902017291066334
2024-08-11,Bradenton-Sarasota-Venice,3.305,3.749,4.065,-2.6222746022392496
2024-08-16,Bradenton-Sarasota-Venice,3.336,3.781,4.095,0.9379727685325134
2024-08-17,Bradenton-Sarasota-Venice,3.336,3.781,4.095,0.0
2024-08-18,Bradenton-Sarasota-Venice,3.277,3.736,4.033,-1.7685851318944734
2024-08-19,Bradenton-Sarasota-Venice,3.251,3.688,4.007,-0.7934086054318001
2024-08-20,Bradenton-Sarasota-Venice,3.251,3.688,4.007,0.0
2024-09-07,Bradenton-Sarasota-Venice,3.162,3.633,3.938,-2.737619194094121
2024-09-09,Bradenton-Sarasota-Venice,3.072,3.53,3.831,-2.8462998102466774
2024-09-16,Bradenton-Sarasota-Venice,3.058,3.521,3.83,-0.45572916666667407
2024-09-19,Bradenton-Sarasota-Venice,3.162,3.633,3.939,3.4009156311314515
2024-09-21,Bradenton-Sarasota-Venice,3.104,3.587,3.881,-1.834282099936746
2024-09-23,Bradenton-Sarasota-Venice,3.104,3.587,3.881,0.0
2024-09-24,Bradenton-Sarasota-Venice,3.139,3.594,3.898,1.1275773195876138
2024-09-25,Bradenton-Sarasota-Venice,3.139,3.594,3.898,0.0
2024-09-26,Bradenton-Sarasota-Venice,3.185,3.645,3.958,1.4654348518636562
2024-09-27,Bradenton-Sarasota-Venice,3.186,3.653,3.953,0.031397174254310656
2024-10-01,Bradenton-Sarasota-Venice,3.179,3.651,3.957,-0.2197112366603915
2024-10-02,Bradenton-Sarasota-Venice,3.161,3.645,3.949,-0.5662157911292764
2024-10-04,Bradenton-Sarasota-Venice,3.134,3.607,3.919,-0.8541600759253476
2024-10-06,Bradenton-Sarasota-Venice,3.107,3.566,3.879,-0.8615188257817374
2024-10-09,Bradenton-Sarasota-Venice,3.107,3.573,3.89,0.0
2024-10-13,Bradenton-Sarasota-Venice,3.094,3.528,3.822,-0.4184100418410108
2024-10-21,Bradenton-Sarasota-Venice,3.081,3.536,3.849,-0.42016806722688926
2024-11-01,Bradenton-Sarasota-Venice,3.025,3.489,3.798,-1.8175916910094125
2024-11-02,Bradenton-Sarasota-Venice,3.025,3.489,3.798,0.0
2024-11-04,Bradenton-Sarasota-Venice,2.954,3.413,3.712,-2.347107438016516
2024-11-05,Bradenton-Sarasota-Venice,3.095,3.58,3.866,4.773188896411651
2024-11-06,Bradenton-Sarasota-Venice,3.15,3.624,3.918,1.7770597738287375
2024-11-07,Bradenton-Sarasota-Venice,3.167,3.638,3.933,0.5396825396825289
2024-11-08,Bradenton-Sarasota-Venice,3.16,3.637,3.929,-0.22102936532995
2024-11-10,Bradenton-Sarasota-Venice,3.121,3.585,3.89,-1.23417721518988
2024-11-11,Bradenton-Sarasota-Venice,3.106,3.57,3.867,-0.4806151874399256
2024-11-12,Bradenton-Sarasota-Venice,3.07,3.526,3.838,-1.159047005795233
2024-11-13,Bradenton-Sarasota-Venice,3.026,3.487,3.797,-1.4332247557003241
2024-11-14,Bradenton-Sarasota-Venice,2.985,3.457,3.763,-1.354923992068735
2024-11-15,Bradenton-Sarasota-Venice,3.1,3.551,3.837,3.8525963149078857
2024-11-16,Bradenton-Sarasota-Venice,3.151,3.616,3.904,1.645161290322572
2024-11-17,Bradenton-Sarasota-Venice,3.148,3.616,3.915,-0.09520787051728874
2024-11-18,Bradenton-Sarasota-Venice,3.127,3.589,3.893,-0.6670902160101799
2024-11-19,Bradenton-Sarasota-Venice,3.094,3.565,3.86,-1.0553245922609533
2024-11-20,Bradenton-Sarasota-Venice,3.068,3.534,3.827,-0.8403361344537785
2024-11-21,Bradenton-Sarasota-Venice,3.035,3.492,3.793,-1.0756192959582744
2024-11-22,Bradenton-Sarasota-Venice,2.997,3.46,3.762,-1.252059308072495
2024-11-24,Bradenton-Sarasota-Venice,3.151,3.615,3.916,5.138471805138467
2024-11-25,Bradenton-Sarasota-Venice,3.153,3.624,3.911,0.0634719136782147
2024-11-26,Bradenton-Sarasota-Venice,3.129,3.592,3.885,-0.7611798287345373
2024-11-27,Bradenton-Sarasota-Venice,3.152,3.608,3.893,0.7350591243208804
2024-11-28,Bradenton-Sarasota-Venice,3.163,3.628,3.921,0.34898477157359054
2024-12-01,Bradenton-Sarasota-Venice,3.114,3.574,3.872,-1.5491621877963935
2024-12-02,Bradenton-Sarasota-Venice,3.1,3.56,3.857,-0.4495825305073753
2024-12-03,Bradenton-Sarasota-Venice,3.065,3.527,3.818,-1.1290322580645218
2024-12-05,Bradenton-Sarasota-Venice,2.993,3.446,3.743,-2.3491027732463365
2024-12-06,Bradenton-Sarasota-Venice,2.959,3.408,3.711,-1.1359839625793455
2024-12-07,Bradenton-Sarasota-Venice,3.051,3.531,3.818,3.10915849949307
2024-12-08,Bradenton-Sarasota-Venice,3.133,3.597,3.893,2.687643395607986
2024-12-09,Bradenton-Sarasota-Venice,3.154,3.623,3.919,0.670284072773697
2024-12-10,Bradenton-Sarasota-Venice,3.134,3.601,3.892,-0.6341154090044432
2024-12-11,Bradenton-Sarasota-Venice,3.102,3.568,3.865,-1.021059349074671
2024-12-12,Bradenton-Sarasota-Venice,3.057,3.526,3.82,-1.4506769825918697
2024-12-13,Bradenton-Sarasota-Venice,3.021,3.481,3.784,-1.1776251226692902
2024-12-16,Bradenton-Sarasota-Venice,3.163,3.619,3.912,4.700430321085736
2024-12-17,Bradenton-Sarasota-Venice,3.147,3.603,3.893,-0.5058488776478076
2024-12-18,Bradenton-Sarasota-Venice,3.119,3.574,3.876,-0.8897362567524492
2024-12-19,Bradenton-Sarasota-Venice,3.08,3.547,3.84,-1.2504007694774
2024-12-20,Bradenton-Sarasota-Venice,3.047,3.521,3.804,-1.0714285714285676
2024-12-23,Bradenton-Sarasota-Venice,2.985,3.45,3.732,-2.0347883163767677
2024-12-24,Bradenton-Sarasota-Venice,3.099,3.571,3.864,3.8190954773869468
2024-12-27,Bradenton-Sarasota-Venice,3.114,3.576,3.874,0.4840271055178924
2024-12-28,Bradenton-Sarasota-Venice,3.089,3.549,3.848,-0.8028259473346178
2024-12-29,Bradenton-Sarasota-Venice,3.071,3.526,3.811,-0.5827128520556779
2024-12-30,Bradenton-Sarasota-Venice,3.057,3.514,3.798,-0.4558775643113022
2025-01-01,Bradenton-Sarasota-Venice,3.103,3.577,3.87,1.504743212299653
2025-01-02,Bradenton-Sarasota-Venice,3.139,3.601,3.894,1.1601675797615174
2025-01-03,Bradenton-Sarasota-Venice,3.159,3.617,3.903,0.6371455877667964
2025-01-05,Bradenton-Sarasota-Venice,3.114,3.569,3.853,-1.4245014245014231
2025-01-06,Bradenton-Sarasota-Venice,3.09,3.545,3.823,-0.770712909441229
2025-01-07,Bradenton-Sarasota-Venice,3.058,3.5,3.804,-1.035598705501617
2025-01-08,Bradenton-Sarasota-Venice,3.029,3.471,3.772,-0.9483322432962682
2025-01-09,Bradenton-Sarasota-Venice,3.116,3.589,3.875,2.872235061076278
2025-01-11,Bradenton-Sarasota-Venice,3.148,3.61,3.889,1.0269576379974277
2025-01-13,Bradenton-Sarasota-Venice,3.091,3.546,3.838,-1.8106734434561567
2025-01-14,Bradenton-Sarasota-Venice,3.195,3.67,3.942,3.3646069233257636
2025-01-15,Bradenton-Sarasota-Venice,3.261,3.727,3.998,2.0657276995305285
2025-01-16,Bradenton-Sarasota-Venice,3.265,3.725,4.003,0.12266176019626318
2025-01-17,Bradenton-Sarasota-Venice,3.247,3.706,3.992,-0.5513016845329344
2025-01-18,Bradenton-Sarasota-Venice,3.222,3.686,3.967,-0.7699414844471786
2025-01-19,Bradenton-Sarasota-Venice,3.206,3.675,3.954,-0.4965859714463061
2025-01-20,Bradenton-Sarasota-Venice,3.181,3.64,3.922,-0.7797878976918304
2025-01-21,Bradenton-Sarasota-Venice,3.155,3.614,3.905,-0.8173530336372248
2025-01-23,Bradenton-Sarasota-Venice,3.086,3.534,3.838,-2.187004754358157
2025-01-24,Bradenton-Sarasota-Venice,3.197,3.67,3.958,3.596889176928064
2025-01-26,Bradenton-Sarasota-Venice,3.234,3.68,3.974,1.1573350015639638
2025-01-27,Bradenton-Sarasota-Venice,3.213,3.657,3.951,-0.649350649350644
2025-01-28,Bradenton-Sarasota-Venice,3.182,3.623,3.919,-0.9648303765950828
2025-01-30,Bradenton-Sarasota-Venice,3.1,3.542,3.845,-2.5769956002514083
2025-02-01,Bradenton-Sarasota-Venice,3.026,3.477,3.788,-2.3870967741935534
2025-02-02,Bradenton-Sarasota-Venice,3.005,3.457,3.764,-0.6939854593522754
2025-02-03,Bradenton-Sarasota-Venice,2.994,3.432,3.739,-0.3660565723793585
2025-02-04,Bradenton-Sarasota-Venice,3.155,3.651,3.953,5.377421509686031
2025-02-06,Bradenton-Sarasota-Venice,3.251,3.73,4.011,3.042789223454845
2025-02-07,Bradenton-Sarasota-Venice,3.251,3.73,4.011,0.0
2025-02-09,Bradenton-Sarasota-Venice,3.179,3.64,3.925,-2.214703168255927
2025-02-10,Bradenton-Sarasota-Venice,3.163,3.611,3.897,-0.5033029254482568
2025-02-11,Bradenton-Sarasota-Venice,3.123,3.569,3.871,-1.2646221941194913
2025-02-12,Bradenton-Sarasota-Venice,3.087,3.542,3.845,-1.1527377521613813
2025-02-13,Bradenton-Sarasota-Venice,3.055,3.514,3.807,-1.0366051182377767
2025-02-15,Bradenton-Sarasota-Venice,2.991,3.439,3.738,-2.0949263502454962
2025-02-16,Bradenton-Sarasota-Venice,2.981,3.427,3.727,-0.33433634236041954
2025-02-17,Bradenton-Sarasota-Venice,2.965,3.4,3.707,-0.536732640053672
2025-02-18,Bradenton-Sarasota-Venice,3.118,3.601,3.885,5.160202360876909
2025-02-19,Bradenton-Sarasota-Venice,3.17,3.631,3.922,1.6677357280307836
2025-02-20,Bradenton-Sarasota-Venice,3.166,3.626,3.925,-0.12618296529968154
2025-02-21,Bradenton-Sarasota-Venice,3.141,3.604,3.894,-0.7896399241945629
2025-02-22,Bradenton-Sarasota-Venice,3.102,3.567,3.866,-1.241642788920727
2025-02-23,Bradenton-Sarasota-Venice,3.076,3.522,3.837,-0.8381689232752954
2025-02-25,Bradenton-Sarasota-Venice,3.125,3.599,3.89,1.5929778933680083
2025-02-26,Bradenton-Sarasota-Venice,3.161,3.631,3.914,1.1519999999999975
2025-02-27,Bradenton-Sarasota-Venice,3.149,3.614,3.916,-0.3796267004112619
2025-02-28,Bradenton-Sarasota-Venice,3.116,3.579,3.882,-1.0479517307081632
2025-03-01,Bradenton-Sarasota-Venice,3.08,3.542,3.841,-1.1553273427471145
2025-03-02,Bradenton-Sarasota-Venice,3.062,3.512,3.81,-0.5844155844155874
2025-03-03,Bradenton-Sarasota-Venice,3.039,3.476,3.783,-0.7511430437622368
2025-03-04,Bradenton-Sarasota-Venice,2.999,3.437,3.755,-1.3162224415926294
2025-03-06,Bradenton-Sarasota-Venice,3.162,3.623,3.912,5.435145048349432
2025-03-07,Bradenton-Sarasota-Venice,3.153,3.616,3.913,-0.2846299810246644
2025-03-08,Bradenton-Sarasota-Venice,3.113,3.576,3.877,-1.2686330478908991
2025-03-09,Bradenton-Sarasota-Venice,3.086,3.545,3.851,-0.867330549309353
2025-03-10,Bradenton-Sarasota-Venice,3.069,3.522,3.811,-0.550874918988975
2025-03-11,Bradenton-Sarasota-Venice,3.031,3.483,3.78,-1.23818833496252
2025-03-12,Bradenton-Sarasota-Venice,2.995,3.456,3.757,-1.187726822830748
2025-03-13,Bradenton-Sarasota-Venice,2.957,3.406,3.716,-1.2687813021702965
2025-03-14,Bradenton-Sarasota-Venice,3.114,3.594,3.874,5.309435238417315
2025-03-15,Bradenton-Sarasota-Venice,3.147,3.607,3.898,1.0597302504816941
2025-03-16,Bradenton-Sarasota-Venice,3.128,3.588,3.888,-0.6037496027962996
2025-03-17,Bradenton-Sarasota-Venice,3.109,3.55,3.865,-0.6074168797953972
2025-03-18,Bradenton-Sarasota-Venice,3.07,3.521,3.831,-1.2544226439369588
2025-03-19,Bradenton-Sarasota-Venice,3.017,3.468,3.779,-1.7263843648208432
2025-03-20,Bradenton-Sarasota-Venice,2.979,3.416,3.736,-1.2595293337752667
2025-03-21,Bradenton-Sarasota-Venice,2.947,3.386,3.704,-1.0741859684457844
2025-03-22,Bradenton-Sarasota-Venice,2.933,3.37,3.682,-0.47505938242281553
2025-03-24,Bradenton-Sarasota-Venice,2.915,3.343,3.647,-0.6137061029662383
2025-03-25,Bradenton-Sarasota-Venice,3.102,3.576,3.872,6.41509433962264
2025-03-26,Bradenton-Sarasota-Venice,3.152,3.62,3.925,1.611863313990991
2025-03-27,Bradenton-Sarasota-Venice,3.165,3.63,3.926,0.4124365482233383
2025-03-28,Bradenton-Sarasota-Venice,3.148,3.609,3.911,-0.5371248025276443
2025-03-29,Bradenton-Sarasota-Venice,3.108,3.558,3.868,-1.270648030495558
2025-03-30,Bradenton-Sarasota-Venice,3.083,3.526,3.836,-0.8043758043758009
2025-03-31,Bradenton-Sarasota-Venice,3.063,3.498,3.8,-0.6487187804086969
2025-04-02,Bradenton-Sarasota-Venice,3.206,3.679,3.964,4.6686255305256275
2025-04-03,Bradenton-Sarasota-Venice,3.261,3.728,4.009,1.7155333749220292
2025-04-04,Bradenton-Sarasota-Venice,3.244,3.704,4.004,-0.5213124808341019
2025-04-05,Bradenton-Sarasota-Venice,3.212,3.672,3.963,-0.9864364981504337
2025-04-06,Bradenton-Sarasota-Venice,3.195,3.651,3.944,-0.5292652552926658
2025-04-07,Bradenton-Sarasota-Venice,3.181,3.638,3.929,-0.438184663536767
2025-04-08,Bradenton-Sarasota-Venice,3.223,3.689,3.985,1.3203395158755127
2025-04-09,Bradenton-Sarasota-Venice,3.231,3.696,3.989,0.24821594787465262
2025-04-10,Bradenton-Sarasota-Venice,3.204,3.662,3.959,-0.8356545961002659
2025-04-11,Bradenton-Sarasota-Venice,3.17,3.63,3.915,-1.061173533083648
2025-04-12,Bradenton-Sarasota-Venice,3.143,3.601,3.901,-0.8517350157728698
2025-04-13,Bradenton-Sarasota-Venice,3.121,3.568,3.865,-0.6999681832643878
2025-04-14,Bradenton-Sarasota-Venice,3.102,3.542,3.833,-0.6087792374239065
2025-04-15,Bradenton-Sarasota-Venice,3.065,3.527,3.82,-1.1927788523533156
2025-04-16,Bradenton-Sarasota-Venice,3.027,3.492,3.788,-1.2398042414355603
2025-04-17,Bradenton-Sarasota-Venice,3.007,3.455,3.756,-0.6607201850016509
2025-04-18,Bradenton-Sarasota-Venice,3.009,3.474,3.777,0.06651147322911388
2025-04-19,Bradenton-Sarasota-Venice,2.989,3.459,3.758,-0.6646726487205101
2025-04-20,Bradenton-Sarasota-Venice,2.977,3.438,3.745,-0.4014720642355307
2025-04-21,Bradenton-Sarasota-Venice,2.959,3.417,3.715,-0.6046355391333469
2025-04-22,Bradenton-Sarasota-Venice,3.095,3.592,3.875,4.596147347076718
2025-04-23,Bradenton-Sarasota-Venice,3.148,3.625,3.903,1.712439418416789
2025-04-24,Bradenton-Sarasota-Venice,3.141,3.606,3.898,-0.22236340533672294
2025-04-25,Bradenton-Sarasota-Venice,3.101,3.567,3.855,-1.2734797835084355
2025-04-26,Bradenton-Sarasota-Venice,3.054,3.515,3.798,-1.5156401160915878
2025-04-27,Bradenton-Sarasota-Venice,3.028,3.487,3.772,-0.8513425016371867
2025-04-28,Bradenton-Sarasota-Venice,3.006,3.452,3.751,-0.7265521796565477
2025-04-29,Bradenton-Sarasota-Venice,3.037,3.511,3.808,1.0312707917498276
2025-04-30,Bradenton-Sarasota-Venice,3.174,3.658,3.941,4.511030622324652
2025-05-01,Bradenton-Sarasota-Venice,3.216,3.68,3.972,1.3232514177693888
2025-05-02,Bradenton-Sarasota-Venice,3.178,3.64,3.934,-1.181592039801005
2025-05-03,Bradenton-Sarasota-Venice,3.13,3.592,3.901,-1.5103838892385202
2025-05-04,Bradenton-Sarasota-Venice,3.096,3.554,3.861,-1.0862619808306606
2025-05-05,Bradenton-Sarasota-Venice,3.066,3.515,3.806,-0.9689922480620283
2025-05-06,Bradenton-Sarasota-Venice,3.02,3.459,3.765,-1.5003261578603988
2025-05-07,Bradenton-Sarasota-Venice,2.983,3.422,3.729,-1.2251655629139102
2025-05-08,Bradenton-Sarasota-Venice,2.94,3.387,3.694,-1.4415018437814342
2025-05-09,Bradenton-Sarasota-Venice,2.905,3.351,3.674,-1.1904761904761973
2025-05-10,Bradenton-Sarasota-Venice,2.878,3.323,3.642,-0.929432013769349
2025-05-11,Bradenton-Sarasota-Venice,2.862,3.308,3.614,-0.5559416261292527
2025-05-12,Bradenton-Sarasota-Venice,2.843,3.281,3.593,-0.663871418588402
2025-05-13,Bradenton-Sarasota-Venice,3.044,3.524,3.818,7.069996482588814
2025-05-14,Bradenton-Sarasota-Venice,3.144,3.611,3.895,3.285151116951379
2025-05-15,Bradenton-Sarasota-Venice,3.141,3.614,3.889,-0.0954198473282486
2025-05-16,Bradenton-Sarasota-Venice,3.101,3.556,3.85,-1.2734797835084355
2025-05-17,Bradenton-Sarasota-Venice,3.063,3.518,3.816,-1.2254111576910587
2025-05-18,Bradenton-Sarasota-Venice,3.024,3.473,3.766,-1.2732615083251742
2025-05-19,Bradenton-Sarasota-Venice,2.999,3.434,3.737,-0.8267195767195701
2025-05-20,Bradenton-Sarasota-Venice,2.965,3.4,3.701,-1.133711237079038
2025-05-21,Bradenton-Sarasota-Venice,3.113,3.577,3.874,4.991568296795967
2025-05-22,Bradenton-Sarasota-Venice,3.165,3.61,3.904,1.6704143912624536
2025-05-23,Bradenton-Sarasota-Venice,3.147,3.615,3.908,-0.5687203791469253
2025-05-24,Bradenton-Sarasota-Venice,3.111,3.577,3.863,-1.143946615824587
2025-05-25,Bradenton-Sarasota-Venice,3.083,3.54,3.834,-0.9000321440051473
2025-05-26,Bradenton-Sarasota-Venice,3.059,3.492,3.801,-0.7784625364904318
2025-05-27,Bradenton-Sarasota-Venice,3.039,3.477,3.784,-0.6538084341287997
2025-05-28,Bradenton-Sarasota-Venice,3.004,3.446,3.763,-1.151694636393552
2025-05-29,Bradenton-Sarasota-Venice,3.12,3.588,3.894,3.8615179760319585
2025-05-30,Bradenton-Sarasota-Venice,3.161,3.608,3.915,1.3141025641025594
2025-05-31,Bradenton-Sarasota-Venice,3.133,3.596,3.886,-0.8857956342929407
2025-06-01,Bradenton-Sarasota-Venice,3.107,3.575,3.864,-0.8298755186721962
2025-06-02,Bradenton-Sarasota-Venice,3.09,3.543,3.838,-0.547151593176709
2025-06-03,Bradenton-Sarasota-Venice,3.048,3.484,3.8,-1.3592233009708687
2025-06-04,Bradenton-Sarasota-Venice,3.007,3.458,3.769,-1.3451443569553745
2025-06-05,Bradenton-Sarasota-Venice,3.105,3.579,3.882,3.2590621882274684
2025-06-07,Bradenton-Sarasota-Venice,3.131,3.593,3.9,0.8373590982286627
2025-06-08,Bradenton-Sarasota-Venice,3.1,3.561,3.86,-0.9900990099009799
2025-06-09,Bradenton-Sarasota-Venice,3.073,3.519,3.823,-0.8709677419354911
2025-06-10,Bradenton-Sarasota-Venice,3.036,3.491,3.8,-1.2040351448096343
2025-06-11,Bradenton-Sarasota-Venice,2.991,3.446,3.761,-1.4822134387351804
2025-06-13,Bradenton-Sarasota-Venice,2.918,3.379,3.68,-2.4406552992310204
2025-06-14,Bradenton-Sarasota-Venice,2.91,3.351,3.665,-0.2741603838245399
2025-06-15,Bradenton-Sarasota-Venice,2.903,3.345,3.654,-0.2405498281786933
2025-06-16,Bradenton-Sarasota-Venice,2.896,3.317,3.634,-0.24112986565621997
2025-06-17,Bradenton-Sarasota-Venice,3.102,3.6,3.901,7.113259668508287
2025-06-18,Bradenton-Sarasota-Venice,3.156,3.627,3.915,1.740812379110257
2025-06-19,Bradenton-Sarasota-Venice,3.17,3.634,3.922,0.44359949302914536
2025-06-20,Bradenton-Sarasota-Venice,3.146,3.607,3.909,-0.7570977917981114
2025-06-21,Bradenton-Sarasota-Venice,3.116,3.589,3.888,-0.9535918626827677
2025-06-22,Bradenton-Sarasota-Venice,3.097,3.557,3.86,-0.6097560975609762
2025-06-23,Bradenton-Sarasota-Venice,3.083,3.53,3.833,-0.45205037132708403
2025-06-24,Bradenton-Sarasota-Venice,3.053,3.503,3.805,-0.9730781706130509
2025-06-25,Bradenton-Sarasota-Venice,3.03,3.477,3.796,-0.7533573534228677
2025-06-26,Bradenton-Sarasota-Venice,2.991,3.444,3.758,-1.2871287128712772
2025-06-27,Bradenton-Sarasota-Venice,2.948,3.402,3.719,-1.437646272149784
2025-06-28,Bradenton-Sarasota-Venice,2.914,3.38,3.683,-1.153324287652635
2025-06-29,Bradenton-Sarasota-Venice,2.889,3.357,3.662,-0.8579272477693967
2025-06-30,Bradenton-Sarasota-Venice,2.884,3.319,3.641,-0.173070266528208
2025-07-01,Bradenton-Sarasota-Venice,3.089,3.564,3.869,7.108183079056873
2025-07-02,Bradenton-Sarasota-Venice,3.144,3.611,3.928,1.780511492392356
2025-07-03,Bradenton-Sarasota-Venice,3.132,3.593,3.9,-0.3816793893129722
2025-07-04,Bradenton-Sarasota-Venice,3.096,3.564,3.863,-1.1494252873563204
2025-07-05,Bradenton-Sarasota-Venice,3.075,3.537,3.839,-0.6782945736434121
2025-07-06,Bradenton-Sarasota-Venice,3.054,3.501,3.803,-0.6829268292683044
2025-07-07,Bradenton-Sarasota-Venice,3.034,3.486,3.781,-0.6548788474132317
2025-07-08,Bradenton-Sarasota-Venice,3.003,3.45,3.75,-1.0217534607778411
2025-07-09,Bradenton-Sarasota-Venice,2.972,3.422,3.723,-1.0323010323010418
2025-07-10,Bradenton-Sarasota-Venice,2.947,3.397,3.713,-0.841184387617766
2025-07-11,Bradenton-Sarasota-Venice,2.923,3.385,3.689,-0.8143875127248013
2025-07-12,Bradenton-Sarasota-Venice,2.905,3.366,3.68,-0.6158056790968258
2025-07-13,Bradenton-Sarasota-Venice,2.896,3.336,3.659,-0.3098106712564497
2025-07-14,Bradenton-Sarasota-Venice,2.884,3.312,3.635,-0.4143646408839796
2025-07-15,Bradenton-Sarasota-Venice,2.902,3.324,3.631,0.6241331484049928
2025-07-16,Bradenton-Sarasota-Venice,3.086,3.588,3.894,6.340454858718125
2025-07-17,Bradenton-Sarasota-Venice,3.134,3.61,3.917,1.555411535968898
2025-07-18,Bradenton-Sarasota-Venice,3.135,3.601,3.91,0.03190810465858451
2025-07-19,Bradenton-Sarasota-Venice,3.1,3.569,3.871,-1.1164274322168932
2025-07-20,Bradenton-Sarasota-Venice,3.075,3.532,3.833,-0.8064516129032251
2025-07-21,Bradenton-Sarasota-Venice,3.047,3.498,3.805,-0.9105691056910614
2025-07-22,Bradenton-Sarasota-Venice,3.005,3.461,3.776,-1.3784049885133043
2025-07-23,Bradenton-Sarasota-Venice,2.975,3.426,3.738,-0.9983361064891727
2025-07-24,Bradenton-Sarasota-Venice,3.115,3.595,3.885,4.705882352941182
2025-07-25,Bradenton-Sarasota-Venice,3.158,3.627,3.915,1.380417335473516
2025-07-26,Bradenton-Sarasota-Venice,3.129,3.611,3.892,-0.9183027232425589
2025-07-27,Bradenton-Sarasota-Venice,3.101,3.568,3.862,-0.8948545861297563
2025-07-28,Bradenton-Sarasota-Venice,3.077,3.538,3.835,-0.7739438890680406
2025-07-29,Bradenton-Sarasota-Venice,3.033,3.492,3.798,-1.4299642508937338
2025-07-30,Bradenton-Sarasota-Venice,2.984,3.451,3.758,-1.6155621496867778
2025-07-31,Bradenton-Sarasota-Venice,2.951,3.407,3.711,-1.1058981233243892
2025-08-01,Bradenton-Sarasota-Venice,2.928,3.382,3.686,-0.7793968146391106
2025-08-02,Bradenton-Sarasota-Venice,2.899,3.36,3.677,-0.9904371584699478
2025-08-03,Bradenton-Sarasota-Venice,2.887,3.333,3.651,-0.4139358399448123
2025-08-04,Bradenton-Sarasota-Venice,2.87,3.3,3.62,-0.5888465535157539
2025-08-05,Bradenton-Sarasota-Venice,3.09,3.599,3.879,7.665505226480818
2025-08-06,Bradenton-Sarasota-Venice,3.142,3.614,3.904,1.6828478964401317
2025-08-07,Bradenton-Sarasota-Venice,3.12,3.589,3.878,-0.7001909611712209
2025-08-08,Bradenton-Sarasota-Venice,3.081,3.561,3.834,-1.2500000000000067
2025-08-09,Bradenton-Sarasota-Venice,3.031,3.509,3.799,-1.6228497241155382
2025-08-10,Bradenton-Sarasota-Venice,3.006,3.468,3.768,-0.8248102936324719
2025-08-11,Bradenton-Sarasota-Venice,2.983,3.429,3.717,-0.7651363938788958
2025-08-12,Bradenton-Sarasota-Venice,2.939,3.396,3.704,-1.475025142474018
2025-08-13,Bradenton-Sarasota-Venice,3.102,3.59,3.886,5.546104117046613
2025-08-14,Bradenton-Sarasota-Venice,3.157,3.623,3.911,1.773049645390068
2025-08-15,Bradenton-Sarasota-Venice,3.152,3.616,3.915,-0.15837820715869366
2025-08-16,Bradenton-Sarasota-Venice,3.109,3.579,3.87,-1.3642131979695438
2025-08-17,Bradenton-Sarasota-Venice,3.082,3.544,3.845,-0.8684464458025176
2025-08-18,Bradenton-Sarasota-Venice,3.05,3.5,3.805,-1.0382868267358902
2025-08-19,Bradenton-Sarasota-Venice,3.001,3.466,3.759,-1.6065573770491781
2025-08-20,Bradenton-Sarasota-Venice,2.961,3.425,3.727,-1.3328890369876722
2025-08-21,Bradenton-Sarasota-Venice,2.926,3.386,3.678,-1.1820330969267046
2025-08-22,Bradenton-Sarasota-Venice,2.895,3.34,3.661,-1.0594668489405379
2025-08-23,Bradenton-Sarasota-Venice,2.869,3.317,3.642,-0.898100172711569
2025-08-24,Bradenton-Sarasota-Venice,2.857,3.302,3.621,-0.41826420355524085
2025-08-25,Bradenton-Sarasota-Venice,2.847,3.273,3.595,-0.350017500875055
2025-08-26,Bradenton-Sarasota-Venice,3.086,3.555,3.855,8.394801545486462
2025-08-27,Bradenton-Sarasota-Venice,3.15,3.61,3.911,2.0738820479585307
2025-08-28,Bradenton-Sarasota-Venice,3.141,3.608,3.896,-0.28571428571427804
2025-08-29,Bradenton-Sarasota-Venice,3.102,3.573,3.857,-1.241642788920727
2025-08-30,Bradenton-Sarasota-Venice,3.066,3.534,3.822,-1.1605415860735047
2025-08-31,Bradenton-Sarasota-Venice,3.04,3.502,3.797,-0.8480104370515273
2025-09-01,Bradenton-Sarasota-Venice,3.018,3.469,3.768,-0.7236842105263208
2025-09-02,Bradenton-Sarasota-Venice,2.993,3.44,3.742,-0.8283631544068859
2025-09-03,Bradenton-Sarasota-Venice,3.117,3.599,3.892,4.143000334112945
2025-09-04,Bradenton-Sarasota-Venice,3.162,3.63,3.929,1.4436958614052031
2025-09-05,Bradenton-Sarasota-Venice,3.149,3.618,3.908,-0.4111321948134017
2025-09-06,Bradenton-Sarasota-Venice,3.108,3.562,3.875,-1.302000635122258
2025-09-07,Bradenton-Sarasota-Venice,3.085,3.533,3.844,-0.7400257400257404
2025-09-08,Bradenton-Sarasota-Venice,3.059,3.512,3.801,-0.8427876823338676
2025-09-09,Bradenton-Sarasota-Venice,3.018,3.484,3.776,-1.340307289964049
2025-09-10,Bradenton-Sarasota-Venice,2.977,3.443,3.745,-1.3585155732273035
2025-09-11,Bradenton-Sarasota-Venice,2.94,3.396,3.7,-1.2428619415518982
2025-09-12,Bradenton-Sarasota-Venice,2.912,3.368,3.674,-0.952380952380949
2025-09-13,Bradenton-Sarasota-Venice,2.888,3.34,3.652,-0.8241758241758212
2025-09-14,Bradenton-Sarasota-Venice,2.874,3.318,3.631,-0.4847645429362779
2025-09-15,Bradenton-Sarasota-Venice,2.924,3.391,3.705,1.7397355601948439
2025-09-16,Bradenton-Sarasota-Venice,3.139,3.633,3.937,7.352941176470584
2025-09-17,Bradenton-Sarasota-Venice,3.214,3.687,3.986,2.3892959541255143
2025-09-18,Bradenton-Sarasota-Venice,3.2,3.677,3.975,-0.43559427504666903
2025-09-19,Bradenton-Sarasota-Venice,3.173,3.636,3.938,-0.8437499999999987
2025-09-20,Bradenton-Sarasota-Venice,3.126,3.595,3.895,-1.4812480302552888
2025-09-21,Bradenton-Sarasota-Venice,3.101,3.56,3.859,-0.799744081893794
2025-09-22,Bradenton-Sarasota-Venice,3.071,3.527,3.826,-0.9674298613350452
2025-09-23,Bradenton-Sarasota-Venice,3.022,3.483,3.792,-1.5955714750895633
2025-09-24,Bradenton-Sarasota-Venice,2.977,3.439,3.76,-1.489080079417604
2025-09-25,Bradenton-Sarasota-Venice,2.983,3.45,3.762,0.20154517971111563
2025-09-26,Bradenton-Sarasota-Venice,2.935,3.399,3.699,-1.6091183372443862
2025-09-27,Bradenton-Sarasota-Venice,2.882,3.337,3.652,-1.8057921635434404
2025-09-28,Bradenton-Sarasota-Venice,2.863,3.304,3.622,-0.6592643997224146
2025-09-29,Bradenton-Sarasota-Venice,2.926,3.388,3.7,2.200488997555028
2025-09-30,Bradenton-Sarasota-Venice,3.105,3.613,3.901,6.117566643882433
2025-10-01,Bradenton-Sarasota-Venice,3.144,3.622,3.924,1.2560386473430052
2025-10-02,Bradenton-Sarasota-Venice,3.119,3.587,3.881,-0.7951653944020309
2025-10-03,Bradenton-Sarasota-Venice,3.078,3.547,3.855,-1.3145238858608632
2025-10-04,Bradenton-Sarasota-Venice,3.033,3.499,3.803,-1.4619883040935644
2025-10-05,Bradenton-Sarasota-Venice,3.01,3.473,3.777,-0.7583250906693095
2025-10-06,Bradenton-Sarasota-Venice,2.988,3.442,3.749,-0.7308970099667689
2025-10-07,Bradenton-Sarasota-Venice,2.952,3.403,3.718,-1.2048192771084376
2025-10-08,Bradenton-Sarasota-Venice,2.919,3.38,3.697,-1.1178861788617822
2025-10-09,Bradenton-Sarasota-Venice,2.939,3.409,3.719,0.6851661527920605
2025-10-10,Bradenton-Sarasota-Venice,2.871,3.326,3.641,-2.313712146988778
2025-10-11,Bradenton-Sarasota-Venice,2.851,3.317,3.626,-0.6966213862765636
2025-10-12,Bradenton-Sarasota-Venice,2.845,3.306,3.613,-0.2104524728165469
2025-10-13,Bradenton-Sarasota-Venice,2.838,3.284,3.593,-0.2460456942003586
2025-10-14,Bradenton-Sarasota-Venice,2.945,3.428,3.723,3.7702607470049276
2025-10-15,Bradenton-Sarasota-Venice,2.975,3.45,3.741,1.018675721561979
2025-10-16,Bradenton-Sarasota-Venice,2.95,3.43,3.722,-0.8403361344537785
2025-10-17,Bradenton-Sarasota-Venice,2.919,3.393,3.684,-1.0508474576271243
2025-10-18,Bradenton-Sarasota-Venice,2.881,3.358,3.658,-1.3018156903049083
2025-10-19,Bradenton-Sarasota-Venice,2.853,3.332,3.627,-0.9718847622353199
2025-10-20,Bradenton-Sarasota-Venice,2.832,3.285,3.588,-0.7360672975815108
2025-10-21,Bradenton-Sarasota-Venice,2.798,3.266,3.564,-1.2005649717514055
2025-10-22,Bradenton-Sarasota-Venice,2.932,3.422,3.712,4.789135096497499
2025-10-23,Bradenton-Sarasota-Venice,2.97,3.435,3.738,1.2960436562073685
2025-10-24,Bradenton-Sarasota-Venice,2.95,3.414,3.736,-0.6734006734006703
2025-10-25,Bradenton-Sarasota-Venice,2.918,3.385,3.709,-1.0847457627118695
2025-10-26,Bradenton-Sarasota-Venice,2.899,3.364,3.679,-0.6511309115832753
2025-10-27,Bradenton-Sarasota-Venice,2.89,3.34,3.658,-0.31045187995860646
2025-10-28,Bradenton-Sarasota-Venice,2.852,3.312,3.623,-1.314878892733573
2025-11-01,Bradenton-Sarasota-Venice,2.982,3.446,3.751,4.558204768583463
2025-11-03,Bradenton-Sarasota-Venice,2.973,3.417,3.744,-0.3018108651911544
2025-11-07,Bradenton-Sarasota-Venice,2.854,3.313,3.648,-4.002690884628313
2025-11-08,Bradenton-Sarasota-Venice,2.836,3.301,3.628,-0.6306937631394671
2025-11-09,Bradenton-Sarasota-Venice,2.82,3.276,3.595,-0.5641748942172065
2025-11-11,Bradenton-Sarasota-Venice,2.931,3.413,3.726,3.936170212765955
2025-11-14,Bradenton-Sarasota-Venice,2.929,3.396,3.707,-0.06823609689526888
2025-11-15,Bradenton-Sarasota-Venice,2.905,3.365,3.68,-0.8193922840559975
2025-11-16,Bradenton-Sarasota-Venice,2.898,3.355,3.664,-0.24096385542167198
2025-11-17,Bradenton-Sarasota-Venice,2.893,3.346,3.657,-0.1725327812284405
2025-11-21,Bradenton-Sarasota-Venice,3.153,3.622,3.935,8.987210508123056
2025-11-24,Bradenton-Sarasota-Venice,3.133,3.604,3.892,-0.634316523945444
2025-12-02,Bradenton-Sarasota-Venice,3.0,3.475,3.777,-4.245132460900091
2025-12-04,Bradenton-Sarasota-Venice,3.009,3.5,3.794,0.29999999999998916
2025-12-11,Bradenton-Sarasota-Venice,2.821,3.309,3.608,-6.247922897972735
2025-12-17,Bradenton-Sarasota-Venice,2.906,3.414,3.717,3.0131159163417243
2025-12-22,Bradenton-Sarasota-Venice,2.834,3.294,3.615,-2.4776324845148023
2025-12-23,Bradenton-Sarasota-Venice,2.793,3.27,3.572,-1.4467184191954807
2025-12-26,Bradenton-Sarasota-Venice,2.735,3.208,3.525,-2.0766201217329083
2025-12-27,Bradenton-Sarasota-Venice,2.705,3.157,3.471,-1.0968921389396646
2025-12-29,Bradenton-Sarasota-Venice,2.677,3.12,3.456,-1.0351201478743133
2025-12-30,Bradenton-Sarasota-Venice,2.823,3.302,3.626,5.453866268210672
2022-01-28,Crestview-Fort Walton Beach,3.19,3.528,3.827,
2022-01-28,Crestview-Fort Walton Beach,3.19,3.528,3.827,0.0
2022-03-07,Crestview-Fort Walton Beach,4.045,4.272,4.632,26.802507836990586
2022-03-07,Crestview-Fort Walton Beach,4.045,4.272,4.632,0.0
2022-03-08,Crestview-Fort Walton Beach,4.045,4.272,4.632,0.0
2022-03-08,Crestview-Fort Walton Beach,4.045,4.272,4.632,0.0
2022-03-22,Crestview-Fort Walton Beach,4.059,4.41,4.7,0.346106304079119
2022-03-22,Crestview-Fort Walton Beach,4.059,4.41,4.7,0.0
2022-04-01,Crestview-Fort Walton Beach,4.013,4.396,4.683,-1.1332840601133376
2022-04-01,Crestview-Fort Walton Beach,4.013,4.396,4.683,0.0
2022-04-14,Crestview-Fort Walton Beach,3.792,4.178,4.484,-5.5071019187640236
2022-04-19,Crestview-Fort Walton Beach,3.885,4.217,4.514,2.452531645569622
2022-05-11,Crestview-Fort Walton Beach,4.226,4.551,4.813,8.777348777348791
2022-05-25,Crestview-Fort Walton Beach,4.376,4.706,4.995,3.5494557501183133
2022-05-29,Crestview-Fort Walton Beach,4.361,4.695,5.005,-0.34277879341866324
2022-05-31,Crestview-Fort Walton Beach,4.366,4.704,4.993,0.11465260261407373
2022-06-06,Crestview-Fort Walton Beach,4.592,4.892,5.208,5.176362803481438
2022-06-09,Crestview-Fort Walton Beach,4.67,4.99,5.294,1.6986062717770034
2022-06-25,Crestview-Fort Walton Beach,4.508,4.903,5.228,-3.468950749464661
2022-06-26,Crestview-Fort Walton Beach,4.499,4.902,5.233,-0.19964507542148402
2022-06-27,Crestview-Fort Walton Beach,4.499,4.902,5.233,0.0
2022-06-29,Crestview-Fort Walton Beach,4.468,4.865,5.184,-0.6890420093354055
2022-06-30,Crestview-Fort Walton Beach,4.457,4.842,5.169,-0.24619516562220944
2022-07-02,Crestview-Fort Walton Beach,4.417,4.804,5.131,-0.8974646623289173
2022-07-10,Crestview-Fort Walton Beach,4.25,4.69,5.015,-3.7808467285487812
2022-08-01,Crestview-Fort Walton Beach,3.687,4.123,4.455,-13.24705882352941
2022-09-22,Crestview-Fort Walton Beach,3.185,3.529,3.859,-13.615405478708976
2022-09-23,Crestview-Fort Walton Beach,3.182,3.529,3.901,-0.09419152276295417
2022-09-27,Crestview-Fort Walton Beach,3.174,3.548,3.912,-0.25141420490257804
2022-10-02,Crestview-Fort Walton Beach,3.059,3.438,3.765,-3.6231884057970953
2022-10-03,Crestview-Fort Walton Beach,3.022,3.409,3.73,-1.2095456031382956
2022-10-04,Crestview-Fort Walton Beach,2.948,3.351,3.719,-2.4487094639311646
2022-11-05,Crestview-Fort Walton Beach,3.284,3.59,3.942,11.397557666214375
2022-11-10,Crestview-Fort Walton Beach,3.317,3.671,3.995,1.0048721071863609
2022-11-21,Crestview-Fort Walton Beach,3.194,3.554,3.89,-3.7081700331625056
2022-11-26,Crestview-Fort Walton Beach,3.133,3.477,3.817,-1.909830932999368
2022-11-28,Crestview-Fort Walton Beach,3.114,3.482,3.772,-0.6064474944143083
2022-11-30,Crestview-Fort Walton Beach,3.098,3.449,3.769,-0.5138086062941527
2022-12-01,Crestview-Fort Walton Beach,3.084,3.44,3.772,-0.4519044544867623
2022-12-05,Crestview-Fort Walton Beach,2.997,3.374,3.686,-2.821011673151752
2022-12-07,Crestview-Fort Walton Beach,2.985,3.36,3.675,-0.4004004004004025
2022-12-08,Crestview-Fort Walton Beach,2.948,3.319,3.638,-1.2395309882747063
2022-12-10,Crestview-Fort Walton Beach,2.934,3.298,3.594,-0.47489823609225823
2023-01-19,Crestview-Fort Walton Beach,3.167,3.486,3.836,7.941376959781854
2023-03-23,Crestview-Fort Walton Beach,3.138,3.521,3.837,-0.9156930849384293
2023-03-27,Crestview-Fort Walton Beach,3.182,3.528,3.845,1.4021669853409913
2023-03-30,Crestview-Fort Walton Beach,3.195,3.554,3.874,0.40854808296668654
2023-04-02,Crestview-Fort Walton Beach,3.213,3.548,3.904,0.5633802816901401
2023-04-03,Crestview-Fort Walton Beach,3.21,3.544,3.901,-0.09337068160597539
2023-05-15,Crestview-Fort Walton Beach,3.163,3.548,3.878,-1.4641744548286706
2023-05-16,Crestview-Fort Walton Beach,3.166,3.563,3.871,0.0948466645589674
2023-05-17,Crestview-Fort Walton Beach,3.162,3.54,3.894,-0.12634238787112562
2023-05-18,Crestview-Fort Walton Beach,3.155,3.533,3.852,-0.22137887413029578
2023-05-22,Crestview-Fort Walton Beach,3.156,3.542,3.844,0.0316957210776625
2023-05-24,Crestview-Fort Walton Beach,3.192,3.573,3.91,1.1406844106463865
2023-05-25,Crestview-Fort Walton Beach,3.203,3.579,3.933,0.3446115288220364
2023-05-26,Crestview-Fort Walton Beach,3.216,3.554,3.918,0.4058694973462451
2023-05-30,Crestview-Fort Walton Beach,3.201,3.551,3.9,-0.4664179104477695
2023-05-31,Crestview-Fort Walton Beach,3.201,3.551,3.924,0.0
2023-06-01,Crestview-Fort Walton Beach,3.201,3.581,3.913,0.0
2023-06-06,Crestview-Fort Walton Beach,3.16,3.525,3.876,-1.2808497344579783
2023-06-07,Crestview-Fort Walton Beach,3.154,3.525,3.866,-0.1898734177215311
2023-06-09,Crestview-Fort Walton Beach,3.161,3.532,3.872,0.221940393151554
2023-06-10,Crestview-Fort Walton Beach,3.161,3.532,3.872,0.0
2023-06-13,Crestview-Fort Walton Beach,3.188,3.582,3.896,0.8541600759253365
2023-06-14,Crestview-Fort Walton Beach,3.189,3.604,3.87,0.0313676286072706
2023-06-16,Crestview-Fort Walton Beach,3.177,3.548,3.893,-0.37629350893697566
2023-06-23,Crestview-Fort Walton Beach,3.277,3.627,3.987,3.1476235442241096
2023-07-04,Crestview-Fort Walton Beach,3.205,3.573,3.918,-2.197131522734208
2023-11-11,Crestview-Fort Walton Beach,2.967,3.359,3.756,-7.425897035881435
2023-11-29,Crestview-Fort Walton Beach,2.936,3.276,3.647,-1.0448264239973137
2024-01-18,Crestview-Fort Walton Beach,2.808,3.204,3.541,-4.35967302452317
2024-02-21,Crestview-Fort Walton Beach,3.082,3.483,3.84,9.757834757834761
2024-02-26,Crestview-Fort Walton Beach,3.068,3.44,3.792,-0.4542504866969388
2024-02-27,Crestview-Fort Walton Beach,3.077,3.448,3.792,0.2933507170795213
2024-02-28,Crestview-Fort Walton Beach,3.101,3.491,3.821,0.7799805004874871
2024-03-01,Crestview-Fort Walton Beach,3.137,3.561,3.9,1.160915833602072
2024-03-02,Crestview-Fort Walton Beach,3.129,3.54,3.896,-0.25502072043354085
2024-03-04,Crestview-Fort Walton Beach,3.126,3.53,3.851,-0.09587727708533222
2024-03-05,Crestview-Fort Walton Beach,3.161,3.528,3.888,1.1196417146513093
2024-04-11,Crestview-Fort Walton Beach,3.32,3.726,4.069,5.0300537804492285
2024-04-22,Crestview-Fort Walton Beach,3.288,3.659,3.96,-0.9638554216867434
2024-04-23,Crestview-Fort Walton Beach,3.288,3.659,3.96,0.0
2024-05-06,Crestview-Fort Walton Beach,3.339,3.75,4.102,1.5510948905109512
2024-05-19,Crestview-Fort Walton Beach,3.192,3.598,3.921,-4.402515723270439
2024-05-24,Crestview-Fort Walton Beach,3.244,3.644,3.999,1.6290726817042689
2024-05-31,Crestview-Fort Walton Beach,3.178,3.571,3.947,-2.034525277435273
2024-06-03,Crestview-Fort Walton Beach,3.146,3.538,3.939,-1.0069225928256764
2024-06-12,Crestview-Fort Walton Beach,3.062,3.476,3.833,-2.6700572155117674
2024-06-16,Crestview-Fort Walton Beach,3.051,3.451,3.803,-0.3592423252775867
2024-06-20,Crestview-Fort Walton Beach,3.109,3.493,3.829,1.9010160603080806
2024-06-21,Crestview-Fort Walton Beach,3.109,3.493,3.829,0.0
2024-06-23,Crestview-Fort Walton Beach,3.111,3.506,3.866,0.06432936635574205
2024-06-29,Crestview-Fort Walton Beach,3.161,3.541,3.907,1.6072002571520416
2024-07-04,Crestview-Fort Walton Beach,3.198,3.584,3.968,1.1705156596013788
2024-07-09,Crestview-Fort Walton Beach,3.201,3.589,3.935,0.09380863039401
2024-07-10,Crestview-Fort Walton Beach,3.201,3.589,3.935,0.0
2024-07-12,Crestview-Fort Walton Beach,3.196,3.597,3.946,-0.15620118712902364
2024-07-18,Crestview-Fort Walton Beach,3.164,3.584,3.937,-1.0012515644555742
2024-07-22,Crestview-Fort Walton Beach,3.15,3.505,3.9,-0.4424778761062065
2024-07-24,Crestview-Fort Walton Beach,3.132,3.531,3.91,-0.5714285714285672
2024-07-25,Crestview-Fort Walton Beach,3.132,3.531,3.91,0.0
2024-08-01,Crestview-Fort Walton Beach,3.113,3.533,3.871,-0.606641123882512
2024-08-11,Crestview-Fort Walton Beach,3.084,3.484,3.827,-0.9315772566655944
2024-08-16,Crestview-Fort Walton Beach,3.152,3.537,3.912,2.204928664072625
2024-08-17,Crestview-Fort Walton Beach,3.152,3.537,3.912,0.0
2024-08-18,Crestview-Fort Walton Beach,3.128,3.529,3.868,-0.761421319796951
2024-08-19,Crestview-Fort Walton Beach,3.126,3.501,3.833,-0.06393861892584063
2024-08-20,Crestview-Fort Walton Beach,3.126,3.501,3.833,0.0
2024-09-07,Crestview-Fort Walton Beach,2.906,3.34,3.648,-7.037747920665383
2024-09-09,Crestview-Fort Walton Beach,2.871,3.246,3.589,-1.2044046799724706
2024-09-16,Crestview-Fort Walton Beach,2.777,3.176,3.535,-3.274120515499823
2024-09-19,Crestview-Fort Walton Beach,2.802,3.211,3.505,0.9002520705797545
2024-09-21,Crestview-Fort Walton Beach,2.834,3.21,3.579,1.142041399000715
2024-09-23,Crestview-Fort Walton Beach,2.834,3.21,3.579,0.0
2024-09-24,Crestview-Fort Walton Beach,2.867,3.288,3.602,1.1644318983768498
2024-09-25,Crestview-Fort Walton Beach,2.867,3.288,3.602,0.0
2024-09-26,Crestview-Fort Walton Beach,2.897,3.32,3.642,1.0463899546564237
2024-09-27,Crestview-Fort Walton Beach,2.904,3.311,3.608,0.24162927166033743
2024-10-01,Crestview-Fort Walton Beach,2.86,3.255,3.568,-1.5151515151515138
2024-10-02,Crestview-Fort Walton Beach,2.848,3.237,3.585,-0.41958041958042314
2024-10-04,Crestview-Fort Walton Beach,2.82,3.239,3.576,-0.98314606741573
2024-10-06,Crestview-Fort Walton Beach,2.823,3.201,3.577,0.10638297872340718
2024-10-09,Crestview-Fort Walton Beach,2.896,3.283,3.662,2.585901523202261
2024-10-13,Crestview-Fort Walton Beach,2.894,3.27,3.622,-0.06906077348065587
2024-10-21,Crestview-Fort Walton Beach,2.849,3.23,3.566,-1.5549412577747002
2024-11-01,Crestview-Fort Walton Beach,2.807,3.189,3.561,-1.4742014742014864
2024-11-02,Crestview-Fort Walton Beach,2.807,3.189,3.561,0.0
2024-11-04,Crestview-Fort Walton Beach,2.779,3.188,3.445,-0.9975062344139696
2024-11-05,Crestview-Fort Walton Beach,2.774,3.186,3.49,-0.17992083483266974
2024-11-06,Crestview-Fort Walton Beach,2.789,3.208,3.542,0.54073540014421
2024-11-07,Crestview-Fort Walton Beach,2.8,3.207,3.528,0.39440659734670813
2024-11-08,Crestview-Fort Walton Beach,2.808,3.187,3.557,0.28571428571428914
2024-11-10,Crestview-Fort Walton Beach,2.811,3.205,3.533,0.10683760683760646
2024-11-11,Crestview-Fort Walton Beach,2.811,3.178,3.523,0.0
2024-11-12,Crestview-Fort Walton Beach,2.8,3.187,3.549,-0.3913198150124586
2024-11-13,Crestview-Fort Walton Beach,2.792,3.166,3.54,-0.28571428571428914
2024-11-14,Crestview-Fort Walton Beach,2.777,3.168,3.551,-0.5372492836676068
2024-11-15,Crestview-Fort Walton Beach,2.768,3.168,3.507,-0.32409074540872274
2024-11-16,Crestview-Fort Walton Beach,2.763,3.148,3.502,-0.18063583815028927
2024-11-17,Crestview-Fort Walton Beach,2.756,3.134,3.487,-0.2533478103510678
2024-11-18,Crestview-Fort Walton Beach,2.753,3.124,3.432,-0.10885341074019506
2024-11-19,Crestview-Fort Walton Beach,2.737,3.113,3.448,-0.5811841627315628
2024-11-20,Crestview-Fort Walton Beach,2.732,3.123,3.461,-0.1826817683595161
2024-11-21,Crestview-Fort Walton Beach,2.731,3.14,3.449,-0.036603221083464366
2024-11-22,Crestview-Fort Walton Beach,2.753,3.171,3.464,0.8055657268399852
2024-11-24,Crestview-Fort Walton Beach,2.747,3.117,3.501,-0.21794406102434438
2024-11-25,Crestview-Fort Walton Beach,2.744,3.133,3.414,-0.10921004732433737
2024-11-26,Crestview-Fort Walton Beach,2.74,3.125,3.449,-0.1457725947521915
2024-11-27,Crestview-Fort Walton Beach,2.731,3.127,3.502,-0.3284671532846839
2024-11-28,Crestview-Fort Walton Beach,2.729,3.12,3.486,-0.073233247894533
2024-12-01,Crestview-Fort Walton Beach,2.718,3.108,3.471,-0.4030780505679732
2024-12-02,Crestview-Fort Walton Beach,2.707,3.103,3.452,-0.40470934510670187
2024-12-03,Crestview-Fort Walton Beach,2.738,3.16,3.503,1.1451791651274634
2024-12-05,Crestview-Fort Walton Beach,2.768,3.177,3.524,1.095690284879458
2024-12-06,Crestview-Fort Walton Beach,2.771,3.197,3.506,0.10838150289018689
2024-12-07,Crestview-Fort Walton Beach,2.767,3.179,3.506,-0.1443522194153779
2024-12-08,Crestview-Fort Walton Beach,2.752,3.164,3.479,-0.5421033610408466
2024-12-09,Crestview-Fort Walton Beach,2.747,3.158,3.475,-0.1816860465116199
2024-12-10,Crestview-Fort Walton Beach,2.742,3.142,3.439,-0.18201674554058078
2024-12-11,Crestview-Fort Walton Beach,2.736,3.162,3.438,-0.2188183807439792
2024-12-12,Crestview-Fort Walton Beach,2.73,3.17,3.439,-0.21929824561404132
2024-12-13,Crestview-Fort Walton Beach,2.725,3.143,3.446,-0.1831501831501825
2024-12-16,Crestview-Fort Walton Beach,2.72,3.142,3.372,-0.18348623853210455
2024-12-17,Crestview-Fort Walton Beach,2.729,3.118,3.418,0.3308823529411642
2024-12-18,Crestview-Fort Walton Beach,2.737,3.141,3.479,0.2931476731403482
2024-12-19,Crestview-Fort Walton Beach,2.751,3.142,3.477,0.5115089514066362
2024-12-20,Crestview-Fort Walton Beach,2.754,3.136,3.529,0.10905125408942062
2024-12-23,Crestview-Fort Walton Beach,2.745,3.148,3.487,-0.32679738562091387
2024-12-24,Crestview-Fort Walton Beach,2.743,3.131,3.452,-0.0728597449909052
2024-12-27,Crestview-Fort Walton Beach,2.728,3.107,3.438,-0.5468465184104931
2024-12-28,Crestview-Fort Walton Beach,2.735,3.118,3.472,0.2565982404691969
2024-12-29,Crestview-Fort Walton Beach,2.737,3.122,3.434,0.0731261425959806
2024-12-30,Crestview-Fort Walton Beach,2.738,3.108,3.418,0.0365363536718899
2025-01-01,Crestview-Fort Walton Beach,2.726,3.103,3.463,-0.43827611395178545
2025-01-02,Crestview-Fort Walton Beach,2.729,3.117,3.443,0.11005135730006721
2025-01-03,Crestview-Fort Walton Beach,2.745,3.132,3.444,0.5862953462806964
2025-01-05,Crestview-Fort Walton Beach,2.739,3.132,3.439,-0.21857923497268228
2025-01-06,Crestview-Fort Walton Beach,2.735,3.135,3.441,-0.14603870025556853
2025-01-07,Crestview-Fort Walton Beach,2.772,3.18,3.488,1.3528336380255856
2025-01-08,Crestview-Fort Walton Beach,2.81,3.221,3.554,1.370851370851378
2025-01-09,Crestview-Fort Walton Beach,2.818,3.214,3.562,0.2846975088967918
2025-01-11,Crestview-Fort Walton Beach,2.831,3.247,3.525,0.46132008516677203
2025-01-13,Crestview-Fort Walton Beach,2.818,3.212,3.541,-0.4592016955139444
2025-01-14,Crestview-Fort Walton Beach,2.817,3.232,3.558,-0.035486160397446564
2025-01-15,Crestview-Fort Walton Beach,2.864,3.28,3.61,1.6684416045438244
2025-01-16,Crestview-Fort Walton Beach,2.907,3.32,3.636,1.501396648044695
2025-01-17,Crestview-Fort Walton Beach,2.928,3.345,3.657,0.7223942208462342
2025-01-18,Crestview-Fort Walton Beach,2.927,3.338,3.66,-0.03415300546447675
2025-01-19,Crestview-Fort Walton Beach,2.921,3.315,3.665,-0.20498804236420698
2025-01-20,Crestview-Fort Walton Beach,2.919,3.3,3.656,-0.0684697021567926
2025-01-21,Crestview-Fort Walton Beach,2.923,3.321,3.679,0.13703323055840322
2025-01-23,Crestview-Fort Walton Beach,2.917,3.314,3.66,-0.20526855969894564
2025-01-24,Crestview-Fort Walton Beach,2.91,3.299,3.624,-0.23997257456289667
2025-01-26,Crestview-Fort Walton Beach,2.896,3.294,3.685,-0.4810996563573977
2025-01-27,Crestview-Fort Walton Beach,2.897,3.3,3.641,0.034530386740327934
2025-01-28,Crestview-Fort Walton Beach,2.888,3.276,3.596,-0.3106662064204291
2025-01-30,Crestview-Fort Walton Beach,2.869,3.297,3.62,-0.6578947368420907
2025-02-01,Crestview-Fort Walton Beach,2.857,3.279,3.557,-0.41826420355524085
2025-02-02,Crestview-Fort Walton Beach,2.848,3.257,3.569,-0.3150157507875506
2025-02-03,Crestview-Fort Walton Beach,2.841,3.228,3.538,-0.2457865168539186
2025-02-04,Crestview-Fort Walton Beach,2.828,3.202,3.564,-0.4575853572685751
2025-02-06,Crestview-Fort Walton Beach,2.84,3.245,3.534,0.4243281471004279
2025-02-07,Crestview-Fort Walton Beach,2.84,3.245,3.534,0.0
2025-02-09,Crestview-Fort Walton Beach,2.825,3.244,3.539,-0.5281690140845008
2025-02-10,Crestview-Fort Walton Beach,2.817,3.216,3.525,-0.2831858407079668
2025-02-11,Crestview-Fort Walton Beach,2.818,3.224,3.543,0.03549875754347287
2025-02-12,Crestview-Fort Walton Beach,2.821,3.217,3.531,0.10645848119232859
2025-02-13,Crestview-Fort Walton Beach,2.857,3.235,3.587,1.2761432116270788
2025-02-15,Crestview-Fort Walton Beach,2.874,3.301,3.596,0.5950297514875746
2025-02-16,Crestview-Fort Walton Beach,2.878,3.294,3.589,0.13917884481557952
2025-02-17,Crestview-Fort Walton Beach,2.879,3.278,3.594,0.03474635163307482
2025-02-18,Crestview-Fort Walton Beach,2.876,3.289,3.618,-0.10420284821118786
2025-02-19,Crestview-Fort Walton Beach,2.877,3.296,3.613,0.03477051460361036
2025-02-20,Crestview-Fort Walton Beach,2.867,3.283,3.597,-0.3475842891901171
2025-02-21,Crestview-Fort Walton Beach,2.856,3.272,3.588,-0.3836763167073598
2025-02-22,Crestview-Fort Walton Beach,2.857,3.245,3.589,0.035014005602262976
2025-02-23,Crestview-Fort Walton Beach,2.851,3.256,3.615,-0.21001050052503745
2025-02-25,Crestview-Fort Walton Beach,2.829,3.225,3.555,-0.7716590669940349
2025-02-26,Crestview-Fort Walton Beach,2.838,3.237,3.586,0.31813361611876534
2025-02-27,Crestview-Fort Walton Beach,2.831,3.23,3.572,-0.24665257223397408
2025-02-28,Crestview-Fort Walton Beach,2.835,3.235,3.538,0.14129282938890597
2025-03-01,Crestview-Fort Walton Beach,2.831,3.218,3.568,-0.1410934744268122
2025-03-02,Crestview-Fort Walton Beach,2.818,3.205,3.57,-0.4592016955139444
2025-03-03,Crestview-Fort Walton Beach,2.815,3.225,3.528,-0.1064584811923397
2025-03-04,Crestview-Fort Walton Beach,2.812,3.202,3.529,-0.1065719360568429
2025-03-06,Crestview-Fort Walton Beach,2.79,3.188,3.54,-0.7823613086770931
2025-03-07,Crestview-Fort Walton Beach,2.773,3.183,3.526,-0.6093189964157641
2025-03-08,Crestview-Fort Walton Beach,2.765,3.171,3.512,-0.28849621348719934
2025-03-09,Crestview-Fort Walton Beach,2.758,3.165,3.486,-0.25316455696202667
2025-03-10,Crestview-Fort Walton Beach,2.755,3.168,3.506,-0.10877447425671205
2025-03-11,Crestview-Fort Walton Beach,2.746,3.16,3.505,-0.32667876588021727
2025-03-12,Crestview-Fort Walton Beach,2.79,3.23,3.573,1.6023306627822365
2025-03-13,Crestview-Fort Walton Beach,2.815,3.241,3.601,0.8960573476702427
2025-03-14,Crestview-Fort Walton Beach,2.818,3.245,3.583,0.1065719360568318
2025-03-15,Crestview-Fort Walton Beach,2.812,3.232,3.587,-0.2129169623846794
2025-03-16,Crestview-Fort Walton Beach,2.807,3.225,3.514,-0.17780938833570348
2025-03-17,Crestview-Fort Walton Beach,2.804,3.226,3.51,-0.10687566797292769
2025-03-18,Crestview-Fort Walton Beach,2.803,3.214,3.512,-0.03566333808844302
2025-03-19,Crestview-Fort Walton Beach,2.818,3.219,3.533,0.5351409204423785
2025-03-20,Crestview-Fort Walton Beach,2.833,3.243,3.535,0.5322924059616874
2025-03-21,Crestview-Fort Walton Beach,2.841,3.253,3.578,0.2823861630780078
2025-03-22,Crestview-Fort Walton Beach,2.846,3.242,3.599,0.17599436818021008
2025-03-24,Crestview-Fort Walton Beach,2.841,3.222,3.569,-0.17568517217146917
2025-03-25,Crestview-Fort Walton Beach,2.84,3.249,3.567,-0.03519887363605534
2025-03-26,Crestview-Fort Walton Beach,2.885,3.301,3.631,1.5845070422535246
2025-03-27,Crestview-Fort Walton Beach,2.897,3.308,3.645,0.4159445407279083
2025-03-28,Crestview-Fort Walton Beach,2.899,3.306,3.653,0.06903693476010275
2025-03-29,Crestview-Fort Walton Beach,2.901,3.295,3.654,0.06898930665746317
2025-03-30,Crestview-Fort Walton Beach,2.894,3.3,3.641,-0.24129610479144414
2025-03-31,Crestview-Fort Walton Beach,2.896,3.294,3.626,0.06910850034553828
2025-04-02,Crestview-Fort Walton Beach,2.906,3.314,3.639,0.34530386740332375
2025-04-03,Crestview-Fort Walton Beach,2.927,3.336,3.65,0.7226428079834868
2025-04-04,Crestview-Fort Walton Beach,2.941,3.352,3.65,0.4783054321831237
2025-04-05,Crestview-Fort Walton Beach,2.929,3.334,3.65,-0.4080244814688938
2025-04-06,Crestview-Fort Walton Beach,2.913,3.309,3.641,-0.5462615227039946
2025-04-07,Crestview-Fort Walton Beach,2.907,3.287,3.595,-0.2059732234809375
2025-04-08,Crestview-Fort Walton Beach,2.885,3.285,3.615,-0.7567939456484485
2025-04-09,Crestview-Fort Walton Beach,2.863,3.276,3.587,-0.7625649913344801
2025-04-10,Crestview-Fort Walton Beach,2.854,3.264,3.578,-0.31435557107928336
2025-04-11,Crestview-Fort Walton Beach,2.841,3.245,3.57,-0.4555010511562707
2025-04-12,Crestview-Fort Walton Beach,2.816,3.25,3.568,-0.8799718409011059
2025-04-13,Crestview-Fort Walton Beach,2.812,3.217,3.554,-0.14204545454545858
2025-04-14,Crestview-Fort Walton Beach,2.808,3.208,3.507,-0.14224751066855834
2025-04-15,Crestview-Fort Walton Beach,2.789,3.196,3.512,-0.6766381766381668
2025-04-16,Crestview-Fort Walton Beach,2.772,3.172,3.52,-0.6095374686267641
2025-04-17,Crestview-Fort Walton Beach,2.756,3.158,3.486,-0.5772005772005762
2025-04-18,Crestview-Fort Walton Beach,2.75,3.138,3.463,-0.2177068214804012
2025-04-19,Crestview-Fort Walton Beach,2.756,3.136,3.472,0.21818181818180626
2025-04-20,Crestview-Fort Walton Beach,2.75,3.135,3.486,-0.2177068214804012
2025-04-21,Crestview-Fort Walton Beach,2.754,3.138,3.476,0.1454545454545375
2025-04-22,Crestview-Fort Walton Beach,2.754,3.156,3.472,0.0
2025-04-23,Crestview-Fort Walton Beach,2.77,3.169,3.491,0.5809731299927456
2025-04-24,Crestview-Fort Walton Beach,2.803,3.193,3.514,1.191335740072197
2025-04-25,Crestview-Fort Walton Beach,2.816,3.19,3.564,0.4637887977167354
2025-04-26,Crestview-Fort Walton Beach,2.813,3.196,3.576,-0.10653409090908283
2025-04-27,Crestview-Fort Walton Beach,2.804,3.198,3.559,-0.3199431212229098
2025-04-28,Crestview-Fort Walton Beach,2.797,3.196,3.552,-0.24964336661910114
2025-04-29,Crestview-Fort Walton Beach,2.785,3.191,3.496,-0.4290311047550954
2025-04-30,Crestview-Fort Walton Beach,2.783,3.179,3.52,-0.0718132854578224
2025-05-01,Crestview-Fort Walton Beach,2.783,3.181,3.508,0.0
2025-05-02,Crestview-Fort Walton Beach,2.775,3.188,3.528,-0.2874595759971288
2025-05-03,Crestview-Fort Walton Beach,2.762,3.169,3.5,-0.4684684684684637
2025-05-04,Crestview-Fort Walton Beach,2.743,3.144,3.479,-0.6879073135409142
2025-05-05,Crestview-Fort Walton Beach,2.737,3.135,3.472,-0.21873860736418838
2025-05-06,Crestview-Fort Walton Beach,2.731,3.12,3.46,-0.2192181220314282
2025-05-07,Crestview-Fort Walton Beach,2.735,3.156,3.48,0.1464664957890882
2025-05-08,Crestview-Fort Walton Beach,2.8,3.188,3.52,2.376599634369292
2025-05-09,Crestview-Fort Walton Beach,2.811,3.232,3.551,0.39285714285715034
2025-05-10,Crestview-Fort Walton Beach,2.804,3.223,3.545,-0.24902170046247063
2025-05-11,Crestview-Fort Walton Beach,2.79,3.206,3.516,-0.4992867332382245
2025-05-12,Crestview-Fort Walton Beach,2.779,3.184,3.479,-0.3942652329749108
2025-05-13,Crestview-Fort Walton Beach,2.777,3.172,3.505,-0.07196833393305901
2025-05-14,Crestview-Fort Walton Beach,2.801,3.201,3.597,0.8642419877565644
2025-05-15,Crestview-Fort Walton Beach,2.827,3.232,3.635,0.9282399143162978
2025-05-16,Crestview-Fort Walton Beach,2.824,3.249,3.623,-0.10611956137248635
2025-05-17,Crestview-Fort Walton Beach,2.815,3.244,3.608,-0.31869688385268713
2025-05-18,Crestview-Fort Walton Beach,2.803,3.24,3.596,-0.4262877442273494
2025-05-19,Crestview-Fort Walton Beach,2.792,3.22,3.572,-0.39243667499108126
2025-05-20,Crestview-Fort Walton Beach,2.782,3.196,3.574,-0.3581661891117416
2025-05-21,Crestview-Fort Walton Beach,2.778,3.188,3.562,-0.14378145219267058
2025-05-22,Crestview-Fort Walton Beach,2.779,3.199,3.553,0.03599712023036883
2025-05-23,Crestview-Fort Walton Beach,2.777,3.18,3.563,-0.07196833393305901
2025-05-24,Crestview-Fort Walton Beach,2.768,3.174,3.572,-0.32409074540872274
2025-05-25,Crestview-Fort Walton Beach,2.762,3.155,3.561,-0.21676300578034047
2025-05-26,Crestview-Fort Walton Beach,2.761,3.142,3.541,-0.03620564808110016
2025-05-27,Crestview-Fort Walton Beach,2.759,3.145,3.553,-0.07243752263673686
2025-05-28,Crestview-Fort Walton Beach,2.747,3.166,3.537,-0.43494019572308806
2025-05-29,Crestview-Fort Walton Beach,2.76,3.196,3.567,0.47324353840552114
2025-05-30,Crestview-Fort Walton Beach,2.778,3.198,3.591,0.6521739130434856
2025-05-31,Crestview-Fort Walton Beach,2.789,3.189,3.573,0.39596832253421255
2025-06-01,Crestview-Fort Walton Beach,2.777,3.174,3.568,-0.43026174256005634
2025-06-02,Crestview-Fort Walton Beach,2.779,3.181,3.557,0.07202016564638036
2025-06-03,Crestview-Fort Walton Beach,2.76,3.176,3.551,-0.6836991723641606
2025-06-04,Crestview-Fort Walton Beach,2.756,3.178,3.563,-0.14492753623188692
2025-06-05,Crestview-Fort Walton Beach,2.766,3.196,3.584,0.36284470246734646
2025-06-07,Crestview-Fort Walton Beach,2.763,3.187,3.574,-0.10845986984816536
2025-06-08,Crestview-Fort Walton Beach,2.76,3.161,3.557,-0.10857763300760048
2025-06-09,Crestview-Fort Walton Beach,2.747,3.144,3.534,-0.4710144927536186
2025-06-10,Crestview-Fort Walton Beach,2.746,3.151,3.527,-0.036403349108116156
2025-06-11,Crestview-Fort Walton Beach,2.735,3.165,3.539,-0.4005826656955591
2025-06-13,Crestview-Fort Walton Beach,2.796,3.209,3.603,2.2303473491773307
2025-06-14,Crestview-Fort Walton Beach,2.801,3.207,3.581,0.17882689556509845
2025-06-15,Crestview-Fort Walton Beach,2.806,3.216,3.578,0.178507675830053
2025-06-16,Crestview-Fort Walton Beach,2.807,3.22,3.565,0.03563791874554578
2025-06-17,Crestview-Fort Walton Beach,2.805,3.198,3.552,-0.07125044531527402
2025-06-18,Crestview-Fort Walton Beach,2.807,3.201,3.555,0.07130124777183777
2025-06-19,Crestview-Fort Walton Beach,2.844,3.231,3.625,1.3181332383327415
2025-06-20,Crestview-Fort Walton Beach,2.881,3.269,3.671,1.3009845288326272
2025-06-21,Crestview-Fort Walton Beach,2.905,3.295,3.671,0.8330440819160012
2025-06-22,Crestview-Fort Walton Beach,2.903,3.292,3.673,-0.06884681583475549
2025-06-23,Crestview-Fort Walton Beach,2.907,3.306,3.688,0.13778849466070664
2025-06-24,Crestview-Fort Walton Beach,2.911,3.306,3.709,0.13759889920881285
2025-06-25,Crestview-Fort Walton Beach,2.899,3.29,3.685,-0.41222947440742175
2025-06-26,Crestview-Fort Walton Beach,2.881,3.282,3.658,-0.620903759917224
2025-06-27,Crestview-Fort Walton Beach,2.861,3.271,3.642,-0.6942034015966492
2025-06-28,Crestview-Fort Walton Beach,2.842,3.252,3.633,-0.6641034603285578
2025-06-29,Crestview-Fort Walton Beach,2.834,3.229,3.62,-0.28149190710766714
2025-06-30,Crestview-Fort Walton Beach,2.836,3.225,3.629,0.07057163020465218
2025-07-01,Crestview-Fort Walton Beach,2.822,3.216,3.575,-0.49365303244004455
2025-07-02,Crestview-Fort Walton Beach,2.816,3.231,3.608,-0.2126151665485576
2025-07-03,Crestview-Fort Walton Beach,2.823,3.227,3.623,0.24857954545454142
2025-07-04,Crestview-Fort Walton Beach,2.795,3.203,3.582,-0.9918526390364835
2025-07-05,Crestview-Fort Walton Beach,2.796,3.185,3.541,0.03577817531306149
2025-07-06,Crestview-Fort Walton Beach,2.789,3.185,3.553,-0.2503576537911223
2025-07-07,Crestview-Fort Walton Beach,2.794,3.186,3.577,0.17927572606668551
2025-07-08,Crestview-Fort Walton Beach,2.787,3.197,3.58,-0.2505368647100936
2025-07-09,Crestview-Fort Walton Beach,2.803,3.222,3.627,0.5740940078937884
2025-07-10,Crestview-Fort Walton Beach,2.832,3.239,3.65,1.0346057795219465
2025-07-11,Crestview-Fort Walton Beach,2.837,3.25,3.643,0.17655367231639296
2025-07-12,Crestview-Fort Walton Beach,2.834,3.248,3.623,-0.10574550581600173
2025-07-13,Crestview-Fort Walton Beach,2.828,3.237,3.605,-0.21171489061397875
2025-07-14,Crestview-Fort Walton Beach,2.827,3.235,3.618,-0.035360678925033806
2025-07-15,Crestview-Fort Walton Beach,2.828,3.252,3.614,0.03537318712416582
2025-07-16,Crestview-Fort Walton Beach,2.853,3.283,3.634,0.8840169731259007
2025-07-17,Crestview-Fort Walton Beach,2.888,3.324,3.671,1.2267788293024884
2025-07-18,Crestview-Fort Walton Beach,2.895,3.32,3.68,0.2423822714681556
2025-07-19,Crestview-Fort Walton Beach,2.887,3.311,3.693,-0.2763385146804853
2025-07-20,Crestview-Fort Walton Beach,2.884,3.32,3.708,-0.10391409767925852
2025-07-21,Crestview-Fort Walton Beach,2.876,3.296,3.685,-0.277392510402219
2025-07-22,Crestview-Fort Walton Beach,2.855,3.277,3.667,-0.7301808066759397
2025-07-23,Crestview-Fort Walton Beach,2.839,3.269,3.665,-0.5604203152364318
2025-07-24,Crestview-Fort Walton Beach,2.844,3.277,3.652,0.17611835153221733
2025-07-25,Crestview-Fort Walton Beach,2.863,3.301,3.689,0.6680731364275605
2025-07-26,Crestview-Fort Walton Beach,2.862,3.287,3.692,-0.034928396786582105
2025-07-27,Crestview-Fort Walton Beach,2.841,3.255,3.657,-0.7337526205450695
2025-07-28,Crestview-Fort Walton Beach,2.832,3.26,3.652,-0.31678986272440923
2025-07-29,Crestview-Fort Walton Beach,2.818,3.265,3.655,-0.494350282485867
2025-07-30,Crestview-Fort Walton Beach,2.827,3.282,3.672,0.319375443577008
2025-07-31,Crestview-Fort Walton Beach,2.87,3.312,3.694,1.5210470463388859
2025-08-01,Crestview-Fort Walton Beach,2.883,3.321,3.706,0.45296167247386165
2025-08-02,Crestview-Fort Walton Beach,2.872,3.309,3.701,-0.3815469996531484
2025-08-03,Crestview-Fort Walton Beach,2.865,3.302,3.702,-0.24373259052923313
2025-08-04,Crestview-Fort Walton Beach,2.855,3.29,3.697,-0.3490401396160636
2025-08-05,Crestview-Fort Walton Beach,2.842,3.259,3.648,-0.4553415061295918
2025-08-06,Crestview-Fort Walton Beach,2.865,3.318,3.709,0.8092892329345514
2025-08-07,Crestview-Fort Walton Beach,2.884,3.335,3.721,0.6631762652705042
2025-08-08,Crestview-Fort Walton Beach,2.889,3.323,3.702,0.17337031900137578
2025-08-09,Crestview-Fort Walton Beach,2.866,3.298,3.672,-0.7961232260297546
2025-08-10,Crestview-Fort Walton Beach,2.854,3.266,3.646,-0.41870202372644716
2025-08-11,Crestview-Fort Walton Beach,2.84,3.235,3.627,-0.4905395935529189
2025-08-12,Crestview-Fort Walton Beach,2.818,3.239,3.622,-0.7746478873239315
2025-08-13,Crestview-Fort Walton Beach,2.858,3.301,3.674,1.419446415897796
2025-08-14,Crestview-Fort Walton Beach,2.873,3.302,3.667,0.5248425472358376
2025-08-15,Crestview-Fort Walton Beach,2.863,3.274,3.659,-0.34806822137140037
2025-08-16,Crestview-Fort Walton Beach,2.845,3.268,3.653,-0.6287111421585667
2025-08-17,Crestview-Fort Walton Beach,2.834,3.262,3.646,-0.38664323374341114
2025-08-18,Crestview-Fort Walton Beach,2.827,3.252,3.629,-0.24700070571630484
2025-08-19,Crestview-Fort Walton Beach,2.807,3.232,3.618,-0.7074637424831942
2025-08-20,Crestview-Fort Walton Beach,2.791,3.213,3.622,-0.5700035625222699
2025-08-21,Crestview-Fort Walton Beach,2.783,3.202,3.588,-0.2866356144750948
2025-08-22,Crestview-Fort Walton Beach,2.773,3.207,3.584,-0.35932446999640266
2025-08-23,Crestview-Fort Walton Beach,2.767,3.212,3.579,-0.21637216011540783
2025-08-24,Crestview-Fort Walton Beach,2.768,3.196,3.572,0.03614022406939199
2025-08-25,Crestview-Fort Walton Beach,2.763,3.168,3.546,-0.18063583815028927
2025-08-26,Crestview-Fort Walton Beach,2.779,3.19,3.585,0.5790807093738692
2025-08-27,Crestview-Fort Walton Beach,2.849,3.285,3.669,2.518891687657443
2025-08-28,Crestview-Fort Walton Beach,2.886,3.321,3.687,1.298701298701288
2025-08-29,Crestview-Fort Walton Beach,2.875,3.306,3.681,-0.3811503811503858
2025-08-30,Crestview-Fort Walton Beach,2.859,3.284,3.667,-0.5565217391304333
2025-08-31,Crestview-Fort Walton Beach,2.851,3.279,3.643,-0.27981811822315183
2025-09-01,Crestview-Fort Walton Beach,2.836,3.246,3.629,-0.5261311820413894
2025-09-02,Crestview-Fort Walton Beach,2.828,3.244,3.627,-0.28208744710860323
2025-09-03,Crestview-Fort Walton Beach,2.846,3.281,3.668,0.6364922206506529
2025-09-04,Crestview-Fort Walton Beach,2.927,3.338,3.721,2.846099789177803
2025-09-05,Crestview-Fort Walton Beach,2.939,3.327,3.726,0.40997608472839175
2025-09-06,Crestview-Fort Walton Beach,2.925,3.344,3.712,-0.47635250085064085
2025-09-07,Crestview-Fort Walton Beach,2.912,3.335,3.709,-0.4444444444444362
2025-09-08,Crestview-Fort Walton Beach,2.902,3.292,3.675,-0.3434065934065811
2025-09-09,Crestview-Fort Walton Beach,2.864,3.265,3.641,-1.3094417643004896
2025-09-10,Crestview-Fort Walton Beach,2.891,3.314,3.682,0.942737430167595
2025-09-11,Crestview-Fort Walton Beach,2.911,3.336,3.702,0.6918021445866396
2025-09-12,Crestview-Fort Walton Beach,2.906,3.324,3.693,-0.171762281003085
2025-09-13,Crestview-Fort Walton Beach,2.884,3.295,3.69,-0.7570543702684174
2025-09-14,Crestview-Fort Walton Beach,2.871,3.272,3.667,-0.4507628294036059
2025-09-15,Crestview-Fort Walton Beach,2.857,3.271,3.65,-0.48763497039358006
2025-09-16,Crestview-Fort Walton Beach,2.851,3.243,3.617,-0.21001050052503745
2025-09-17,Crestview-Fort Walton Beach,2.865,3.285,3.655,0.4910557699053131
2025-09-18,Crestview-Fort Walton Beach,2.903,3.326,3.692,1.3263525305410084
2025-09-19,Crestview-Fort Walton Beach,2.905,3.337,3.68,0.06889424733034222
2025-09-20,Crestview-Fort Walton Beach,2.884,3.31,3.663,-0.7228915662650603
2025-09-21,Crestview-Fort Walton Beach,2.866,3.279,3.634,-0.6241331484049817
2025-09-22,Crestview-Fort Walton Beach,2.856,3.255,3.614,-0.34891835310537633
2025-09-23,Crestview-Fort Walton Beach,2.837,3.236,3.604,-0.6652661064425636
2025-09-24,Crestview-Fort Walton Beach,2.843,3.257,3.647,0.21149101163200346
2025-09-25,Crestview-Fort Walton Beach,2.853,3.257,3.651,0.3517411185367747
2025-09-26,Crestview-Fort Walton Beach,2.848,3.26,3.629,-0.1752541184717904
2025-09-27,Crestview-Fort Walton Beach,2.831,3.24,3.614,-0.5969101123595499
2025-09-28,Crestview-Fort Walton Beach,2.817,3.23,3.594,-0.4945249028611709
2025-09-29,Crestview-Fort Walton Beach,2.817,3.248,3.585,0.0
2025-09-30,Crestview-Fort Walton Beach,2.815,3.244,3.587,-0.07099751508697905
2025-10-01,Crestview-Fort Walton Beach,2.828,3.249,3.615,0.4618117229129526
2025-10-02,Crestview-Fort Walton Beach,2.845,3.254,3.636,0.601131541725608
2025-10-03,Crestview-Fort Walton Beach,2.833,3.246,3.639,-0.4217926186291798
2025-10-04,Crestview-Fort Walton Beach,2.811,3.22,3.589,-0.7765619484645381
2025-10-05,Crestview-Fort Walton Beach,2.799,3.209,3.597,-0.4268943436499417
2025-10-06,Crestview-Fort Walton Beach,2.791,3.221,3.59,-0.28581636298677937
2025-10-07,Crestview-Fort Walton Beach,2.784,3.203,3.555,-0.25080616266571765
2025-10-08,Crestview-Fort Walton Beach,2.785,3.217,3.592,0.035919540229900626
2025-10-09,Crestview-Fort Walton Beach,2.796,3.231,3.586,0.39497307001794546
2025-10-10,Crestview-Fort Walton Beach,2.79,3.226,3.613,-0.21459227467810482
2025-10-11,Crestview-Fort Walton Beach,2.774,3.209,3.572,-0.5734767025089571
2025-10-12,Crestview-Fort Walton Beach,2.76,3.18,3.549,-0.5046863734679219
2025-10-13,Crestview-Fort Walton Beach,2.755,3.175,3.522,-0.18115942028985588
2025-10-14,Crestview-Fort Walton Beach,2.742,3.178,3.529,-0.47186932849364593
2025-10-15,Crestview-Fort Walton Beach,2.731,3.18,3.535,-0.40116703136396925
2025-10-16,Crestview-Fort Walton Beach,2.736,3.182,3.525,0.18308311973638247
2025-10-17,Crestview-Fort Walton Beach,2.728,3.16,3.528,-0.29239766081871066
2025-10-18,Crestview-Fort Walton Beach,2.712,3.148,3.526,-0.5865102639296182
2025-10-19,Crestview-Fort Walton Beach,2.696,3.128,3.495,-0.5899705014749235
2025-10-20,Crestview-Fort Walton Beach,2.686,3.117,3.465,-0.37091988130564246
2025-10-21,Crestview-Fort Walton Beach,2.671,3.103,3.46,-0.5584512285927046
2025-10-22,Crestview-Fort Walton Beach,2.68,3.138,3.496,0.3369524522650824
2025-10-23,Crestview-Fort Walton Beach,2.712,3.154,3.52,1.1940298507462588
2025-10-24,Crestview-Fort Walton Beach,2.714,3.179,3.518,0.07374631268435294
2025-10-25,Crestview-Fort Walton Beach,2.701,3.167,3.499,-0.4789977892409647
2025-10-26,Crestview-Fort Walton Beach,2.686,3.148,3.487,-0.5553498704183646
2025-10-27,Crestview-Fort Walton Beach,2.677,3.134,3.472,-0.3350707371556183
2025-10-28,Crestview-Fort Walton Beach,2.668,3.088,3.462,-0.33619723571161053
2025-11-01,Crestview-Fort Walton Beach,2.673,3.089,3.482,0.18740629685156662
2025-11-03,Crestview-Fort Walton Beach,2.664,3.103,3.464,-0.33670033670033517
2025-11-07,Crestview-Fort Walton Beach,2.732,3.13,3.485,2.552552552552556
2025-11-08,Crestview-Fort Walton Beach,2.714,3.146,3.495,-0.6588579795022032
2025-11-09,Crestview-Fort Walton Beach,2.705,3.117,3.499,-0.3316138540898961
2025-11-11,Crestview-Fort Walton Beach,2.698,3.096,3.5,-0.25878003696857554
2025-11-14,Crestview-Fort Walton Beach,2.749,3.16,3.559,1.8902891030392999
2025-11-15,Crestview-Fort Walton Beach,2.741,3.153,3.543,-0.2910149145143648
2025-11-16,Crestview-Fort Walton Beach,2.737,3.157,3.494,-0.14593214155417256
2025-11-17,Crestview-Fort Walton Beach,2.731,3.126,3.497,-0.2192181220314282
2025-11-21,Crestview-Fort Walton Beach,2.752,3.18,3.523,0.7689491028927131
2025-11-24,Crestview-Fort Walton Beach,2.707,3.119,3.478,-1.6351744186046457
2025-12-02,Crestview-Fort Walton Beach,2.632,3.053,3.389,-2.770594754340594
2025-12-04,Crestview-Fort Walton Beach,2.677,3.093,3.452,1.7097264437689885
2025-12-11,Crestview-Fort Walton Beach,2.7,3.126,3.496,0.8591707134852467
2025-12-17,Crestview-Fort Walton Beach,2.63,3.039,3.4,-2.592592592592602
2025-12-22,Crestview-Fort Walton Beach,2.578,2.98,3.335,-1.9771863117870714
2025-12-23,Crestview-Fort Walton Beach,2.571,2.966,3.345,-0.27152831652442755
2025-12-26,Crestview-Fort Walton Beach,2.573,2.989,3.35,0.0777907429015956
2025-12-27,Crestview-Fort Walton Beach,2.564,2.937,3.335,-0.3497862417411568
2025-12-29,Crestview-Fort Walton Beach,2.564,2.995,3.34,0.0
2025-12-30,Crestview-Fort Walton Beach,2.573,3.008,3.363,0.35101404056161467
2022-01-28,Daytona Beach,3.347,3.712,4.008,
2022-01-28,Daytona Beach,3.347,3.712,4.008,0.0
2022-03-07,Daytona Beach,4.002,4.311,4.65,19.56976396773229
2022-03-07,Daytona Beach,4.002,4.311,4.65,0.0
2022-03-08,Daytona Beach,4.002,4.311,4.65,0.0
2022-03-08,Daytona Beach,4.002,4.311,4.65,0.0
2022-03-22,Daytona Beach,4.072,4.476,4.8,1.7491254372813625
2022-03-22,Daytona Beach,4.072,4.476,4.8,0.0
2022-04-01,Daytona Beach,4.164,4.54,4.832,2.259332023575622
2022-04-01,Daytona Beach,4.164,4.54,4.832,0.0
2022-04-14,Daytona Beach,3.949,4.351,4.654,-5.163304514889521
2022-04-19,Daytona Beach,4.047,4.46,4.775,2.481640921752337
2022-05-11,Daytona Beach,4.303,4.65,4.968,6.325673338275273
2022-05-25,Daytona Beach,4.58,4.922,5.246,6.437369277248428
2022-05-29,Daytona Beach,4.573,4.92,5.252,-0.15283842794758806
2022-05-31,Daytona Beach,4.563,4.918,5.241,-0.2186748305270214
2022-06-06,Daytona Beach,4.753,5.097,5.411,4.163927240850329
2022-06-09,Daytona Beach,4.737,5.088,5.421,-0.3366294971596906
2022-06-25,Daytona Beach,4.63,5.045,5.377,-2.2588135951023935
2022-06-26,Daytona Beach,4.614,5.029,5.359,-0.3455723542116651
2022-06-27,Daytona Beach,4.614,5.029,5.359,0.0
2022-06-29,Daytona Beach,4.565,4.984,5.324,-1.061985262245324
2022-06-30,Daytona Beach,4.575,4.989,5.328,0.21905805038333614
2022-07-02,Daytona Beach,4.539,4.953,5.298,-0.7868852459016473
2022-07-10,Daytona Beach,4.374,4.779,5.129,-3.6351619299405113
2022-08-01,Daytona Beach,3.833,4.223,4.581,-12.368541380887043
2022-09-22,Daytona Beach,3.366,3.767,4.126,-12.183668145056092
2022-09-23,Daytona Beach,3.354,3.747,4.052,-0.35650623885917776
2022-09-27,Daytona Beach,3.357,3.746,4.098,0.08944543828264262
2022-10-02,Daytona Beach,3.242,3.596,3.975,-3.4256776884122764
2022-10-03,Daytona Beach,3.216,3.577,3.929,-0.8019740900678585
2022-10-04,Daytona Beach,3.175,3.568,3.901,-1.2748756218905588
2022-11-05,Daytona Beach,3.445,3.813,4.152,8.503937007874018
2022-11-10,Daytona Beach,3.58,3.954,4.296,3.918722786647333
2022-11-21,Daytona Beach,3.429,3.821,4.154,-4.217877094972078
2022-11-26,Daytona Beach,3.372,3.768,4.108,-1.6622922134733153
2022-11-28,Daytona Beach,3.36,3.759,4.115,-0.3558718861209953
2022-11-30,Daytona Beach,3.334,3.736,4.1,-0.7738095238095211
2022-12-01,Daytona Beach,3.311,3.708,4.062,-0.68986202759449
2022-12-05,Daytona Beach,3.222,3.631,3.954,-2.6880096647538543
2022-12-07,Daytona Beach,3.201,3.618,3.942,-0.6517690875232796
2022-12-08,Daytona Beach,3.165,3.579,3.93,-1.1246485473289658
2022-12-10,Daytona Beach,3.156,3.552,3.855,-0.28436018957345155
2023-01-19,Daytona Beach,3.392,3.755,4.082,7.477820025348536
2023-03-23,Daytona Beach,3.429,3.809,4.155,1.0908018867924474
2023-03-27,Daytona Beach,3.366,3.745,4.075,-1.8372703412073421
2023-03-30,Daytona Beach,3.475,3.864,4.201,3.238265002970886
2023-04-02,Daytona Beach,3.476,3.869,4.22,0.02877697841725535
2023-04-03,Daytona Beach,3.473,3.868,4.217,-0.08630609896432828
2023-05-15,Daytona Beach,3.484,3.883,4.228,0.31672905269219953
2023-05-16,Daytona Beach,3.473,3.876,4.218,-0.31572904707233285
2023-05-17,Daytona Beach,3.459,3.861,4.201,-0.4031097034264297
2023-05-18,Daytona Beach,3.448,3.847,4.18,-0.31801098583406073
2023-05-22,Daytona Beach,3.406,3.821,4.152,-1.2180974477958184
2023-05-24,Daytona Beach,3.386,3.797,4.141,-0.5871990604815025
2023-05-25,Daytona Beach,3.373,3.775,4.119,-0.3839338452451213
2023-05-26,Daytona Beach,3.358,3.7,4.052,-0.44470797509635895
2023-05-30,Daytona Beach,3.401,3.807,4.128,1.2805241215008811
2023-05-31,Daytona Beach,3.398,3.794,4.124,-0.0882093501911152
2023-06-01,Daytona Beach,3.388,3.779,4.123,-0.294290759270166
2023-06-06,Daytona Beach,3.34,3.74,4.08,-1.416765053128688
2023-06-07,Daytona Beach,3.328,3.726,4.061,-0.3592814371257469
2023-06-09,Daytona Beach,3.406,3.805,4.133,2.34375
2023-06-10,Daytona Beach,3.406,3.805,4.133,0.0
2023-06-13,Daytona Beach,3.475,3.876,4.203,2.0258367586611925
2023-06-14,Daytona Beach,3.466,3.879,4.207,-0.25899280575539807
2023-06-16,Daytona Beach,3.438,3.836,4.167,-0.8078476630121179
2023-06-23,Daytona Beach,3.359,3.763,4.1,-2.2978475858057013
2023-07-04,Daytona Beach,3.257,3.662,4.006,-3.0366180410836496
2023-11-11,Daytona Beach,3.219,3.651,3.972,-1.1667178385016963
2023-11-29,Daytona Beach,3.167,3.56,3.889,-1.6154085119602368
2024-01-18,Daytona Beach,3.058,3.457,3.813,-3.441742974423745
2024-02-21,Daytona Beach,3.345,3.725,4.065,9.385219097449315
2024-02-26,Daytona Beach,3.297,3.694,4.027,-1.4349775784753382
2024-02-27,Daytona Beach,3.269,3.664,4.003,-0.849256900212314
2024-02-28,Daytona Beach,3.341,3.71,4.048,2.202508412358517
2024-03-01,Daytona Beach,3.374,3.763,4.079,0.9877282250823072
2024-03-02,Daytona Beach,3.354,3.75,4.062,-0.5927682276229973
2024-03-04,Daytona Beach,3.335,3.732,4.049,-0.5664877757901032
2024-03-05,Daytona Beach,3.308,3.705,4.015,-0.8095952023988051
2024-04-11,Daytona Beach,3.579,3.983,4.288,8.192261185006068
2024-04-22,Daytona Beach,3.558,3.945,4.277,-0.5867560771165237
2024-04-23,Daytona Beach,3.558,3.945,4.277,0.0
2024-05-06,Daytona Beach,3.585,3.981,4.295,0.7588532883642474
2024-05-19,Daytona Beach,3.445,3.863,4.169,-3.905160390516038
2024-05-24,Daytona Beach,3.541,3.96,4.275,2.7866473149491977
2024-05-31,Daytona Beach,3.497,3.918,4.241,-1.2425868398757478
2024-06-03,Daytona Beach,3.45,3.863,4.178,-1.344009150700587
2024-06-12,Daytona Beach,3.284,3.689,4.01,-4.811594202898561
2024-06-16,Daytona Beach,3.24,3.626,3.958,-1.3398294762484664
2024-06-20,Daytona Beach,3.368,3.778,4.086,3.950617283950608
2024-06-21,Daytona Beach,3.368,3.778,4.086,0.0
2024-06-23,Daytona Beach,3.37,3.779,4.091,0.059382422802856105
2024-06-29,Daytona Beach,3.399,3.79,4.124,0.8605341246290754
2024-07-04,Daytona Beach,3.546,3.966,4.269,4.324801412180057
2024-07-09,Daytona Beach,3.5,3.898,4.213,-1.2972363226170236
2024-07-10,Daytona Beach,3.5,3.898,4.213,0.0
2024-07-12,Daytona Beach,3.559,3.964,4.292,1.6857142857142904
2024-07-18,Daytona Beach,3.471,3.88,4.214,-2.472604664231526
2024-07-22,Daytona Beach,3.4,3.81,4.129,-2.0455200230481196
2024-07-24,Daytona Beach,3.474,3.873,4.212,2.176470588235313
2024-07-25,Daytona Beach,3.474,3.873,4.212,0.0
2024-08-01,Daytona Beach,3.413,3.832,4.149,-1.755900978698921
2024-08-11,Daytona Beach,3.329,3.739,4.084,-2.461177849399343
2024-08-16,Daytona Beach,3.342,3.753,4.097,0.39050765995793935
2024-08-17,Daytona Beach,3.342,3.753,4.097,0.0
2024-08-18,Daytona Beach,3.297,3.7,4.051,-1.3464991023339312
2024-08-19,Daytona Beach,3.273,3.678,4.021,-0.7279344858962644
2024-08-20,Daytona Beach,3.273,3.678,4.021,0.0
2024-09-07,Daytona Beach,3.193,3.603,3.94,-2.444240757714633
2024-09-09,Daytona Beach,3.142,3.544,3.891,-1.597243971186979
2024-09-16,Daytona Beach,3.108,3.519,3.864,-1.0821133036282515
2024-09-19,Daytona Beach,3.169,3.611,3.949,1.962676962676957
2024-09-21,Daytona Beach,3.126,3.557,3.891,-1.3568949195329805
2024-09-23,Daytona Beach,3.126,3.557,3.891,0.0
2024-09-24,Daytona Beach,3.153,3.558,3.893,0.8637236084453104
2024-09-25,Daytona Beach,3.153,3.558,3.893,0.0
2024-09-26,Daytona Beach,3.171,3.596,3.924,0.570884871550903
2024-09-27,Daytona Beach,3.185,3.623,3.951,0.44150110375276164
2024-10-01,Daytona Beach,3.166,3.6,3.92,-0.5965463108320246
2024-10-02,Daytona Beach,3.153,3.593,3.916,-0.4106127605811749
2024-10-04,Daytona Beach,3.124,3.554,3.89,-0.9197589597208955
2024-10-06,Daytona Beach,3.111,3.531,3.863,-0.41613316261203126
2024-10-09,Daytona Beach,3.113,3.546,3.898,0.06428801028608433
2024-10-13,Daytona Beach,3.109,3.514,3.856,-0.12849341471249387
2024-10-21,Daytona Beach,3.1,3.498,3.853,-0.2894821486008281
2024-11-01,Daytona Beach,3.089,3.509,3.844,-0.3548387096774186
2024-11-02,Daytona Beach,3.089,3.509,3.844,0.0
2024-11-04,Daytona Beach,3.042,3.446,3.785,-1.5215280025898448
2024-11-05,Daytona Beach,3.12,3.567,3.89,2.564102564102577
2024-11-06,Daytona Beach,3.154,3.594,3.916,1.0897435897435859
2024-11-07,Daytona Beach,3.156,3.588,3.924,0.06341154090045986
2024-11-08,Daytona Beach,3.152,3.571,3.917,-0.12674271229404788
2024-11-10,Daytona Beach,3.124,3.551,3.877,-0.8883248730964466
2024-11-11,Daytona Beach,3.112,3.519,3.859,-0.3841229193341844
2024-11-12,Daytona Beach,3.087,3.494,3.836,-0.8033419023136257
2024-11-13,Daytona Beach,3.059,3.479,3.819,-0.9070294784580546
2024-11-14,Daytona Beach,3.03,3.453,3.788,-0.9480222294867668
2024-11-15,Daytona Beach,3.109,3.538,3.863,2.6072607260726244
2024-11-16,Daytona Beach,3.15,3.578,3.913,1.3187520102927008
2024-11-17,Daytona Beach,3.152,3.574,3.909,0.06349206349207659
2024-11-18,Daytona Beach,3.135,3.567,3.905,-0.539340101522856
2024-11-19,Daytona Beach,3.11,3.539,3.887,-0.797448165869219
2024-11-20,Daytona Beach,3.074,3.505,3.841,-1.1575562700964603
2024-11-21,Daytona Beach,3.035,3.459,3.797,-1.2687052700064982
2024-11-22,Daytona Beach,2.998,3.423,3.769,-1.21911037891268
2024-11-24,Daytona Beach,3.137,3.576,3.892,4.636424282855223
2024-11-25,Daytona Beach,3.15,3.574,3.901,0.4144086707045025
2024-11-26,Daytona Beach,3.117,3.538,3.863,-1.0476190476190417
2024-11-27,Daytona Beach,3.134,3.576,3.884,0.5453962143086244
2024-11-28,Daytona Beach,3.146,3.589,3.908,0.38289725590299195
2024-12-01,Daytona Beach,3.131,3.556,3.889,-0.4767959313413894
2024-12-02,Daytona Beach,3.111,3.535,3.851,-0.6387735547748186
2024-12-03,Daytona Beach,3.085,3.511,3.836,-0.8357441337190741
2024-12-05,Daytona Beach,3.001,3.414,3.734,-2.7228525121555935
2024-12-06,Daytona Beach,2.973,3.388,3.704,-0.933022325891375
2024-12-07,Daytona Beach,3.052,3.526,3.836,2.657248570467541
2024-12-08,Daytona Beach,3.114,3.579,3.885,2.0314547837483543
2024-12-09,Daytona Beach,3.142,3.591,3.901,0.8991650610147728
2024-12-10,Daytona Beach,3.126,3.567,3.885,-0.5092297899427112
2024-12-11,Daytona Beach,3.097,3.535,3.85,-0.9277031349967935
2024-12-12,Daytona Beach,3.069,3.497,3.811,-0.9041007426541792
2024-12-13,Daytona Beach,3.031,3.449,3.765,-1.23818833496252
2024-12-16,Daytona Beach,3.152,3.596,3.91,3.992081821181137
2024-12-17,Daytona Beach,3.138,3.579,3.904,-0.4441624365482344
2024-12-18,Daytona Beach,3.108,3.541,3.866,-0.9560229445506607
2024-12-19,Daytona Beach,3.075,3.489,3.805,-1.061776061776054
2024-12-20,Daytona Beach,3.042,3.444,3.78,-1.0731707317073291
2024-12-23,Daytona Beach,2.991,3.398,3.707,-1.676528599605509
2024-12-24,Daytona Beach,3.096,3.525,3.852,3.5105315947843607
2024-12-27,Daytona Beach,3.117,3.532,3.856,0.6782945736434121
2024-12-28,Daytona Beach,3.091,3.513,3.82,-0.8341353865896628
2024-12-29,Daytona Beach,3.071,3.487,3.8,-0.6470397929472682
2024-12-30,Daytona Beach,3.056,3.462,3.787,-0.48844024747639603
2025-01-01,Daytona Beach,3.112,3.57,3.889,1.8324607329842868
2025-01-02,Daytona Beach,3.137,3.59,3.893,0.8033419023136146
2025-01-03,Daytona Beach,3.155,3.589,3.894,0.573796620975453
2025-01-05,Daytona Beach,3.123,3.536,3.841,-1.0142630744849335
2025-01-06,Daytona Beach,3.111,3.52,3.826,-0.3842459173871271
2025-01-07,Daytona Beach,3.081,3.491,3.807,-0.9643201542912316
2025-01-08,Daytona Beach,3.051,3.466,3.785,-0.9737098344693274
2025-01-09,Daytona Beach,3.122,3.578,3.884,2.327105866928858
2025-01-11,Daytona Beach,3.133,3.564,3.883,0.3523382447149226
2025-01-13,Daytona Beach,3.098,3.506,3.828,-1.117140121289506
2025-01-14,Daytona Beach,3.182,3.652,3.963,2.711426726920596
2025-01-15,Daytona Beach,3.228,3.669,3.98,1.4456316781898293
2025-01-16,Daytona Beach,3.242,3.676,3.99,0.4337050805452325
2025-01-17,Daytona Beach,3.232,3.658,3.979,-0.30845157310301907
2025-01-18,Daytona Beach,3.216,3.637,3.957,-0.4950495049504955
2025-01-19,Daytona Beach,3.205,3.616,3.932,-0.34203980099503095
2025-01-20,Daytona Beach,3.196,3.603,3.921,-0.2808112324492962
2025-01-21,Daytona Beach,3.173,3.585,3.901,-0.7196495619524401
2025-01-23,Daytona Beach,3.13,3.53,3.874,-1.3551843681058995
2025-01-24,Daytona Beach,3.21,3.655,3.975,2.5559105431310014
2025-01-26,Daytona Beach,3.24,3.657,3.974,0.9345794392523477
2025-01-27,Daytona Beach,3.219,3.632,3.956,-0.6481481481481643
2025-01-28,Daytona Beach,3.182,3.594,3.916,-1.1494252873563204
2025-01-30,Daytona Beach,3.101,3.521,3.836,-2.545568824638589
2025-02-01,Daytona Beach,3.035,3.457,3.778,-2.128345694937117
2025-02-02,Daytona Beach,3.018,3.433,3.76,-0.5601317957166452
2025-02-03,Daytona Beach,3.006,3.403,3.744,-0.3976143141153132
2025-02-04,Daytona Beach,3.165,3.613,3.943,5.289421157684648
2025-02-06,Daytona Beach,3.236,3.663,3.984,2.243285939968409
2025-02-07,Daytona Beach,3.236,3.663,3.984,0.0
2025-02-09,Daytona Beach,3.183,3.606,3.929,-1.6378244746600878
2025-02-10,Daytona Beach,3.166,3.586,3.915,-0.534087338988376
2025-02-11,Daytona Beach,3.118,3.541,3.858,-1.516108654453574
2025-02-12,Daytona Beach,3.099,3.524,3.832,-0.6093649775496979
2025-02-13,Daytona Beach,3.078,3.499,3.82,-0.6776379477250849
2025-02-15,Daytona Beach,3.038,3.459,3.773,-1.299545159194282
2025-02-16,Daytona Beach,3.031,3.431,3.752,-0.23041474654377225
2025-02-17,Daytona Beach,3.028,3.413,3.756,-0.09897723523589752
2025-02-18,Daytona Beach,3.122,3.563,3.887,3.1043593130779312
2025-02-19,Daytona Beach,3.168,3.599,3.91,1.4734144778987934
2025-02-20,Daytona Beach,3.166,3.592,3.904,-0.06313131313131493
2025-02-21,Daytona Beach,3.151,3.587,3.894,-0.4737839545167488
2025-02-22,Daytona Beach,3.122,3.555,3.866,-0.9203427483338578
2025-02-23,Daytona Beach,3.104,3.512,3.829,-0.5765534913516945
2025-02-25,Daytona Beach,3.141,3.596,3.891,1.1920103092783574
2025-02-26,Daytona Beach,3.167,3.608,3.92,0.8277618592804847
2025-02-27,Daytona Beach,3.148,3.578,3.9,-0.5999368487527579
2025-02-28,Daytona Beach,3.119,3.544,3.884,-0.921219822109276
2025-03-01,Daytona Beach,3.089,3.513,3.854,-0.9618467457518487
2025-03-02,Daytona Beach,3.064,3.471,3.818,-0.8093234056328891
2025-03-03,Daytona Beach,3.046,3.444,3.799,-0.5874673629242877
2025-03-04,Daytona Beach,3.006,3.408,3.77,-1.3131976362442566
2025-03-06,Daytona Beach,3.164,3.586,3.914,5.256154357950771
2025-03-07,Daytona Beach,3.151,3.584,3.91,-0.41087231352718856
2025-03-08,Daytona Beach,3.119,3.558,3.897,-1.0155506188511465
2025-03-09,Daytona Beach,3.102,3.538,3.876,-0.5450464892593931
2025-03-10,Daytona Beach,3.082,3.51,3.857,-0.6447453255963853
2025-03-11,Daytona Beach,3.053,3.475,3.795,-0.9409474367293891
2025-03-12,Daytona Beach,3.021,3.443,3.764,-1.0481493612839787
2025-03-13,Daytona Beach,2.995,3.41,3.743,-0.860642171466397
2025-03-14,Daytona Beach,3.108,3.57,3.882,3.772954924874794
2025-03-15,Daytona Beach,3.126,3.547,3.867,0.5791505791505669
2025-03-16,Daytona Beach,3.115,3.54,3.854,-0.3518873960332569
2025-03-17,Daytona Beach,3.106,3.529,3.839,-0.2889245585874889
2025-03-18,Daytona Beach,3.07,3.488,3.805,-1.159047005795233
2025-03-19,Daytona Beach,3.035,3.454,3.777,-1.140065146579794
2025-03-20,Daytona Beach,3.017,3.439,3.758,-0.5930807248764491
2025-03-21,Daytona Beach,2.981,3.392,3.723,-1.1932383162081561
2025-03-22,Daytona Beach,2.962,3.358,3.702,-0.6373700100637314
2025-03-24,Daytona Beach,2.944,3.34,3.653,-0.6076975016880537
2025-03-25,Daytona Beach,3.127,3.53,3.847,6.216032608695654
2025-03-26,Daytona Beach,3.157,3.573,3.877,0.959385992964501
2025-03-27,Daytona Beach,3.171,3.588,3.887,0.44345898004434225
2025-03-28,Daytona Beach,3.16,3.586,3.893,-0.3468937243771619
2025-03-29,Daytona Beach,3.135,3.557,3.868,-0.7911392405063444
2025-03-30,Daytona Beach,3.117,3.53,3.841,-0.574162679425827
2025-03-31,Daytona Beach,3.096,3.503,3.826,-0.6737247353224229
2025-04-02,Daytona Beach,3.204,3.655,3.972,3.488372093023262
2025-04-03,Daytona Beach,3.25,3.682,4.011,1.4357053682896304
2025-04-04,Daytona Beach,3.248,3.676,3.992,-0.06153846153845732
2025-04-05,Daytona Beach,3.232,3.652,3.969,-0.49261083743842304
2025-04-06,Daytona Beach,3.214,3.639,3.946,-0.556930693069313
2025-04-07,Daytona Beach,3.199,3.628,3.945,-0.46670815183572634
2025-04-08,Daytona Beach,3.221,3.658,3.975,0.6877149109096647
2025-04-09,Daytona Beach,3.226,3.649,3.975,0.1552312946289991
2025-04-10,Daytona Beach,3.204,3.637,3.959,-0.6819590824550414
2025-04-11,Daytona Beach,3.181,3.608,3.928,-0.7178526841448263
2025-04-12,Daytona Beach,3.146,3.578,3.891,-1.100282929896268
2025-04-13,Daytona Beach,3.122,3.54,3.858,-0.7628734901462209
2025-04-14,Daytona Beach,3.103,3.509,3.835,-0.6085842408712239
2025-04-15,Daytona Beach,3.067,3.485,3.793,-1.1601675797615174
2025-04-16,Daytona Beach,3.037,3.45,3.763,-0.9781545484186527
2025-04-17,Daytona Beach,3.027,3.439,3.76,-0.3292723081988691
2025-04-18,Daytona Beach,3.034,3.452,3.782,0.23125206475056448
2025-04-19,Daytona Beach,3.022,3.446,3.769,-0.39551746868820015
2025-04-20,Daytona Beach,3.003,3.421,3.742,-0.6287227001985363
2025-04-21,Daytona Beach,2.992,3.39,3.696,-0.366300366300365
2025-04-22,Daytona Beach,3.107,3.574,3.866,3.8435828877005473
2025-04-23,Daytona Beach,3.149,3.589,3.89,1.35178628902477
2025-04-24,Daytona Beach,3.138,3.559,3.888,-0.3493172435693914
2025-04-25,Daytona Beach,3.116,3.525,3.856,-0.7010834926704845
2025-04-26,Daytona Beach,3.083,3.49,3.812,-1.0590500641848521
2025-04-27,Daytona Beach,3.059,3.467,3.802,-0.7784625364904318
2025-04-28,Daytona Beach,3.044,3.449,3.774,-0.49035632559660813
2025-04-29,Daytona Beach,3.05,3.483,3.8,0.197109067017065
2025-04-30,Daytona Beach,3.192,3.65,3.954,4.65573770491805
2025-05-01,Daytona Beach,3.22,3.645,3.954,0.8771929824561431
2025-05-02,Daytona Beach,3.195,3.616,3.934,-0.7763975155279601
2025-05-03,Daytona Beach,3.159,3.584,3.901,-1.1267605633802802
2025-05-04,Daytona Beach,3.13,3.558,3.865,-0.9180120291231386
2025-05-05,Daytona Beach,3.106,3.516,3.817,-0.7667731629392938
2025-05-06,Daytona Beach,3.068,3.473,3.784,-1.2234385061171915
2025-05-07,Daytona Beach,3.029,3.438,3.755,-1.2711864406779738
2025-05-08,Daytona Beach,2.999,3.403,3.727,-0.9904258831297419
2025-05-09,Daytona Beach,2.971,3.378,3.704,-0.9336445481827327
2025-05-10,Daytona Beach,2.944,3.349,3.665,-0.9087849209020615
2025-05-11,Daytona Beach,2.924,3.328,3.648,-0.6793478260869623
2025-05-12,Daytona Beach,2.915,3.317,3.626,-0.30779753761969175
2025-05-13,Daytona Beach,3.08,3.541,3.845,5.660377358490565
2025-05-14,Daytona Beach,3.141,3.563,3.888,1.9805194805194715
2025-05-15,Daytona Beach,3.138,3.564,3.883,-0.09551098376313627
2025-05-16,Daytona Beach,3.112,3.529,3.851,-0.8285532186105726
2025-05-17,Daytona Beach,3.077,3.497,3.822,-1.124678663239076
2025-05-18,Daytona Beach,3.049,3.465,3.784,-0.9099772505687387
2025-05-19,Daytona Beach,3.028,3.429,3.739,-0.6887504099704844
2025-05-20,Daytona Beach,2.99,3.405,3.708,-1.2549537648612885
2025-05-21,Daytona Beach,3.118,3.575,3.87,4.280936454849482
2025-05-22,Daytona Beach,3.157,3.581,3.897,1.2508017960231044
2025-05-23,Daytona Beach,3.148,3.567,3.883,-0.2850807728856486
2025-05-24,Daytona Beach,3.102,3.528,3.844,-1.4612452350698968
2025-05-25,Daytona Beach,3.082,3.493,3.815,-0.6447453255963853
2025-05-26,Daytona Beach,3.055,3.456,3.779,-0.8760545100583883
2025-05-27,Daytona Beach,3.032,3.435,3.748,-0.7528641571194816
2025-05-28,Daytona Beach,2.99,3.392,3.706,-1.385224274406327
2025-05-29,Daytona Beach,3.116,3.564,3.862,4.214046822742468
2025-05-30,Daytona Beach,3.144,3.572,3.876,0.898587933247752
2025-05-31,Daytona Beach,3.133,3.547,3.859,-0.3498727735368967
2025-06-01,Daytona Beach,3.111,3.522,3.837,-0.7022023619533968
2025-06-02,Daytona Beach,3.084,3.504,3.802,-0.8678881388621051
2025-06-03,Daytona Beach,3.051,3.469,3.795,-1.0700389105058328
2025-06-04,Daytona Beach,3.008,3.414,3.76,-1.4093739757456647
2025-06-05,Daytona Beach,3.099,3.555,3.881,3.02526595744681
2025-06-07,Daytona Beach,3.117,3.541,3.876,0.5808325266214887
2025-06-08,Daytona Beach,3.096,3.526,3.846,-0.6737247353224229
2025-06-09,Daytona Beach,3.073,3.488,3.811,-0.7428940568475539
2025-06-10,Daytona Beach,3.043,3.453,3.783,-0.976244712007801
2025-06-11,Daytona Beach,3.004,3.417,3.733,-1.2816299704239253
2025-06-13,Daytona Beach,2.942,3.342,3.676,-2.0639147802929414
2025-06-14,Daytona Beach,2.931,3.336,3.664,-0.373895309313399
2025-06-15,Daytona Beach,2.925,3.321,3.676,-0.20470829068578444
2025-06-16,Daytona Beach,2.921,3.322,3.68,-0.1367521367521385
2025-06-17,Daytona Beach,3.121,3.536,3.878,6.846970215679571
2025-06-18,Daytona Beach,3.156,3.556,3.909,1.12143543735983
2025-06-19,Daytona Beach,3.167,3.572,3.908,0.34854245880859835
2025-06-20,Daytona Beach,3.151,3.56,3.884,-0.5052099778970587
2025-06-21,Daytona Beach,3.125,3.532,3.855,-0.8251348778165579
2025-06-22,Daytona Beach,3.105,3.511,3.834,-0.6399999999999961
2025-06-23,Daytona Beach,3.093,3.475,3.808,-0.38647342995169476
2025-06-24,Daytona Beach,3.068,3.463,3.8,-0.8082767539605573
2025-06-25,Daytona Beach,3.043,3.458,3.791,-0.8148631029986975
2025-06-26,Daytona Beach,3.019,3.425,3.767,-0.7886953664147267
2025-06-27,Daytona Beach,2.989,3.407,3.75,-0.9937065253395216
2025-06-28,Daytona Beach,2.964,3.387,3.729,-0.8364001338240223
2025-06-29,Daytona Beach,2.959,3.362,3.708,-0.1686909581646412
2025-06-30,Daytona Beach,2.94,3.344,3.681,-0.6421088205474823
2025-07-01,Daytona Beach,3.1,3.554,3.863,5.442176870748305
2025-07-02,Daytona Beach,3.153,3.578,3.916,1.709677419354838
2025-07-03,Daytona Beach,3.145,3.576,3.905,-0.2537266095781754
2025-07-04,Daytona Beach,3.122,3.552,3.873,-0.7313195548489748
2025-07-05,Daytona Beach,3.103,3.524,3.846,-0.6085842408712239
2025-07-06,Daytona Beach,3.075,3.505,3.829,-0.9023525620367345
2025-07-07,Daytona Beach,3.067,3.49,3.808,-0.2601626016260128
2025-07-08,Daytona Beach,3.037,3.46,3.783,-0.9781545484186527
2025-07-09,Daytona Beach,3.014,3.443,3.768,-0.7573263088574311
2025-07-10,Daytona Beach,2.991,3.416,3.734,-0.7631055076310456
2025-07-11,Daytona Beach,2.966,3.382,3.702,-0.8358408559010377
2025-07-12,Daytona Beach,2.942,3.362,3.691,-0.8091706001348675
2025-07-13,Daytona Beach,2.929,3.337,3.659,-0.44187627464311596
2025-07-14,Daytona Beach,2.919,3.324,3.646,-0.34141345168998694
2025-07-15,Daytona Beach,2.954,3.37,3.699,1.1990407673861059
2025-07-16,Daytona Beach,3.098,3.54,3.881,4.874746106973582
2025-07-17,Daytona Beach,3.135,3.569,3.896,1.1943189154293155
2025-07-18,Daytona Beach,3.135,3.554,3.871,0.0
2025-07-19,Daytona Beach,3.104,3.53,3.848,-0.9888357256778169
2025-07-20,Daytona Beach,3.081,3.496,3.825,-0.7409793814433074
2025-07-21,Daytona Beach,3.057,3.468,3.801,-0.7789678675754641
2025-07-22,Daytona Beach,3.021,3.426,3.769,-1.1776251226692902
2025-07-23,Daytona Beach,2.984,3.394,3.736,-1.2247600132406444
2025-07-24,Daytona Beach,3.114,3.572,3.885,4.356568364611246
2025-07-25,Daytona Beach,3.153,3.593,3.916,1.2524084778420042
2025-07-26,Daytona Beach,3.136,3.573,3.9,-0.5391690453536269
2025-07-27,Daytona Beach,3.109,3.531,3.845,-0.8609693877551061
2025-07-28,Daytona Beach,3.083,3.501,3.829,-0.8362817626246355
2025-07-29,Daytona Beach,3.046,3.465,3.819,-1.2001297437560954
2025-07-30,Daytona Beach,3.014,3.43,3.781,-1.050558108995403
2025-07-31,Daytona Beach,2.987,3.399,3.746,-0.8958195089581844
2025-08-01,Daytona Beach,2.966,3.371,3.72,-0.7030465349849302
2025-08-02,Daytona Beach,2.946,3.341,3.682,-0.6743088334457137
2025-08-03,Daytona Beach,2.927,3.349,3.684,-0.6449422946367966
2025-08-04,Daytona Beach,2.918,3.323,3.668,-0.3074820635462938
2025-08-05,Daytona Beach,3.109,3.585,3.909,6.545579163810822
2025-08-06,Daytona Beach,3.141,3.591,3.922,1.0292698616918727
2025-08-07,Daytona Beach,3.135,3.587,3.907,-0.19102196752627254
2025-08-08,Daytona Beach,3.117,3.555,3.875,-0.574162679425827
2025-08-09,Daytona Beach,3.085,3.519,3.834,-1.0266281681103662
2025-08-10,Daytona Beach,3.059,3.498,3.811,-0.8427876823338676
2025-08-11,Daytona Beach,3.043,3.468,3.796,-0.5230467473030354
2025-08-12,Daytona Beach,3.008,3.435,3.771,-1.150180742688145
2025-08-13,Daytona Beach,3.112,3.57,3.906,3.4574468085106336
2025-08-14,Daytona Beach,3.153,3.602,3.923,1.3174807197943394
2025-08-15,Daytona Beach,3.146,3.583,3.91,-0.2220107833809104
2025-08-16,Daytona Beach,3.119,3.545,3.875,-0.8582326764144832
2025-08-17,Daytona Beach,3.093,3.514,3.854,-0.8336005129849444
2025-08-18,Daytona Beach,3.075,3.493,3.843,-0.5819592628515946
2025-08-19,Daytona Beach,3.049,3.465,3.813,-0.845528455284561
2025-08-20,Daytona Beach,3.019,3.431,3.775,-0.9839291571006825
2025-08-21,Daytona Beach,2.988,3.411,3.749,-1.0268300761841709
2025-08-22,Daytona Beach,2.956,3.368,3.725,-1.0709504685408322
2025-08-23,Daytona Beach,2.934,3.334,3.693,-0.7442489851150147
2025-08-24,Daytona Beach,2.923,3.326,3.659,-0.3749147920927065
2025-08-25,Daytona Beach,2.913,3.336,3.657,-0.3421142661649057
2025-08-26,Daytona Beach,3.079,3.553,3.882,5.698592516306222
2025-08-27,Daytona Beach,3.152,3.566,3.915,2.3708996427411533
2025-08-28,Daytona Beach,3.144,3.574,3.911,-0.25380710659898
2025-08-29,Daytona Beach,3.121,3.549,3.876,-0.73155216284988
2025-08-30,Daytona Beach,3.087,3.523,3.846,-1.089394424863821
2025-08-31,Daytona Beach,3.066,3.492,3.812,-0.6802721088435493
2025-09-01,Daytona Beach,3.052,3.459,3.8,-0.45662100456620447
2025-09-02,Daytona Beach,3.04,3.452,3.794,-0.3931847968545177
2025-09-03,Daytona Beach,3.128,3.591,3.917,2.894736842105261
2025-09-04,Daytona Beach,3.166,3.613,3.928,1.2148337595907943
2025-09-05,Daytona Beach,3.157,3.59,3.937,-0.2842703727100382
2025-09-06,Daytona Beach,3.132,3.567,3.921,-0.7918910357934683
2025-09-07,Daytona Beach,3.117,3.556,3.888,-0.47892720306513814
2025-09-08,Daytona Beach,3.108,3.536,3.863,-0.2887391722810384
2025-09-09,Daytona Beach,3.087,3.519,3.857,-0.6756756756756688
2025-09-10,Daytona Beach,3.056,3.492,3.832,-1.004211208292849
2025-09-11,Daytona Beach,3.024,3.459,3.779,-1.0471204188481686
2025-09-12,Daytona Beach,2.997,3.429,3.757,-0.8928571428571508
2025-09-13,Daytona Beach,2.959,3.389,3.724,-1.2679346012679282
2025-09-14,Daytona Beach,2.935,3.355,3.693,-0.811084825954711
2025-09-15,Daytona Beach,2.965,3.406,3.737,1.0221465076660996
2025-09-16,Daytona Beach,3.17,3.634,3.961,6.91399662731873
2025-09-17,Daytona Beach,3.233,3.666,4.005,1.987381703470037
2025-09-18,Daytona Beach,3.236,3.675,4.017,0.09279307145066973
2025-09-19,Daytona Beach,3.209,3.649,3.989,-0.8343634116192877
2025-09-20,Daytona Beach,3.17,3.603,3.937,-1.2153318790900647
2025-09-21,Daytona Beach,3.146,3.574,3.912,-0.7570977917981114
2025-09-22,Daytona Beach,3.118,3.537,3.864,-0.8900190718372558
2025-09-23,Daytona Beach,3.072,3.493,3.827,-1.475304682488765
2025-09-24,Daytona Beach,3.036,3.458,3.802,-1.171875
2025-09-25,Daytona Beach,3.041,3.478,3.82,0.16469038208168918
2025-09-26,Daytona Beach,2.994,3.41,3.742,-1.5455442288720755
2025-09-27,Daytona Beach,2.955,3.39,3.728,-1.3026052104208485
2025-09-28,Daytona Beach,2.935,3.358,3.695,-0.6768189509306244
2025-09-29,Daytona Beach,2.96,3.401,3.746,0.8517887563884052
2025-09-30,Daytona Beach,3.126,3.586,3.923,5.608108108108101
2025-10-01,Daytona Beach,3.15,3.596,3.928,0.7677543186180413
2025-10-02,Daytona Beach,3.14,3.579,3.9,-0.31746031746030523
2025-10-03,Daytona Beach,3.109,3.548,3.877,-0.9872611464968206
2025-10-04,Daytona Beach,3.077,3.515,3.839,-1.0292698616918616
2025-10-05,Daytona Beach,3.058,3.488,3.82,-0.6174845628859282
2025-10-06,Daytona Beach,3.042,3.474,3.801,-0.5232177894048395
2025-10-07,Daytona Beach,3.01,3.432,3.771,-1.051939513477973
2025-10-08,Daytona Beach,2.985,3.408,3.75,-0.830564784053156
2025-10-09,Daytona Beach,3.013,3.46,3.802,0.9380234505862672
2025-10-10,Daytona Beach,2.958,3.388,3.727,-1.8254231662794496
2025-10-11,Daytona Beach,2.941,3.365,3.714,-0.5747126436781769
2025-10-12,Daytona Beach,2.935,3.361,3.696,-0.20401224073444135
2025-10-13,Daytona Beach,2.924,3.346,3.689,-0.37478705281090985
2025-10-14,Daytona Beach,2.969,3.415,3.756,1.5389876880985032
2025-10-15,Daytona Beach,2.981,3.421,3.763,0.4041764904008094
2025-10-16,Daytona Beach,2.979,3.418,3.757,-0.06709158000670623
2025-10-17,Daytona Beach,2.954,3.396,3.749,-0.8392077878482729
2025-10-18,Daytona Beach,2.927,3.363,3.735,-0.9140148950575577
2025-10-19,Daytona Beach,2.915,3.347,3.724,-0.40997608472839175
2025-10-20,Daytona Beach,2.902,3.33,3.684,-0.4459691252144071
2025-10-21,Daytona Beach,2.883,3.306,3.648,-0.6547208821502504
2025-10-22,Daytona Beach,2.951,3.401,3.742,2.358654179673958
2025-10-23,Daytona Beach,2.977,3.414,3.748,0.8810572687224516
2025-10-24,Daytona Beach,2.964,3.403,3.742,-0.4366812227074246
2025-10-25,Daytona Beach,2.949,3.386,3.728,-0.5060728744939347
2025-10-26,Daytona Beach,2.935,3.374,3.706,-0.47473719905052336
2025-10-27,Daytona Beach,2.929,3.364,3.697,-0.20442930153322658
2025-10-28,Daytona Beach,2.91,3.349,3.679,-0.6486855582109818
2025-11-01,Daytona Beach,3.002,3.425,3.755,3.1615120274913977
2025-11-03,Daytona Beach,2.983,3.421,3.75,-0.6329113924050556
2025-11-07,Daytona Beach,2.914,3.348,3.699,-2.3131076097888004
2025-11-08,Daytona Beach,2.9,3.335,3.674,-0.48043925875086435
2025-11-09,Daytona Beach,2.889,3.316,3.644,-0.3793103448275881
2025-11-11,Daytona Beach,2.953,3.404,3.732,2.215299411561089
2025-11-14,Daytona Beach,2.964,3.4,3.722,0.3725025397900428
2025-11-15,Daytona Beach,2.947,3.389,3.715,-0.5735492577597756
2025-11-16,Daytona Beach,2.944,3.376,3.715,-0.10179843909060571
2025-11-17,Daytona Beach,2.941,3.363,3.713,-0.10190217391304879
2025-11-21,Daytona Beach,3.158,3.618,3.938,7.378442706562405
2025-11-24,Daytona Beach,3.147,3.596,3.916,-0.3483217226092461
2025-12-02,Daytona Beach,3.091,3.542,3.878,-1.7794725135049094
2025-12-04,Daytona Beach,3.079,3.533,3.87,-0.3882238757683565
2025-12-11,Daytona Beach,2.902,3.34,3.675,-5.748619681714839
2025-12-17,Daytona Beach,2.923,3.401,3.734,0.7236388697450025
2025-12-22,Daytona Beach,2.908,3.358,3.697,-0.5131713992473474
2025-12-23,Daytona Beach,2.886,3.333,3.673,-0.7565337001375405
2025-12-26,Daytona Beach,2.847,3.307,3.638,-1.3513513513513598
2025-12-27,Daytona Beach,2.828,3.263,3.604,-0.6673691605198484
2025-12-29,Daytona Beach,2.806,3.239,3.583,-0.7779349363507659
2025-12-30,Daytona Beach,2.848,3.307,3.647,1.4967925873129007
2022-01-28,Fort Lauderdale,3.373,3.741,4.039,
2022-01-28,Fort Lauderdale,3.373,3.741,4.039,0.0
2022-03-07,Fort Lauderdale,4.035,4.306,4.614,19.62644530091906
2022-03-07,Fort Lauderdale,4.035,4.306,4.614,0.0
2022-03-08,Fort Lauderdale,4.035,4.306,4.614,0.0
2022-03-08,Fort Lauderdale,4.035,4.306,4.614,0.0
2022-03-22,Fort Lauderdale,4.261,4.663,4.964,5.600991325898397
2022-03-22,Fort Lauderdale,4.261,4.663,4.964,0.0
2022-04-01,Fort Lauderdale,4.254,4.655,4.953,-0.16428068528515638
2022-04-01,Fort Lauderdale,4.254,4.655,4.953,0.0
2022-04-14,Fort Lauderdale,4.125,4.569,4.862,-3.0324400564174847
2022-04-19,Fort Lauderdale,4.139,4.547,4.852,0.33939393939395046
2022-05-11,Fort Lauderdale,4.376,4.728,5.039,5.72602077796569
2022-05-25,Fort Lauderdale,4.608,4.96,5.237,5.301645338208383
2022-05-29,Fort Lauderdale,4.604,4.967,5.242,-0.08680555555554692
2022-05-31,Fort Lauderdale,4.609,4.971,5.237,0.10860121633362585
2022-06-06,Fort Lauderdale,4.794,5.149,5.438,4.013885875461054
2022-06-09,Fort Lauderdale,4.815,5.197,5.499,0.4380475594493394
2022-06-25,Fort Lauderdale,4.771,5.215,5.524,-0.9138110072689609
2022-06-26,Fort Lauderdale,4.759,5.203,5.52,-0.25151959756863906
2022-06-27,Fort Lauderdale,4.759,5.203,5.52,0.0
2022-06-29,Fort Lauderdale,4.712,5.161,5.478,-0.9876024374868786
2022-06-30,Fort Lauderdale,4.701,5.147,5.468,-0.23344651952461604
2022-07-02,Fort Lauderdale,4.659,5.119,5.434,-0.8934269304403331
2022-07-10,Fort Lauderdale,4.522,4.997,5.314,-2.9405451813693806
2022-08-01,Fort Lauderdale,4.038,4.498,4.816,-10.703228659885012
2022-09-22,Fort Lauderdale,3.43,3.881,4.177,-15.056958890539873
2022-09-23,Fort Lauderdale,3.422,3.871,4.171,-0.23323615160349975
2022-09-27,Fort Lauderdale,3.422,3.863,4.164,0.0
2022-10-02,Fort Lauderdale,3.28,3.753,4.05,-4.149620105201645
2022-10-03,Fort Lauderdale,3.245,3.712,4.017,-1.0670731707317027
2022-10-04,Fort Lauderdale,3.21,3.692,3.991,-1.078582434514641
2022-11-05,Fort Lauderdale,3.463,3.845,4.17,7.881619937694717
2022-11-10,Fort Lauderdale,3.594,3.971,4.27,3.7828472422754666
2022-11-21,Fort Lauderdale,3.496,3.898,4.218,-2.7267668336115714
2022-11-26,Fort Lauderdale,3.442,3.856,4.154,-1.5446224256292829
2022-11-28,Fort Lauderdale,3.427,3.849,4.139,-0.43579314352121257
2022-11-30,Fort Lauderdale,3.408,3.833,4.125,-0.5544207761890907
2022-12-01,Fort Lauderdale,3.384,3.817,4.121,-0.7042253521126751
2022-12-05,Fort Lauderdale,3.325,3.748,4.06,-1.743498817966893
2022-12-07,Fort Lauderdale,3.303,3.751,4.04,-0.661654135338352
2022-12-08,Fort Lauderdale,3.261,3.72,4.018,-1.2715712988192518
2022-12-10,Fort Lauderdale,3.253,3.7,4.014,-0.24532352039251526
2023-01-19,Fort Lauderdale,3.454,3.835,4.174,6.17891177374732
2023-03-23,Fort Lauderdale,3.468,3.863,4.16,0.4053271569194994
2023-03-27,Fort Lauderdale,3.422,3.815,4.129,-1.3264129181084106
2023-03-30,Fort Lauderdale,3.486,3.871,4.201,1.8702513150204547
2023-04-02,Fort Lauderdale,3.506,3.891,4.21,0.5737234652897216
2023-04-03,Fort Lauderdale,3.506,3.882,4.213,0.0
2023-05-15,Fort Lauderdale,3.535,3.952,4.255,0.8271534512264811
2023-05-16,Fort Lauderdale,3.526,3.941,4.246,-0.25459688826026117
2023-05-17,Fort Lauderdale,3.517,3.939,4.25,-0.25524673851389235
2023-05-18,Fort Lauderdale,3.507,3.937,4.248,-0.28433323855557857
2023-05-22,Fort Lauderdale,3.479,3.902,4.224,-0.7984031936127733
2023-05-24,Fort Lauderdale,3.462,3.888,4.199,-0.4886461626904204
2023-05-25,Fort Lauderdale,3.456,3.888,4.205,-0.17331022530330253
2023-05-26,Fort Lauderdale,3.461,3.89,4.209,0.14467592592593004
2023-05-30,Fort Lauderdale,3.467,3.893,4.19,0.17336030049119877
2023-05-31,Fort Lauderdale,3.46,3.883,4.202,-0.20190366310931518
2023-06-01,Fort Lauderdale,3.452,3.89,4.198,-0.23121387283236983
2023-06-06,Fort Lauderdale,3.42,3.845,4.154,-0.9269988412514474
2023-06-07,Fort Lauderdale,3.411,3.841,4.14,-0.2631578947368429
2023-06-09,Fort Lauderdale,3.442,3.869,4.171,0.9088243916739902
2023-06-10,Fort Lauderdale,3.442,3.869,4.171,0.0
2023-06-13,Fort Lauderdale,3.49,3.887,4.216,1.394538059267858
2023-06-14,Fort Lauderdale,3.488,3.89,4.214,-0.05730659025788842
2023-06-16,Fort Lauderdale,3.465,3.874,4.193,-0.6594036697247785
2023-06-23,Fort Lauderdale,3.403,3.821,4.14,-1.789321789321785
2023-07-04,Fort Lauderdale,3.317,3.751,4.057,-2.527181898325004
2023-11-11,Fort Lauderdale,3.255,3.716,4.03,-1.8691588785046842
2023-11-29,Fort Lauderdale,3.181,3.652,3.954,-2.2734254992319514
2024-01-18,Fort Lauderdale,3.114,3.558,3.892,-2.1062558943728438
2024-02-21,Fort Lauderdale,3.385,3.794,4.113,8.702633269107253
2024-02-26,Fort Lauderdale,3.364,3.782,4.1,-0.6203840472673527
2024-02-27,Fort Lauderdale,3.354,3.775,4.105,-0.29726516052318575
2024-02-28,Fort Lauderdale,3.384,3.793,4.118,0.8944543828264706
2024-03-01,Fort Lauderdale,3.411,3.845,4.16,0.7978723404255428
2024-03-02,Fort Lauderdale,3.404,3.838,4.148,-0.20521841102316696
2024-03-04,Fort Lauderdale,3.398,3.835,4.134,-0.1762632197414793
2024-03-05,Fort Lauderdale,3.387,3.806,4.129,-0.3237198351971782
2024-04-11,Fort Lauderdale,3.623,4.024,4.324,6.967818128137004
2024-04-22,Fort Lauderdale,3.628,4.022,4.319,0.13800717637317828
2024-04-23,Fort Lauderdale,3.628,4.022,4.319,0.0
2024-05-06,Fort Lauderdale,3.643,4.052,4.33,0.41345093715545733
2024-05-19,Fort Lauderdale,3.508,3.952,4.254,-3.7057370299203862
2024-05-24,Fort Lauderdale,3.589,4.027,4.307,2.309007981755995
2024-05-31,Fort Lauderdale,3.535,3.962,4.264,-1.5045973808860413
2024-06-03,Fort Lauderdale,3.496,3.921,4.221,-1.1032531824611058
2024-06-12,Fort Lauderdale,3.347,3.802,4.109,-4.262013729977121
2024-06-16,Fort Lauderdale,3.313,3.776,4.088,-1.0158350761876211
2024-06-20,Fort Lauderdale,3.385,3.817,4.114,2.173256866888007
2024-06-21,Fort Lauderdale,3.385,3.817,4.114,0.0
2024-06-23,Fort Lauderdale,3.399,3.829,4.136,0.41358936484490183
2024-06-29,Fort Lauderdale,3.408,3.839,4.15,0.26478375992939895
2024-07-04,Fort Lauderdale,3.552,3.931,4.236,4.225352112676051
2024-07-09,Fort Lauderdale,3.53,3.927,4.235,-0.6193693693693714
2024-07-10,Fort Lauderdale,3.53,3.927,4.235,0.0
2024-07-12,Fort Lauderdale,3.57,3.978,4.278,1.1331444759206777
2024-07-18,Fort Lauderdale,3.483,3.918,4.219,-2.4369747899159577
2024-07-22,Fort Lauderdale,3.378,3.811,4.121,-3.0146425495262696
2024-07-24,Fort Lauderdale,3.477,3.885,4.2,2.930728241563041
2024-07-25,Fort Lauderdale,3.477,3.885,4.2,0.0
2024-08-01,Fort Lauderdale,3.431,3.87,4.174,-1.3229795800977828
2024-08-11,Fort Lauderdale,3.37,3.798,4.116,-1.777907315651417
2024-08-16,Fort Lauderdale,3.377,3.807,4.121,0.20771513353115
2024-08-17,Fort Lauderdale,3.377,3.807,4.121,0.0
2024-08-18,Fort Lauderdale,3.352,3.783,4.101,-0.7403020432336316
2024-08-19,Fort Lauderdale,3.344,3.757,4.086,-0.23866348448687846
2024-08-20,Fort Lauderdale,3.344,3.757,4.086,0.0
2024-09-07,Fort Lauderdale,3.247,3.695,4.029,-2.900717703349287
2024-09-09,Fort Lauderdale,3.199,3.639,3.972,-1.4782876501385878
2024-09-16,Fort Lauderdale,3.127,3.579,3.906,-2.2507033447952463
2024-09-19,Fort Lauderdale,3.181,3.638,3.958,1.7268947873361196
2024-09-21,Fort Lauderdale,3.148,3.61,3.931,-1.0374096196164695
2024-09-23,Fort Lauderdale,3.148,3.61,3.931,0.0
2024-09-24,Fort Lauderdale,3.163,3.601,3.909,0.476493011435819
2024-09-25,Fort Lauderdale,3.163,3.601,3.909,0.0
2024-09-26,Fort Lauderdale,3.195,3.645,3.956,1.0116977552956152
2024-09-27,Fort Lauderdale,3.203,3.643,3.967,0.250391236306724
2024-10-01,Fort Lauderdale,3.18,3.646,3.947,-0.7180768029971807
2024-10-02,Fort Lauderdale,3.171,3.631,3.949,-0.2830188679245338
2024-10-04,Fort Lauderdale,3.153,3.612,3.932,-0.5676442762535427
2024-10-06,Fort Lauderdale,3.142,3.589,3.9,-0.34887408817000365
2024-10-09,Fort Lauderdale,3.14,3.589,3.906,-0.06365372374282918
2024-10-13,Fort Lauderdale,3.135,3.579,3.887,-0.15923566878981443
2024-10-21,Fort Lauderdale,3.11,3.562,3.872,-0.797448165869219
2024-11-01,Fort Lauderdale,3.083,3.555,3.868,-0.8681672025723342
2024-11-02,Fort Lauderdale,3.083,3.555,3.868,0.0
2024-11-04,Fort Lauderdale,3.045,3.49,3.818,-1.2325656827765208
2024-11-05,Fort Lauderdale,3.105,3.563,3.871,1.9704433497536922
2024-11-06,Fort Lauderdale,3.163,3.594,3.904,1.8679549114331673
2024-11-07,Fort Lauderdale,3.168,3.61,3.917,0.15807777426495306
2024-11-08,Fort Lauderdale,3.158,3.601,3.908,-0.31565656565657463
2024-11-10,Fort Lauderdale,3.13,3.576,3.872,-0.8866371120962668
2024-11-11,Fort Lauderdale,3.114,3.56,3.864,-0.5111821086261958
2024-11-12,Fort Lauderdale,3.095,3.55,3.848,-0.6101477199742966
2024-11-13,Fort Lauderdale,3.068,3.532,3.833,-0.8723747980613927
2024-11-14,Fort Lauderdale,3.044,3.51,3.81,-0.7822685788787531
2024-11-15,Fort Lauderdale,3.106,3.542,3.851,2.0367936925098418
2024-11-16,Fort Lauderdale,3.16,3.599,3.904,1.7385705086928605
2024-11-17,Fort Lauderdale,3.158,3.601,3.896,-0.06329113924051777
2024-11-18,Fort Lauderdale,3.151,3.582,3.89,-0.2216592780240667
2024-11-19,Fort Lauderdale,3.118,3.563,3.872,-1.0472865756902539
2024-11-20,Fort Lauderdale,3.089,3.543,3.853,-0.9300833867863956
2024-11-21,Fort Lauderdale,3.061,3.525,3.811,-0.9064422143088335
2024-11-22,Fort Lauderdale,3.039,3.515,3.798,-0.7187193727539953
2024-11-24,Fort Lauderdale,3.127,3.58,3.874,2.8956893715037735
2024-11-25,Fort Lauderdale,3.145,3.589,3.871,0.5756315957787139
2024-11-26,Fort Lauderdale,3.124,3.572,3.851,-0.6677265500794838
2024-11-27,Fort Lauderdale,3.124,3.571,3.841,0.0
2024-11-28,Fort Lauderdale,3.145,3.594,3.866,0.6722151088348172
2024-12-01,Fort Lauderdale,3.134,3.564,3.85,-0.3497615262321174
2024-12-02,Fort Lauderdale,3.119,3.559,3.83,-0.4786215698787344
2024-12-03,Fort Lauderdale,3.098,3.538,3.837,-0.6732927220262974
2024-12-05,Fort Lauderdale,3.044,3.51,3.78,-1.7430600387346673
2024-12-06,Fort Lauderdale,3.021,3.484,3.775,-0.7555847568988194
2024-12-07,Fort Lauderdale,3.067,3.547,3.836,1.522674611055952
2024-12-08,Fort Lauderdale,3.121,3.57,3.856,1.7606781871535748
2024-12-09,Fort Lauderdale,3.131,3.566,3.868,0.3204101249599356
2024-12-10,Fort Lauderdale,3.13,3.562,3.857,-0.03193867773874093
2024-12-11,Fort Lauderdale,3.101,3.546,3.837,-0.9265175718849772
2024-12-12,Fort Lauderdale,3.074,3.526,3.822,-0.870686875201554
2024-12-13,Fort Lauderdale,3.044,3.496,3.809,-0.9759271307742345
2024-12-16,Fort Lauderdale,3.144,3.587,3.861,3.285151116951379
2024-12-17,Fort Lauderdale,3.143,3.581,3.866,-0.031806615776086566
2024-12-18,Fort Lauderdale,3.118,3.566,3.85,-0.795418390073177
2024-12-19,Fort Lauderdale,3.091,3.554,3.839,-0.865939704939056
2024-12-20,Fort Lauderdale,3.073,3.518,3.81,-0.5823358136525458
2024-12-23,Fort Lauderdale,3.029,3.48,3.771,-1.4318255776114563
2024-12-24,Fort Lauderdale,3.091,3.545,3.827,2.046880158468145
2024-12-27,Fort Lauderdale,3.111,3.539,3.84,0.6470397929472682
2024-12-28,Fort Lauderdale,3.101,3.543,3.835,-0.32144005143041054
2024-12-29,Fort Lauderdale,3.091,3.518,3.812,-0.32247662044501135
2024-12-30,Fort Lauderdale,3.078,3.509,3.796,-0.4205758654157288
2025-01-01,Fort Lauderdale,3.111,3.561,3.833,1.072124756335291
2025-01-02,Fort Lauderdale,3.129,3.569,3.851,0.5785920925747368
2025-01-03,Fort Lauderdale,3.141,3.577,3.864,0.3835091083413289
2025-01-05,Fort Lauderdale,3.128,3.561,3.846,-0.41388092964024237
2025-01-06,Fort Lauderdale,3.115,3.55,3.849,-0.4156010230178975
2025-01-07,Fort Lauderdale,3.091,3.537,3.84,-0.7704654895666185
2025-01-08,Fort Lauderdale,3.07,3.509,3.799,-0.6793917825946405
2025-01-09,Fort Lauderdale,3.117,3.568,3.852,1.5309446254071712
2025-01-11,Fort Lauderdale,3.144,3.575,3.872,0.8662175168431263
2025-01-13,Fort Lauderdale,3.12,3.541,3.839,-0.7633587786259555
2025-01-14,Fort Lauderdale,3.178,3.627,3.906,1.8589743589743524
2025-01-15,Fort Lauderdale,3.235,3.651,3.946,1.7935808684707455
2025-01-16,Fort Lauderdale,3.234,3.653,3.954,-0.03091190108190922
2025-01-17,Fort Lauderdale,3.223,3.653,3.949,-0.3401360544217691
2025-01-18,Fort Lauderdale,3.212,3.645,3.937,-0.341296928327639
2025-01-19,Fort Lauderdale,3.189,3.626,3.92,-0.7160647571606504
2025-01-20,Fort Lauderdale,3.177,3.611,3.904,-0.37629350893697566
2025-01-21,Fort Lauderdale,3.161,3.59,3.892,-0.503619767075858
2025-01-23,Fort Lauderdale,3.104,3.569,3.858,-1.8032268269534968
2025-01-24,Fort Lauderdale,3.176,3.648,3.942,2.319587628865971
2025-01-26,Fort Lauderdale,3.221,3.657,3.945,1.416876574307313
2025-01-27,Fort Lauderdale,3.2,3.62,3.909,-0.6519714374417895
2025-01-28,Fort Lauderdale,3.173,3.609,3.884,-0.8437499999999987
2025-01-30,Fort Lauderdale,3.107,3.568,3.855,-2.080050425464852
2025-02-01,Fort Lauderdale,3.059,3.519,3.822,-1.544898616028323
2025-02-02,Fort Lauderdale,3.046,3.502,3.805,-0.4249754821837315
2025-02-03,Fort Lauderdale,3.029,3.479,3.785,-0.5581089954038054
2025-02-04,Fort Lauderdale,3.147,3.617,3.889,3.8956751403103285
2025-02-06,Fort Lauderdale,3.237,3.669,3.952,2.8598665395614953
2025-02-07,Fort Lauderdale,3.237,3.669,3.952,0.0
2025-02-09,Fort Lauderdale,3.181,3.62,3.899,-1.7299969107197999
2025-02-10,Fort Lauderdale,3.164,3.596,3.893,-0.5344231373781816
2025-02-11,Fort Lauderdale,3.13,3.571,3.849,-1.074589127686476
2025-02-12,Fort Lauderdale,3.107,3.558,3.844,-0.7348242811501482
2025-02-13,Fort Lauderdale,3.077,3.539,3.823,-0.9655616350177088
2025-02-15,Fort Lauderdale,3.041,3.501,3.786,-1.1699707507312307
2025-02-16,Fort Lauderdale,3.031,3.481,3.779,-0.3288391976323468
2025-02-17,Fort Lauderdale,3.029,3.479,3.764,-0.06598482349060575
2025-02-18,Fort Lauderdale,3.095,3.578,3.84,2.1789369428854455
2025-02-19,Fort Lauderdale,3.158,3.599,3.875,2.0355411954765756
2025-02-20,Fort Lauderdale,3.151,3.598,3.865,-0.2216592780240667
2025-02-21,Fort Lauderdale,3.137,3.591,3.856,-0.44430339574736966
2025-02-22,Fort Lauderdale,3.114,3.567,3.855,-0.7331845712464147
2025-02-23,Fort Lauderdale,3.094,3.543,3.832,-0.6422607578676964
2025-02-25,Fort Lauderdale,3.116,3.583,3.879,0.7110536522301203
2025-02-26,Fort Lauderdale,3.152,3.597,3.88,1.1553273427471034
2025-02-27,Fort Lauderdale,3.137,3.586,3.867,-0.4758883248730972
2025-02-28,Fort Lauderdale,3.105,3.563,3.848,-1.0200828817341412
2025-03-01,Fort Lauderdale,3.075,3.543,3.825,-0.9661835748792202
2025-03-02,Fort Lauderdale,3.053,3.519,3.815,-0.715447154471549
2025-03-03,Fort Lauderdale,3.034,3.495,3.79,-0.622338683262369
2025-03-04,Fort Lauderdale,3.003,3.47,3.758,-1.0217534607778411
2025-03-06,Fort Lauderdale,3.128,3.577,3.868,4.162504162504166
2025-03-07,Fort Lauderdale,3.118,3.569,3.849,-0.31969309462915874
2025-03-08,Fort Lauderdale,3.084,3.545,3.828,-1.0904425914047389
2025-03-09,Fort Lauderdale,3.063,3.52,3.79,-0.6809338521400754
2025-03-10,Fort Lauderdale,3.041,3.505,3.796,-0.7182500816193316
2025-03-11,Fort Lauderdale,3.016,3.488,3.765,-0.8220979940808948
2025-03-12,Fort Lauderdale,2.984,3.473,3.752,-1.0610079575596787
2025-03-13,Fort Lauderdale,2.959,3.445,3.735,-0.8378016085790807
2025-03-14,Fort Lauderdale,3.051,3.544,3.833,3.10915849949307
2025-03-15,Fort Lauderdale,3.1,3.535,3.825,1.6060308095706244
2025-03-16,Fort Lauderdale,3.095,3.537,3.831,-0.1612903225806428
2025-03-17,Fort Lauderdale,3.086,3.524,3.822,-0.2907915993538124
2025-03-18,Fort Lauderdale,3.068,3.526,3.812,-0.5832793259883284
2025-03-19,Fort Lauderdale,3.037,3.512,3.8,-1.0104302477183857
2025-03-20,Fort Lauderdale,3.001,3.478,3.76,-1.185380309515971
2025-03-21,Fort Lauderdale,2.96,3.436,3.735,-1.3662112629123646
2025-03-22,Fort Lauderdale,2.936,3.41,3.721,-0.8108108108108136
2025-03-24,Fort Lauderdale,2.916,3.371,3.673,-0.6811989100817484
2025-03-25,Fort Lauderdale,3.072,3.532,3.812,5.3497942386831365
2025-03-26,Fort Lauderdale,3.153,3.595,3.872,2.63671875
2025-03-27,Fort Lauderdale,3.159,3.62,3.877,0.19029495718363432
2025-03-28,Fort Lauderdale,3.145,3.611,3.878,-0.44317822095599757
2025-03-29,Fort Lauderdale,3.12,3.592,3.861,-0.7949125596184436
2025-03-30,Fort Lauderdale,3.102,3.557,3.834,-0.576923076923086
2025-03-31,Fort Lauderdale,3.097,3.538,3.816,-0.1611863313990991
2025-04-02,Fort Lauderdale,3.164,3.614,3.909,2.1633839199225013
2025-04-03,Fort Lauderdale,3.227,3.654,3.93,1.9911504424778625
2025-04-04,Fort Lauderdale,3.222,3.659,3.941,-0.15494267121164418
2025-04-05,Fort Lauderdale,3.188,3.638,3.921,-1.055245189323395
2025-04-06,Fort Lauderdale,3.172,3.619,3.913,-0.5018820577164407
2025-04-07,Fort Lauderdale,3.168,3.595,3.9,-0.12610340479193294
2025-04-08,Fort Lauderdale,3.19,3.64,3.923,0.694444444444442
2025-04-09,Fort Lauderdale,3.216,3.651,3.932,0.8150470219435713
2025-04-10,Fort Lauderdale,3.188,3.625,3.92,-0.8706467661691586
2025-04-11,Fort Lauderdale,3.148,3.599,3.877,-1.2547051442910906
2025-04-12,Fort Lauderdale,3.106,3.559,3.837,-1.3341804320203376
2025-04-13,Fort Lauderdale,3.083,3.535,3.822,-0.7405022537025019
2025-04-14,Fort Lauderdale,3.067,3.513,3.804,-0.5189750243269509
2025-04-15,Fort Lauderdale,3.042,3.481,3.778,-0.8151287903488846
2025-04-16,Fort Lauderdale,3.003,3.465,3.754,-1.2820512820512775
2025-04-17,Fort Lauderdale,2.987,3.466,3.735,-0.532800532800537
2025-04-18,Fort Lauderdale,3.024,3.506,3.777,1.2387010378305918
2025-04-19,Fort Lauderdale,3.02,3.501,3.767,-0.1322751322751281
2025-04-20,Fort Lauderdale,3.006,3.472,3.748,-0.46357615894040416
2025-04-21,Fort Lauderdale,2.997,3.467,3.739,-0.29940119760478723
2025-04-22,Fort Lauderdale,3.088,3.555,3.833,3.036369703036379
2025-04-23,Fort Lauderdale,3.143,3.583,3.87,1.7810880829015385
2025-04-24,Fort Lauderdale,3.134,3.591,3.864,-0.2863506204263455
2025-04-25,Fort Lauderdale,3.096,3.558,3.843,-1.212507977026156
2025-04-26,Fort Lauderdale,3.063,3.527,3.822,-1.065891472868219
2025-04-27,Fort Lauderdale,3.048,3.508,3.804,-0.48971596474045587
2025-04-28,Fort Lauderdale,3.028,3.49,3.793,-0.6561679790026198
2025-04-29,Fort Lauderdale,3.052,3.526,3.806,0.7926023778071389
2025-04-30,Fort Lauderdale,3.142,3.595,3.884,2.9488859764088993
2025-05-01,Fort Lauderdale,3.178,3.607,3.89,1.145767027371103
2025-05-02,Fort Lauderdale,3.154,3.601,3.872,-0.7551919446192601
2025-05-03,Fort Lauderdale,3.119,3.59,3.862,-1.109701965757759
2025-05-04,Fort Lauderdale,3.08,3.56,3.846,-1.2504007694774
2025-05-05,Fort Lauderdale,3.07,3.526,3.802,-0.32467532467532756
2025-05-06,Fort Lauderdale,3.035,3.511,3.775,-1.140065146579794
2025-05-07,Fort Lauderdale,3.002,3.496,3.747,-1.0873146622734864
2025-05-08,Fort Lauderdale,2.974,3.467,3.729,-0.9327115256495544
2025-05-09,Fort Lauderdale,2.956,3.435,3.721,-0.605245460659054
2025-05-10,Fort Lauderdale,2.939,3.437,3.707,-0.5751014884979644
2025-05-11,Fort Lauderdale,2.925,3.414,3.695,-0.47635250085064085
2025-05-12,Fort Lauderdale,2.919,3.382,3.684,-0.20512820512820218
2025-05-13,Fort Lauderdale,3.059,3.53,3.824,4.796163069544379
2025-05-14,Fort Lauderdale,3.141,3.577,3.873,2.6806145799280756
2025-05-15,Fort Lauderdale,3.141,3.588,3.873,0.0
2025-05-16,Fort Lauderdale,3.119,3.574,3.858,-0.700413880929629
2025-05-17,Fort Lauderdale,3.084,3.557,3.829,-1.1221545367104846
2025-05-18,Fort Lauderdale,3.059,3.536,3.806,-0.8106355382619945
2025-05-19,Fort Lauderdale,3.04,3.498,3.781,-0.6211180124223614
2025-05-20,Fort Lauderdale,3.013,3.485,3.755,-0.8881578947368518
2025-05-21,Fort Lauderdale,3.092,3.57,3.863,2.6219714570195896
2025-05-22,Fort Lauderdale,3.152,3.592,3.902,1.9404915912031084
2025-05-23,Fort Lauderdale,3.152,3.599,3.893,0.0
2025-05-24,Fort Lauderdale,3.128,3.589,3.863,-0.761421319796951
2025-05-25,Fort Lauderdale,3.101,3.558,3.831,-0.8631713554987264
2025-05-26,Fort Lauderdale,3.078,3.52,3.806,-0.7416962270235472
2025-05-27,Fort Lauderdale,3.052,3.503,3.785,-0.8447043534762777
2025-05-28,Fort Lauderdale,3.019,3.49,3.757,-1.081258191349932
2025-05-29,Fort Lauderdale,3.088,3.585,3.855,2.2855250082808753
2025-05-30,Fort Lauderdale,3.143,3.613,3.888,1.7810880829015385
2025-05-31,Fort Lauderdale,3.131,3.603,3.874,-0.38180082723512365
2025-06-01,Fort Lauderdale,3.115,3.591,3.867,-0.5110188438198549
2025-06-02,Fort Lauderdale,3.094,3.557,3.835,-0.6741573033707926
2025-06-03,Fort Lauderdale,3.055,3.536,3.815,-1.2605042016806678
2025-06-04,Fort Lauderdale,3.016,3.5,3.797,-1.276595744680853
2025-06-05,Fort Lauderdale,3.085,3.575,3.853,2.287798408488051
2025-06-07,Fort Lauderdale,3.134,3.598,3.86,1.588330632090762
2025-06-08,Fort Lauderdale,3.116,3.591,3.854,-0.5743458838544879
2025-06-09,Fort Lauderdale,3.099,3.563,3.844,-0.5455712451861383
2025-06-10,Fort Lauderdale,3.065,3.536,3.821,-1.0971281058406057
2025-06-11,Fort Lauderdale,3.028,3.508,3.801,-1.2071778140293588
2025-06-13,Fort Lauderdale,2.972,3.465,3.733,-1.8494055482166427
2025-06-14,Fort Lauderdale,2.97,3.453,3.738,-0.06729475100941684
2025-06-15,Fort Lauderdale,2.972,3.443,3.733,0.06734006734006037
2025-06-16,Fort Lauderdale,2.971,3.423,3.711,-0.03364737550470842
2025-06-17,Fort Lauderdale,3.101,3.576,3.866,4.375631100639521
2025-06-18,Fort Lauderdale,3.168,3.612,3.898,2.1605933569816216
2025-06-19,Fort Lauderdale,3.184,3.624,3.891,0.5050505050504972
2025-06-20,Fort Lauderdale,3.167,3.617,3.893,-0.5339195979899625
2025-06-21,Fort Lauderdale,3.14,3.601,3.883,-0.8525418377012817
2025-06-22,Fort Lauderdale,3.128,3.582,3.869,-0.3821656050955413
2025-06-23,Fort Lauderdale,3.116,3.564,3.844,-0.38363171355498826
2025-06-24,Fort Lauderdale,3.098,3.562,3.849,-0.5776636713735628
2025-06-25,Fort Lauderdale,3.079,3.539,3.831,-0.6132989025177449
2025-06-26,Fort Lauderdale,3.054,3.522,3.813,-0.8119519324456093
2025-06-27,Fort Lauderdale,3.02,3.503,3.792,-1.113294040602486
2025-06-28,Fort Lauderdale,2.997,3.478,3.768,-0.7615894039735172
2025-06-29,Fort Lauderdale,2.98,3.468,3.761,-0.5672339005672322
2025-06-30,Fort Lauderdale,2.965,3.441,3.754,-0.5033557046979942
2025-07-01,Fort Lauderdale,3.065,3.546,3.84,3.3726812816188945
2025-07-02,Fort Lauderdale,3.149,3.599,3.877,2.740619902120711
2025-07-03,Fort Lauderdale,3.158,3.619,3.879,0.28580501746586773
2025-07-04,Fort Lauderdale,3.137,3.599,3.869,-0.6649778340722001
2025-07-05,Fort Lauderdale,3.126,3.587,3.859,-0.35065349059612005
2025-07-06,Fort Lauderdale,3.109,3.576,3.832,-0.5438259756877728
2025-07-07,Fort Lauderdale,3.097,3.559,3.831,-0.3859761981344523
2025-07-08,Fort Lauderdale,3.074,3.531,3.811,-0.7426541814659404
2025-07-09,Fort Lauderdale,3.036,3.518,3.802,-1.2361743656473578
2025-07-10,Fort Lauderdale,3.011,3.492,3.768,-0.8234519104084237
2025-07-11,Fort Lauderdale,2.992,3.469,3.751,-0.6310195948190045
2025-07-12,Fort Lauderdale,2.965,3.444,3.732,-0.9024064171123003
2025-07-13,Fort Lauderdale,2.955,3.425,3.711,-0.3372681281618828
2025-07-14,Fort Lauderdale,2.934,3.41,3.679,-0.7106598984771506
2025-07-15,Fort Lauderdale,2.946,3.42,3.686,0.4089979550102152
2025-07-16,Fort Lauderdale,3.076,3.548,3.817,4.412763068567549
2025-07-17,Fort Lauderdale,3.154,3.587,3.87,2.5357607282184613
2025-07-18,Fort Lauderdale,3.142,3.595,3.88,-0.38046924540265925
2025-07-19,Fort Lauderdale,3.112,3.587,3.876,-0.9548058561425821
2025-07-20,Fort Lauderdale,3.095,3.568,3.841,-0.5462724935732632
2025-07-21,Fort Lauderdale,3.08,3.534,3.805,-0.4846526655896688
2025-07-22,Fort Lauderdale,3.033,3.501,3.782,-1.5259740259740306
2025-07-23,Fort Lauderdale,2.999,3.476,3.77,-1.1210023079459175
2025-07-24,Fort Lauderdale,3.079,3.556,3.838,2.6675558519506426
2025-07-25,Fort Lauderdale,3.143,3.609,3.878,2.078596947060718
2025-07-26,Fort Lauderdale,3.14,3.619,3.891,-0.09545020680876704
2025-07-27,Fort Lauderdale,3.122,3.593,3.876,-0.5732484076433231
2025-07-28,Fort Lauderdale,3.111,3.571,3.845,-0.3523382447149115
2025-07-29,Fort Lauderdale,3.074,3.543,3.819,-1.1893281902925268
2025-07-30,Fort Lauderdale,3.037,3.524,3.795,-1.2036434612882174
2025-07-31,Fort Lauderdale,3.004,3.499,3.788,-1.0865986170563002
2025-08-01,Fort Lauderdale,2.983,3.478,3.765,-0.6990679094540542
2025-08-02,Fort Lauderdale,2.964,3.458,3.748,-0.6369426751592355
2025-08-03,Fort Lauderdale,2.959,3.439,3.738,-0.1686909581646412
2025-08-04,Fort Lauderdale,2.951,3.404,3.715,-0.27036160865157033
2025-08-05,Fort Lauderdale,3.068,3.542,3.832,3.96475770925111
2025-08-06,Fort Lauderdale,3.149,3.61,3.887,2.6401564537157807
2025-08-07,Fort Lauderdale,3.146,3.617,3.894,-0.09526833915528554
2025-08-08,Fort Lauderdale,3.118,3.596,3.877,-0.8900190718372558
2025-08-09,Fort Lauderdale,3.078,3.557,3.83,-1.2828736369467575
2025-08-10,Fort Lauderdale,3.057,3.528,3.808,-0.6822612085769952
2025-08-11,Fort Lauderdale,3.028,3.495,3.783,-0.9486424599280285
2025-08-12,Fort Lauderdale,3.001,3.474,3.78,-0.8916776750330313
2025-08-13,Fort Lauderdale,3.08,3.567,3.853,2.632455848050652
2025-08-14,Fort Lauderdale,3.148,3.599,3.88,2.207792207792214
2025-08-15,Fort Lauderdale,3.143,3.604,3.889,-0.15883100381195447
2025-08-16,Fort Lauderdale,3.114,3.579,3.851,-0.9226853324848849
2025-08-17,Fort Lauderdale,3.097,3.563,3.841,-0.5459216441875414
2025-08-18,Fort Lauderdale,3.082,3.552,3.83,-0.48433968356474955
2025-08-19,Fort Lauderdale,3.042,3.529,3.802,-1.29785853341986
2025-08-20,Fort Lauderdale,3.011,3.506,3.788,-1.0190664036817787
2025-08-21,Fort Lauderdale,2.991,3.472,3.764,-0.6642311524410527
2025-08-22,Fort Lauderdale,2.973,3.466,3.76,-0.6018054162487574
2025-08-23,Fort Lauderdale,2.955,3.459,3.744,-0.6054490413723412
2025-08-24,Fort Lauderdale,2.943,3.438,3.723,-0.4060913705583813
2025-08-25,Fort Lauderdale,2.948,3.409,3.706,0.16989466530750175
2025-08-26,Fort Lauderdale,3.069,3.548,3.835,4.104477611940305
2025-08-27,Fort Lauderdale,3.141,3.599,3.882,2.346041055718473
2025-08-28,Fort Lauderdale,3.155,3.62,3.898,0.44571792422793965
2025-08-29,Fort Lauderdale,3.134,3.61,3.885,-0.6656101426307459
2025-08-30,Fort Lauderdale,3.108,3.579,3.861,-0.829610721123164
2025-08-31,Fort Lauderdale,3.094,3.556,3.834,-0.45045045045045695
2025-09-01,Fort Lauderdale,3.079,3.533,3.806,-0.4848093083387073
2025-09-02,Fort Lauderdale,3.056,3.507,3.798,-0.746995777849957
2025-09-03,Fort Lauderdale,3.112,3.576,3.859,1.8324607329842868
2025-09-04,Fort Lauderdale,3.161,3.614,3.894,1.574550128534713
2025-09-05,Fort Lauderdale,3.157,3.61,3.897,-0.12654223347041693
2025-09-06,Fort Lauderdale,3.136,3.604,3.884,-0.6651884700665134
2025-09-07,Fort Lauderdale,3.12,3.597,3.858,-0.5102040816326481
2025-09-08,Fort Lauderdale,3.112,3.576,3.85,-0.2564102564102555
2025-09-09,Fort Lauderdale,3.081,3.551,3.836,-0.9961439588689003
2025-09-10,Fort Lauderdale,3.057,3.538,3.811,-0.7789678675754641
2025-09-11,Fort Lauderdale,3.032,3.516,3.786,-0.8177952240758901
2025-09-12,Fort Lauderdale,3.01,3.505,3.766,-0.7255936675461871
2025-09-13,Fort Lauderdale,2.98,3.484,3.749,-0.9966777408637828
2025-09-14,Fort Lauderdale,2.964,3.448,3.726,-0.5369127516778538
2025-09-15,Fort Lauderdale,3.024,3.515,3.808,2.0242914979757165
2025-09-16,Fort Lauderdale,3.131,3.616,3.9,3.5383597883597906
2025-09-17,Fort Lauderdale,3.216,3.658,3.933,2.7147876077930455
2025-09-18,Fort Lauderdale,3.216,3.682,3.951,0.0
2025-09-19,Fort Lauderdale,3.2,3.681,3.941,-0.497512437810943
2025-09-20,Fort Lauderdale,3.168,3.646,3.917,-1.0000000000000009
2025-09-21,Fort Lauderdale,3.145,3.608,3.894,-0.7260101010101105
2025-09-22,Fort Lauderdale,3.13,3.578,3.875,-0.4769475357710662
2025-09-23,Fort Lauderdale,3.084,3.54,3.826,-1.4696485623003186
2025-09-24,Fort Lauderdale,3.045,3.522,3.807,-1.2645914396887226
2025-09-25,Fort Lauderdale,3.015,3.507,3.794,-0.9852216748768461
2025-09-26,Fort Lauderdale,2.982,3.483,3.762,-1.0945273631840724
2025-09-27,Fort Lauderdale,2.956,3.444,3.739,-0.871898054996656
2025-09-28,Fort Lauderdale,2.942,3.431,3.735,-0.47361299052773864
2025-09-29,Fort Lauderdale,2.983,3.468,3.746,1.3936097892589983
2025-09-30,Fort Lauderdale,3.064,3.552,3.835,2.715387194099894
2025-10-01,Fort Lauderdale,3.14,3.588,3.876,2.4804177545691974
2025-10-02,Fort Lauderdale,3.141,3.608,3.884,0.03184713375796733
2025-10-03,Fort Lauderdale,3.119,3.604,3.864,-0.700413880929629
2025-10-04,Fort Lauderdale,3.09,3.57,3.846,-0.9297851875601282
2025-10-05,Fort Lauderdale,3.078,3.557,3.834,-0.3883495145631022
2025-10-06,Fort Lauderdale,3.072,3.552,3.806,-0.19493177387913674
2025-10-07,Fort Lauderdale,3.051,3.532,3.795,-0.68359375
2025-10-08,Fort Lauderdale,3.023,3.507,3.793,-0.9177318911832155
2025-10-09,Fort Lauderdale,3.004,3.49,3.772,-0.6285147204763475
2025-10-10,Fort Lauderdale,2.984,3.465,3.759,-0.665778961384822
2025-10-11,Fort Lauderdale,2.969,3.457,3.75,-0.5026809651474617
2025-10-12,Fort Lauderdale,2.959,3.443,3.732,-0.3368137420006634
2025-10-13,Fort Lauderdale,2.953,3.424,3.704,-0.2027712064886833
2025-10-14,Fort Lauderdale,2.994,3.476,3.756,1.3884185573992625
2025-10-15,Fort Lauderdale,3.011,3.505,3.774,0.5678022712090725
2025-10-16,Fort Lauderdale,3.012,3.5,3.782,0.033211557622059296
2025-10-17,Fort Lauderdale,2.997,3.478,3.765,-0.4980079681274896
2025-10-18,Fort Lauderdale,2.973,3.458,3.745,-0.800800800800805
2025-10-19,Fort Lauderdale,2.958,3.438,3.73,-0.504540867810277
2025-10-20,Fort Lauderdale,2.953,3.418,3.716,-0.16903313049358992
2025-10-21,Fort Lauderdale,2.923,3.393,3.698,-1.0159160176092086
2025-10-22,Fort Lauderdale,2.955,3.447,3.74,1.0947656517276805
2025-10-23,Fort Lauderdale,2.985,3.466,3.749,1.0152284263959421
2025-10-24,Fort Lauderdale,2.986,3.464,3.746,0.03350083752093891
2025-10-25,Fort Lauderdale,2.982,3.465,3.754,-0.13395847287340779
2025-10-26,Fort Lauderdale,2.971,3.464,3.742,-0.36887994634473564
2025-10-27,Fort Lauderdale,2.965,3.445,3.711,-0.20195220464490626
2025-10-28,Fort Lauderdale,2.951,3.424,3.705,-0.47217537942664256
2025-11-01,Fort Lauderdale,2.997,3.471,3.758,1.558793629278199
2025-11-03,Fort Lauderdale,2.987,3.456,3.757,-0.3336670003336595
2025-11-07,Fort Lauderdale,2.916,3.402,3.696,-2.376966856377638
2025-11-08,Fort Lauderdale,2.902,3.392,3.68,-0.4801097393689946
2025-11-09,Fort Lauderdale,2.89,3.374,3.675,-0.4135079255685792
2025-11-11,Fort Lauderdale,2.942,3.417,3.713,1.799307958477514
2025-11-14,Fort Lauderdale,2.974,3.442,3.741,1.0876954452753163
2025-11-15,Fort Lauderdale,2.956,3.441,3.73,-0.605245460659054
2025-11-16,Fort Lauderdale,2.951,3.424,3.722,-0.1691474966170503
2025-11-17,Fort Lauderdale,2.947,3.404,3.716,-0.13554727211114725
2025-11-21,Fort Lauderdale,3.129,3.588,3.864,6.175771971496435
2025-11-24,Fort Lauderdale,3.108,3.578,3.845,-0.6711409395973145
2025-12-02,Fort Lauderdale,3.008,3.486,3.776,-3.2175032175032148
2025-12-04,Fort Lauderdale,3.005,3.486,3.788,-0.09973404255319007
2025-12-11,Fort Lauderdale,2.89,3.388,3.68,-3.8269550748752046
2025-12-17,Fort Lauderdale,2.908,3.397,3.708,0.6228373702422019
2025-12-22,Fort Lauderdale,2.898,3.377,3.671,-0.3438789546079679
2025-12-23,Fort Lauderdale,2.873,3.354,3.645,-0.8626639061421693
2025-12-26,Fort Lauderdale,2.836,3.332,3.627,-1.2878524190741536
2025-12-27,Fort Lauderdale,2.813,3.286,3.589,-0.8110014104372287
2025-12-29,Fort Lauderdale,2.789,3.256,3.582,-0.8531816565943817
2025-12-30,Fort Lauderdale,2.838,3.33,3.655,1.7569021154535625
2022-01-28,Fort Myers-Cape Coral,3.346,3.707,3.991,
2022-01-28,Fort Myers-Cape Coral,3.346,3.707,3.991,0.0
2022-03-07,Fort Myers-Cape Coral,3.971,4.297,4.576,18.67901972504482
2022-03-07,Fort Myers-Cape Coral,3.971,4.297,4.576,0.0
2022-03-08,Fort Myers-Cape Coral,3.971,4.297,4.576,0.0
2022-03-08,Fort Myers-Cape Coral,3.971,4.297,4.576,0.0
2022-03-22,Fort Myers-Cape Coral,4.097,4.499,4.794,3.173004281037528
2022-03-22,Fort Myers-Cape Coral,4.097,4.499,4.794,0.0
2022-04-01,Fort Myers-Cape Coral,4.166,4.56,4.829,1.6841591408347512
2022-04-01,Fort Myers-Cape Coral,4.166,4.56,4.829,0.0
2022-04-14,Fort Myers-Cape Coral,4.0,4.414,4.718,-3.9846375420067304
2022-04-19,Fort Myers-Cape Coral,4.049,4.466,4.747,1.2250000000000094
2022-05-11,Fort Myers-Cape Coral,4.288,4.647,4.944,5.902692022721645
2022-05-25,Fort Myers-Cape Coral,4.569,4.938,5.225,6.5531716417910335
2022-05-29,Fort Myers-Cape Coral,4.56,4.938,5.223,-0.1969796454366457
2022-05-31,Fort Myers-Cape Coral,4.551,4.927,5.216,-0.19736842105262387
2022-06-06,Fort Myers-Cape Coral,4.744,5.123,5.403,4.240826192045688
2022-06-09,Fort Myers-Cape Coral,4.73,5.119,5.414,-0.2951096121416419
2022-06-25,Fort Myers-Cape Coral,4.71,5.126,5.425,-0.42283298097252064
2022-06-26,Fort Myers-Cape Coral,4.696,5.111,5.404,-0.2972399150743099
2022-06-27,Fort Myers-Cape Coral,4.696,5.111,5.404,0.0
2022-06-29,Fort Myers-Cape Coral,4.648,5.063,5.347,-1.0221465076660996
2022-06-30,Fort Myers-Cape Coral,4.624,5.044,5.342,-0.5163511187607606
2022-07-02,Fort Myers-Cape Coral,4.574,4.99,5.3,-1.0813148788927252
2022-07-10,Fort Myers-Cape Coral,4.435,4.857,5.165,-3.038915609969395
2022-08-01,Fort Myers-Cape Coral,3.935,4.36,4.668,-11.273957158962789
2022-09-22,Fort Myers-Cape Coral,3.349,3.757,4.071,-14.89199491740787
2022-09-23,Fort Myers-Cape Coral,3.331,3.739,4.022,-0.5374738727978556
2022-09-27,Fort Myers-Cape Coral,3.328,3.729,4.036,-0.09006304413089472
2022-10-02,Fort Myers-Cape Coral,3.201,3.591,3.894,-3.81610576923076
2022-10-03,Fort Myers-Cape Coral,3.181,3.591,3.892,-0.6248047485160946
2022-10-04,Fort Myers-Cape Coral,3.157,3.533,3.851,-0.7544797233574374
2022-11-05,Fort Myers-Cape Coral,3.454,3.854,4.152,9.407665505226493
2022-11-10,Fort Myers-Cape Coral,3.567,3.967,4.251,3.2715691951360704
2022-11-21,Fort Myers-Cape Coral,3.447,3.845,4.135,-3.3641715727502186
2022-11-26,Fort Myers-Cape Coral,3.383,3.792,4.082,-1.8566869741804437
2022-11-28,Fort Myers-Cape Coral,3.376,3.775,4.053,-0.20691693762933117
2022-11-30,Fort Myers-Cape Coral,3.362,3.761,4.051,-0.4146919431279539
2022-12-01,Fort Myers-Cape Coral,3.338,3.748,4.039,-0.713860797144561
2022-12-05,Fort Myers-Cape Coral,3.26,3.66,3.963,-2.3367285799880233
2022-12-07,Fort Myers-Cape Coral,3.231,3.636,3.938,-0.8895705521472341
2022-12-08,Fort Myers-Cape Coral,3.171,3.593,3.902,-1.8570102135561761
2022-12-10,Fort Myers-Cape Coral,3.158,3.566,3.847,-0.40996531062755803
2023-01-19,Fort Myers-Cape Coral,3.387,3.777,4.062,7.251424952501595
2023-03-23,Fort Myers-Cape Coral,3.438,3.834,4.136,1.5057573073516517
2023-03-27,Fort Myers-Cape Coral,3.387,3.781,4.091,-1.4834205933682454
2023-03-30,Fort Myers-Cape Coral,3.478,3.862,4.192,2.686743430764693
2023-04-02,Fort Myers-Cape Coral,3.476,3.871,4.207,-0.05750431282346424
2023-04-03,Fort Myers-Cape Coral,3.47,3.861,4.189,-0.17261219792864546
2023-05-15,Fort Myers-Cape Coral,3.5,3.891,4.228,0.8645533141210304
2023-05-16,Fort Myers-Cape Coral,3.485,3.887,4.215,-0.4285714285714337
2023-05-17,Fort Myers-Cape Coral,3.475,3.881,4.209,-0.2869440459110417
2023-05-18,Fort Myers-Cape Coral,3.458,3.864,4.19,-0.4892086330935186
2023-05-22,Fort Myers-Cape Coral,3.414,3.822,4.147,-1.2724117987275907
2023-05-24,Fort Myers-Cape Coral,3.392,3.804,4.135,-0.6444053895723556
2023-05-25,Fort Myers-Cape Coral,3.386,3.795,4.129,-0.1768867924528239
2023-05-26,Fort Myers-Cape Coral,3.38,3.737,4.087,-0.17720023626698334
2023-05-30,Fort Myers-Cape Coral,3.399,3.776,4.124,0.5621301775147858
2023-05-31,Fort Myers-Cape Coral,3.397,3.795,4.136,-0.05884083553987507
2023-06-01,Fort Myers-Cape Coral,3.391,3.789,4.126,-0.17662643508977727
2023-06-06,Fort Myers-Cape Coral,3.359,3.753,4.093,-0.9436744323208512
2023-06-07,Fort Myers-Cape Coral,3.348,3.755,4.099,-0.3274784161953037
2023-06-09,Fort Myers-Cape Coral,3.417,3.791,4.138,2.0609318996415826
2023-06-10,Fort Myers-Cape Coral,3.417,3.791,4.138,0.0
2023-06-13,Fort Myers-Cape Coral,3.49,3.873,4.215,2.1363769388352383
2023-06-14,Fort Myers-Cape Coral,3.473,3.873,4.194,-0.487106017191985
2023-06-16,Fort Myers-Cape Coral,3.447,3.848,4.188,-0.7486323063633726
2023-06-23,Fort Myers-Cape Coral,3.359,3.764,4.099,-2.5529445894981184
2023-07-04,Fort Myers-Cape Coral,3.279,3.679,4.012,-2.3816612086930644
2023-11-11,Fort Myers-Cape Coral,3.218,3.639,3.961,-1.8603232692894212
2023-11-29,Fort Myers-Cape Coral,3.171,3.574,3.91,-1.4605344934742082
2024-01-18,Fort Myers-Cape Coral,3.051,3.468,3.804,-3.784295175023644
2024-02-21,Fort Myers-Cape Coral,3.342,3.735,4.061,9.537856440511305
2024-02-26,Fort Myers-Cape Coral,3.324,3.727,4.065,-0.5385996409335791
2024-02-27,Fort Myers-Cape Coral,3.295,3.702,4.045,-0.8724428399518591
2024-02-28,Fort Myers-Cape Coral,3.349,3.732,4.076,1.6388467374810478
2024-03-01,Fort Myers-Cape Coral,3.377,3.779,4.123,0.8360704687966347
2024-03-02,Fort Myers-Cape Coral,3.365,3.771,4.104,-0.35534498075213694
2024-03-04,Fort Myers-Cape Coral,3.353,3.755,4.086,-0.35661218424962726
2024-03-05,Fort Myers-Cape Coral,3.317,3.725,4.069,-1.0736653742916769
2024-04-11,Fort Myers-Cape Coral,3.58,3.984,4.317,7.928851371721435
2024-04-22,Fort Myers-Cape Coral,3.598,3.998,4.326,0.5027932960893766
2024-04-23,Fort Myers-Cape Coral,3.598,3.998,4.326,0.0
2024-05-06,Fort Myers-Cape Coral,3.6,4.008,4.333,0.05558643690939391
2024-05-19,Fort Myers-Cape Coral,3.452,3.871,4.196,-4.11111111111111
2024-05-24,Fort Myers-Cape Coral,3.562,3.982,4.309,3.1865585168018518
2024-05-31,Fort Myers-Cape Coral,3.491,3.917,4.244,-1.9932622122403099
2024-06-03,Fort Myers-Cape Coral,3.445,3.85,4.192,-1.3176740189057679
2024-06-12,Fort Myers-Cape Coral,3.293,3.717,4.045,-4.4121915820028885
2024-06-16,Fort Myers-Cape Coral,3.252,3.679,4.014,-1.2450652900091175
2024-06-20,Fort Myers-Cape Coral,3.378,3.793,4.128,3.874538745387457
2024-06-21,Fort Myers-Cape Coral,3.378,3.793,4.128,0.0
2024-06-23,Fort Myers-Cape Coral,3.359,3.783,4.116,-0.5624629958555394
2024-06-29,Fort Myers-Cape Coral,3.394,3.839,4.139,1.041976778803222
2024-07-04,Fort Myers-Cape Coral,3.557,3.987,4.277,4.802592810842654
2024-07-09,Fort Myers-Cape Coral,3.5,3.939,4.236,-1.6024739949395572
2024-07-10,Fort Myers-Cape Coral,3.5,3.939,4.236,0.0
2024-07-12,Fort Myers-Cape Coral,3.558,3.991,4.295,1.657142857142846
2024-07-18,Fort Myers-Cape Coral,3.453,3.896,4.209,-2.95109612141653
2024-07-22,Fort Myers-Cape Coral,3.356,3.807,4.104,-2.8091514624963843
2024-07-24,Fort Myers-Cape Coral,3.479,3.911,4.22,3.6650774731823654
2024-07-25,Fort Myers-Cape Coral,3.479,3.911,4.22,0.0
2024-08-01,Fort Myers-Cape Coral,3.396,3.841,4.156,-2.385743029606213
2024-08-11,Fort Myers-Cape Coral,3.312,3.765,4.081,-2.473498233215554
2024-08-16,Fort Myers-Cape Coral,3.341,3.792,4.104,0.875603864734309
2024-08-17,Fort Myers-Cape Coral,3.341,3.792,4.104,0.0
2024-08-18,Fort Myers-Cape Coral,3.281,3.738,4.058,-1.7958695001496605
2024-08-19,Fort Myers-Cape Coral,3.262,3.707,4.035,-0.5790917403230789
2024-08-20,Fort Myers-Cape Coral,3.262,3.707,4.035,0.0
2024-09-07,Fort Myers-Cape Coral,3.181,3.666,3.963,-2.483139178418148
2024-09-09,Fort Myers-Cape Coral,3.114,3.584,3.892,-2.1062558943728438
2024-09-16,Fort Myers-Cape Coral,3.061,3.541,3.839,-1.7019910083493905
2024-09-19,Fort Myers-Cape Coral,3.165,3.633,3.931,3.3975824893825557
2024-09-21,Fort Myers-Cape Coral,3.127,3.6,3.895,-1.2006319115323905
2024-09-23,Fort Myers-Cape Coral,3.127,3.6,3.895,0.0
2024-09-24,Fort Myers-Cape Coral,3.15,3.594,3.909,0.7355292612727826
2024-09-25,Fort Myers-Cape Coral,3.15,3.594,3.909,0.0
2024-09-26,Fort Myers-Cape Coral,3.175,3.64,3.951,0.7936507936507908
2024-09-27,Fort Myers-Cape Coral,3.182,3.646,3.946,0.2204724409448966
2024-10-01,Fort Myers-Cape Coral,3.172,3.637,3.939,-0.314267756128217
2024-10-02,Fort Myers-Cape Coral,3.161,3.629,3.933,-0.34678436317781003
2024-10-04,Fort Myers-Cape Coral,3.139,3.61,3.914,-0.6959822840873264
2024-10-06,Fort Myers-Cape Coral,3.116,3.576,3.886,-0.732717425931817
2024-10-09,Fort Myers-Cape Coral,3.122,3.579,3.889,0.19255455712450242
2024-10-13,Fort Myers-Cape Coral,3.114,3.571,3.877,-0.2562459961563124
2024-10-21,Fort Myers-Cape Coral,3.095,3.571,3.88,-0.6101477199742966
2024-11-01,Fort Myers-Cape Coral,3.037,3.516,3.819,-1.8739903069466934
2024-11-02,Fort Myers-Cape Coral,3.037,3.516,3.819,0.0
2024-11-04,Fort Myers-Cape Coral,2.983,3.464,3.766,-1.7780704642739509
2024-11-05,Fort Myers-Cape Coral,3.108,3.602,3.892,4.190412336573912
2024-11-06,Fort Myers-Cape Coral,3.165,3.626,3.921,1.8339768339768359
2024-11-07,Fort Myers-Cape Coral,3.169,3.631,3.934,0.1263823064771019
2024-11-08,Fort Myers-Cape Coral,3.165,3.618,3.93,-0.1262227832123708
2024-11-10,Fort Myers-Cape Coral,3.111,3.576,3.873,-1.7061611374407537
2024-11-11,Fort Myers-Cape Coral,3.094,3.555,3.851,-0.5464480874317057
2024-11-12,Fort Myers-Cape Coral,3.067,3.53,3.838,-0.872656755009682
2024-11-13,Fort Myers-Cape Coral,3.034,3.502,3.808,-1.075970003260529
2024-11-14,Fort Myers-Cape Coral,3.003,3.477,3.762,-1.0217534607778411
2024-11-15,Fort Myers-Cape Coral,3.118,3.558,3.843,3.829503829503822
2024-11-16,Fort Myers-Cape Coral,3.16,3.619,3.917,1.347017318794097
2024-11-17,Fort Myers-Cape Coral,3.153,3.617,3.921,-0.22151898734177333
2024-11-18,Fort Myers-Cape Coral,3.138,3.604,3.911,-0.4757373929590858
2024-11-19,Fort Myers-Cape Coral,3.114,3.576,3.876,-0.7648183556405397
2024-11-20,Fort Myers-Cape Coral,3.082,3.543,3.828,-1.0276172125883165
2024-11-21,Fort Myers-Cape Coral,3.046,3.513,3.8,-1.1680726800778696
2024-11-22,Fort Myers-Cape Coral,3.008,3.48,3.768,-1.2475377544320376
2024-11-24,Fort Myers-Cape Coral,3.163,3.631,3.92,5.152925531914887
2024-11-25,Fort Myers-Cape Coral,3.168,3.634,3.924,0.15807777426495306
2024-11-26,Fort Myers-Cape Coral,3.137,3.595,3.885,-0.9785353535353591
2024-11-27,Fort Myers-Cape Coral,3.163,3.603,3.898,0.8288173414089828
2024-11-28,Fort Myers-Cape Coral,3.171,3.636,3.928,0.25292443882389826
2024-12-01,Fort Myers-Cape Coral,3.132,3.6,3.888,-1.229895931882674
2024-12-02,Fort Myers-Cape Coral,3.117,3.578,3.877,-0.47892720306513814
2024-12-03,Fort Myers-Cape Coral,3.079,3.549,3.841,-1.2191209496310473
2024-12-05,Fort Myers-Cape Coral,2.997,3.463,3.745,-2.6632023384215775
2024-12-06,Fort Myers-Cape Coral,2.958,3.43,3.717,-1.3013013013012942
2024-12-07,Fort Myers-Cape Coral,3.085,3.583,3.871,4.293441514536833
2024-12-08,Fort Myers-Cape Coral,3.141,3.61,3.903,1.8152350081037216
2024-12-09,Fort Myers-Cape Coral,3.162,3.632,3.933,0.6685768863419206
2024-12-10,Fort Myers-Cape Coral,3.151,3.611,3.902,-0.34788108791904415
2024-12-11,Fort Myers-Cape Coral,3.115,3.57,3.861,-1.1424944462075426
2024-12-12,Fort Myers-Cape Coral,3.071,3.537,3.812,-1.412520064205458
2024-12-13,Fort Myers-Cape Coral,3.042,3.499,3.771,-0.9443178117876982
2024-12-16,Fort Myers-Cape Coral,3.176,3.632,3.918,4.4049967126890355
2024-12-17,Fort Myers-Cape Coral,3.163,3.62,3.904,-0.40931989924434253
2024-12-18,Fort Myers-Cape Coral,3.134,3.595,3.875,-0.9168510907366367
2024-12-19,Fort Myers-Cape Coral,3.104,3.561,3.844,-0.957243139757491
2024-12-20,Fort Myers-Cape Coral,3.076,3.534,3.829,-0.9020618556700999
2024-12-23,Fort Myers-Cape Coral,3.015,3.466,3.76,-1.983094928478546
2024-12-24,Fort Myers-Cape Coral,3.108,3.591,3.875,3.0845771144278666
2024-12-27,Fort Myers-Cape Coral,3.126,3.592,3.885,0.5791505791505669
2024-12-28,Fort Myers-Cape Coral,3.108,3.565,3.86,-0.5758157389635254
2024-12-29,Fort Myers-Cape Coral,3.092,3.549,3.842,-0.5148005148005175
2024-12-30,Fort Myers-Cape Coral,3.081,3.538,3.834,-0.35575679172057395
2025-01-01,Fort Myers-Cape Coral,3.133,3.611,3.906,1.6877637130801704
2025-01-02,Fort Myers-Cape Coral,3.153,3.623,3.919,0.6383657835939971
2025-01-03,Fort Myers-Cape Coral,3.162,3.62,3.919,0.2854424357754404
2025-01-05,Fort Myers-Cape Coral,3.13,3.583,3.876,-1.0120177103099315
2025-01-06,Fort Myers-Cape Coral,3.111,3.569,3.86,-0.6070287539935992
2025-01-07,Fort Myers-Cape Coral,3.076,3.532,3.83,-1.1250401800064314
2025-01-08,Fort Myers-Cape Coral,3.046,3.503,3.791,-0.9752925877763441
2025-01-09,Fort Myers-Cape Coral,3.133,3.609,3.888,2.8562048588312683
2025-01-11,Fort Myers-Cape Coral,3.137,3.596,3.885,0.12767315671879942
2025-01-13,Fort Myers-Cape Coral,3.105,3.559,3.837,-1.0200828817341412
2025-01-14,Fort Myers-Cape Coral,3.209,3.687,3.972,3.349436392914651
2025-01-15,Fort Myers-Cape Coral,3.267,3.714,4.006,1.807416640698034
2025-01-16,Fort Myers-Cape Coral,3.26,3.709,4.002,-0.2142638506274941
2025-01-17,Fort Myers-Cape Coral,3.243,3.692,3.986,-0.5214723926380338
2025-01-18,Fort Myers-Cape Coral,3.224,3.67,3.96,-0.5858772741288876
2025-01-19,Fort Myers-Cape Coral,3.21,3.657,3.951,-0.4342431761786725
2025-01-20,Fort Myers-Cape Coral,3.197,3.648,3.944,-0.4049844236760136
2025-01-21,Fort Myers-Cape Coral,3.175,3.629,3.923,-0.6881451360650659
2025-01-23,Fort Myers-Cape Coral,3.127,3.582,3.884,-1.511811023622045
2025-01-24,Fort Myers-Cape Coral,3.216,3.683,3.987,2.8461784457947115
2025-01-26,Fort Myers-Cape Coral,3.24,3.679,3.981,0.746268656716409
2025-01-27,Fort Myers-Cape Coral,3.222,3.672,3.959,-0.5555555555555647
2025-01-28,Fort Myers-Cape Coral,3.19,3.636,3.928,-0.9931719428926122
2025-01-30,Fort Myers-Cape Coral,3.135,3.592,3.872,-1.7241379310344862
2025-02-01,Fort Myers-Cape Coral,3.072,3.529,3.823,-2.0095693779904167
2025-02-02,Fort Myers-Cape Coral,3.055,3.518,3.812,-0.553385416666663
2025-02-03,Fort Myers-Cape Coral,3.041,3.499,3.796,-0.4582651391162096
2025-02-04,Fort Myers-Cape Coral,3.186,3.676,3.963,4.768168365669179
2025-02-06,Fort Myers-Cape Coral,3.25,3.701,3.989,2.0087884494664143
2025-02-07,Fort Myers-Cape Coral,3.25,3.701,3.989,0.0
2025-02-09,Fort Myers-Cape Coral,3.172,3.627,3.927,-2.399999999999991
2025-02-10,Fort Myers-Cape Coral,3.153,3.604,3.905,-0.5989911727616648
2025-02-11,Fort Myers-Cape Coral,3.124,3.574,3.869,-0.9197589597208955
2025-02-12,Fort Myers-Cape Coral,3.095,3.547,3.848,-0.9282970550576142
2025-02-13,Fort Myers-Cape Coral,3.072,3.519,3.82,-0.7431340872374848
2025-02-15,Fort Myers-Cape Coral,3.018,3.479,3.772,-1.757812500000011
2025-02-16,Fort Myers-Cape Coral,3.009,3.465,3.755,-0.29821073558647937
2025-02-17,Fort Myers-Cape Coral,2.996,3.45,3.744,-0.43203722166832437
2025-02-18,Fort Myers-Cape Coral,3.119,3.614,3.895,4.105473965287065
2025-02-19,Fort Myers-Cape Coral,3.159,3.624,3.905,1.2824623276691094
2025-02-20,Fort Myers-Cape Coral,3.166,3.616,3.908,0.22158911047800434
2025-02-21,Fort Myers-Cape Coral,3.137,3.586,3.876,-0.9159823120656996
2025-02-22,Fort Myers-Cape Coral,3.111,3.568,3.851,-0.8288173414089828
2025-02-23,Fort Myers-Cape Coral,3.09,3.545,3.828,-0.6750241080038633
2025-02-25,Fort Myers-Cape Coral,3.136,3.612,3.906,1.4886731391585917
2025-02-26,Fort Myers-Cape Coral,3.176,3.642,3.929,1.2755102040816313
2025-02-27,Fort Myers-Cape Coral,3.16,3.615,3.907,-0.5037783375314908
2025-02-28,Fort Myers-Cape Coral,3.132,3.591,3.877,-0.8860759493670933
2025-03-01,Fort Myers-Cape Coral,3.099,3.562,3.847,-1.0536398467432928
2025-03-02,Fort Myers-Cape Coral,3.078,3.541,3.832,-0.6776379477250849
2025-03-03,Fort Myers-Cape Coral,3.064,3.518,3.815,-0.4548408057179931
2025-03-04,Fort Myers-Cape Coral,3.029,3.485,3.779,-1.1422976501305526
2025-03-06,Fort Myers-Cape Coral,3.164,3.63,3.913,4.456916474083861
2025-03-07,Fort Myers-Cape Coral,3.154,3.615,3.895,-0.3160556257901459
2025-03-08,Fort Myers-Cape Coral,3.126,3.591,3.865,-0.887761572606216
2025-03-09,Fort Myers-Cape Coral,3.104,3.569,3.854,-0.703774792066536
2025-03-10,Fort Myers-Cape Coral,3.089,3.545,3.84,-0.48324742268042176
2025-03-11,Fort Myers-Cape Coral,3.053,3.505,3.805,-1.165425704111367
2025-03-12,Fort Myers-Cape Coral,3.018,3.48,3.781,-1.1464133639043639
2025-03-13,Fort Myers-Cape Coral,2.985,3.451,3.747,-1.0934393638170947
2025-03-14,Fort Myers-Cape Coral,3.124,3.608,3.897,4.656616415410397
2025-03-15,Fort Myers-Cape Coral,3.138,3.598,3.882,0.4481434058898781
2025-03-16,Fort Myers-Cape Coral,3.127,3.586,3.87,-0.35054174633525337
2025-03-17,Fort Myers-Cape Coral,3.116,3.578,3.86,-0.35177486408697334
2025-03-18,Fort Myers-Cape Coral,3.087,3.546,3.838,-0.9306803594351654
2025-03-19,Fort Myers-Cape Coral,3.044,3.507,3.788,-1.3929381276320152
2025-03-20,Fort Myers-Cape Coral,3.003,3.46,3.752,-1.3469119579500588
2025-03-21,Fort Myers-Cape Coral,2.973,3.432,3.716,-0.9990009990010096
2025-03-22,Fort Myers-Cape Coral,2.95,3.414,3.705,-0.7736293306424336
2025-03-24,Fort Myers-Cape Coral,2.933,3.385,3.681,-0.5762711864406911
2025-03-25,Fort Myers-Cape Coral,3.119,3.605,3.9,6.3416297306512215
2025-03-26,Fort Myers-Cape Coral,3.159,3.628,3.922,1.2824623276691094
2025-03-27,Fort Myers-Cape Coral,3.16,3.625,3.91,0.03165558721114348
2025-03-28,Fort Myers-Cape Coral,3.144,3.605,3.887,-0.5063291139240533
2025-03-29,Fort Myers-Cape Coral,3.112,3.578,3.86,-1.0178117048346036
2025-03-30,Fort Myers-Cape Coral,3.091,3.559,3.841,-0.6748071979434389
2025-03-31,Fort Myers-Cape Coral,3.076,3.528,3.82,-0.48527984471045116
2025-04-02,Fort Myers-Cape Coral,3.205,3.677,3.962,4.19375812743823
2025-04-03,Fort Myers-Cape Coral,3.257,3.713,3.984,1.6224648985959433
2025-04-04,Fort Myers-Cape Coral,3.25,3.71,3.992,-0.2149217070924192
2025-04-05,Fort Myers-Cape Coral,3.223,3.682,3.968,-0.8307692307692349
2025-04-06,Fort Myers-Cape Coral,3.203,3.669,3.947,-0.6205398696866316
2025-04-07,Fort Myers-Cape Coral,3.199,3.652,3.936,-0.12488292226038311
2025-04-08,Fort Myers-Cape Coral,3.23,3.693,3.97,0.9690528290090761
2025-04-09,Fort Myers-Cape Coral,3.235,3.69,3.977,0.1547987616099089
2025-04-10,Fort Myers-Cape Coral,3.209,3.667,3.951,-0.8037094281298285
2025-04-11,Fort Myers-Cape Coral,3.179,3.639,3.922,-0.9348706762231318
2025-04-12,Fort Myers-Cape Coral,3.151,3.613,3.906,-0.8807801195344411
2025-04-13,Fort Myers-Cape Coral,3.131,3.584,3.882,-0.6347191367819693
2025-04-14,Fort Myers-Cape Coral,3.115,3.573,3.871,-0.5110188438198549
2025-04-15,Fort Myers-Cape Coral,3.091,3.548,3.853,-0.7704654895666185
2025-04-16,Fort Myers-Cape Coral,3.061,3.52,3.821,-0.9705596894209023
2025-04-17,Fort Myers-Cape Coral,3.028,3.49,3.788,-1.0780790591309986
2025-04-18,Fort Myers-Cape Coral,3.022,3.489,3.783,-0.19815059445179584
2025-04-19,Fort Myers-Cape Coral,3.002,3.461,3.759,-0.6618133686300487
2025-04-20,Fort Myers-Cape Coral,2.983,3.451,3.732,-0.6329113924050556
2025-04-21,Fort Myers-Cape Coral,2.968,3.431,3.719,-0.5028494803888783
2025-04-22,Fort Myers-Cape Coral,3.118,3.6,3.884,5.053908355795156
2025-04-23,Fort Myers-Cape Coral,3.158,3.618,3.903,1.2828736369467686
2025-04-24,Fort Myers-Cape Coral,3.15,3.603,3.895,-0.2533248891703588
2025-04-25,Fort Myers-Cape Coral,3.125,3.584,3.874,-0.7936507936507908
2025-04-26,Fort Myers-Cape Coral,3.081,3.549,3.832,-1.4079999999999981
2025-04-27,Fort Myers-Cape Coral,3.049,3.515,3.798,-1.0386238234339484
2025-04-28,Fort Myers-Cape Coral,3.024,3.483,3.782,-0.8199409642505762
2025-04-29,Fort Myers-Cape Coral,3.092,3.571,3.87,2.2486772486772555
2025-04-30,Fort Myers-Cape Coral,3.205,3.693,3.973,3.6545924967658516
2025-05-01,Fort Myers-Cape Coral,3.222,3.695,3.974,0.5304212168486755
2025-05-02,Fort Myers-Cape Coral,3.181,3.649,3.931,-1.2725015518311622
2025-05-03,Fort Myers-Cape Coral,3.142,3.606,3.897,-1.2260295504558316
2025-05-04,Fort Myers-Cape Coral,3.107,3.575,3.863,-1.1139401654996717
2025-05-05,Fort Myers-Cape Coral,3.093,3.548,3.837,-0.45059542967493815
2025-05-06,Fort Myers-Cape Coral,3.046,3.509,3.787,-1.5195602974458544
2025-05-07,Fort Myers-Cape Coral,3.006,3.471,3.753,-1.3131976362442566
2025-05-08,Fort Myers-Cape Coral,2.966,3.432,3.719,-1.3306719893546148
2025-05-09,Fort Myers-Cape Coral,2.934,3.396,3.692,-1.078894133513153
2025-05-10,Fort Myers-Cape Coral,2.899,3.367,3.666,-1.192910702113159
2025-05-11,Fort Myers-Cape Coral,2.891,3.353,3.655,-0.2759572266298749
2025-05-12,Fort Myers-Cape Coral,2.88,3.327,3.632,-0.3804911795226573
2025-05-13,Fort Myers-Cape Coral,3.089,3.583,3.877,7.256944444444446
2025-05-14,Fort Myers-Cape Coral,3.161,3.618,3.895,2.330851408222734
2025-05-15,Fort Myers-Cape Coral,3.15,3.61,3.888,-0.34799114204365766
2025-05-16,Fort Myers-Cape Coral,3.124,3.584,3.867,-0.825396825396818
2025-05-17,Fort Myers-Cape Coral,3.093,3.557,3.837,-0.992317541613319
2025-05-18,Fort Myers-Cape Coral,3.07,3.523,3.816,-0.7436146136437172
2025-05-19,Fort Myers-Cape Coral,3.042,3.493,3.784,-0.9120521172638396
2025-05-20,Fort Myers-Cape Coral,3.005,3.459,3.745,-1.2163050624589111
2025-05-21,Fort Myers-Cape Coral,3.139,3.607,3.891,4.45923460898503
2025-05-22,Fort Myers-Cape Coral,3.161,3.629,3.908,0.7008601465434916
2025-05-23,Fort Myers-Cape Coral,3.165,3.626,3.913,0.12654223347041693
2025-05-24,Fort Myers-Cape Coral,3.125,3.585,3.876,-1.2638230647709303
2025-05-25,Fort Myers-Cape Coral,3.101,3.558,3.85,-0.768000000000002
2025-05-26,Fort Myers-Cape Coral,3.079,3.529,3.817,-0.7094485649790316
2025-05-27,Fort Myers-Cape Coral,3.055,3.511,3.794,-0.779473855147772
2025-05-28,Fort Myers-Cape Coral,3.016,3.478,3.764,-1.276595744680853
2025-05-29,Fort Myers-Cape Coral,3.135,3.607,3.893,3.945623342175053
2025-05-30,Fort Myers-Cape Coral,3.162,3.622,3.906,0.8612440191387627
2025-05-31,Fort Myers-Cape Coral,3.141,3.603,3.887,-0.6641366223908873
2025-06-01,Fort Myers-Cape Coral,3.12,3.585,3.872,-0.6685768863419317
2025-06-02,Fort Myers-Cape Coral,3.105,3.558,3.855,-0.48076923076924016
2025-06-03,Fort Myers-Cape Coral,3.067,3.524,3.822,-1.2238325281803464
2025-06-04,Fort Myers-Cape Coral,3.033,3.494,3.791,-1.1085751548744804
2025-06-05,Fort Myers-Cape Coral,3.121,3.603,3.895,2.901417738212997
2025-06-07,Fort Myers-Cape Coral,3.15,3.61,3.891,0.9291893623838421
2025-06-08,Fort Myers-Cape Coral,3.134,3.597,3.878,-0.5079365079365128
2025-06-09,Fort Myers-Cape Coral,3.116,3.566,3.851,-0.5743458838544879
2025-06-10,Fort Myers-Cape Coral,3.08,3.538,3.83,-1.1553273427471145
2025-06-11,Fort Myers-Cape Coral,3.036,3.502,3.793,-1.4285714285714346
2025-06-13,Fort Myers-Cape Coral,2.972,3.431,3.727,-2.1080368906455926
2025-06-14,Fort Myers-Cape Coral,2.958,3.402,3.714,-0.4710632570659401
2025-06-15,Fort Myers-Cape Coral,2.952,3.394,3.696,-0.20283975659229903
2025-06-16,Fort Myers-Cape Coral,2.945,3.392,3.7,-0.23712737127371541
2025-06-17,Fort Myers-Cape Coral,3.108,3.612,3.894,5.534804753820044
2025-06-18,Fort Myers-Cape Coral,3.171,3.65,3.923,2.0270270270270174
2025-06-19,Fort Myers-Cape Coral,3.18,3.646,3.93,0.283822138126788
2025-06-20,Fort Myers-Cape Coral,3.155,3.62,3.9,-0.7861635220125951
2025-06-21,Fort Myers-Cape Coral,3.128,3.594,3.879,-0.8557844690966654
2025-06-22,Fort Myers-Cape Coral,3.107,3.57,3.861,-0.6713554987212267
2025-06-23,Fort Myers-Cape Coral,3.09,3.532,3.838,-0.547151593176709
2025-06-24,Fort Myers-Cape Coral,3.065,3.517,3.815,-0.8090614886731351
2025-06-25,Fort Myers-Cape Coral,3.042,3.501,3.807,-0.750407830342581
2025-06-26,Fort Myers-Cape Coral,3.008,3.476,3.774,-1.1176857330703394
2025-06-27,Fort Myers-Cape Coral,2.986,3.45,3.741,-0.7313829787233939
2025-06-28,Fort Myers-Cape Coral,2.951,3.418,3.716,-1.1721366376423403
2025-06-29,Fort Myers-Cape Coral,2.933,3.394,3.691,-0.6099627245001793
2025-06-30,Fort Myers-Cape Coral,2.919,3.372,3.682,-0.4773269689737347
2025-07-01,Fort Myers-Cape Coral,3.09,3.592,3.87,5.858170606372037
2025-07-02,Fort Myers-Cape Coral,3.158,3.623,3.908,2.2006472491909346
2025-07-03,Fort Myers-Cape Coral,3.155,3.613,3.905,-0.09499683343888732
2025-07-04,Fort Myers-Cape Coral,3.125,3.584,3.871,-0.9508716323296307
2025-07-05,Fort Myers-Cape Coral,3.109,3.573,3.863,-0.5120000000000013
2025-07-06,Fort Myers-Cape Coral,3.093,3.55,3.854,-0.5146349308459364
2025-07-07,Fort Myers-Cape Coral,3.083,3.548,3.839,-0.3233107015842118
2025-07-08,Fort Myers-Cape Coral,3.047,3.523,3.802,-1.1676938047356478
2025-07-09,Fort Myers-Cape Coral,3.016,3.501,3.778,-1.0173941581883894
2025-07-10,Fort Myers-Cape Coral,2.988,3.456,3.747,-0.9283819628647216
2025-07-11,Fort Myers-Cape Coral,2.96,3.428,3.719,-0.9370816599732268
2025-07-12,Fort Myers-Cape Coral,2.927,3.391,3.688,-1.1148648648648618
2025-07-13,Fort Myers-Cape Coral,2.913,3.367,3.672,-0.4783054321831348
2025-07-14,Fort Myers-Cape Coral,2.891,3.339,3.654,-0.7552351527634671
2025-07-15,Fort Myers-Cape Coral,2.914,3.361,3.666,0.7955724662746411
2025-07-16,Fort Myers-Cape Coral,3.103,3.607,3.91,6.485929993136574
2025-07-17,Fort Myers-Cape Coral,3.139,3.625,3.922,1.1601675797615174
2025-07-18,Fort Myers-Cape Coral,3.149,3.612,3.909,0.3185727938834093
2025-07-19,Fort Myers-Cape Coral,3.114,3.572,3.87,-1.1114639568116869
2025-07-20,Fort Myers-Cape Coral,3.088,3.545,3.844,-0.8349389852279954
2025-07-21,Fort Myers-Cape Coral,3.065,3.523,3.822,-0.7448186528497436
2025-07-22,Fort Myers-Cape Coral,3.023,3.49,3.782,-1.3703099510603556
2025-07-23,Fort Myers-Cape Coral,2.98,3.456,3.733,-1.4224280516043741
2025-07-24,Fort Myers-Cape Coral,3.121,3.613,3.898,4.731543624161083
2025-07-25,Fort Myers-Cape Coral,3.163,3.635,3.915,1.3457225248317828
2025-07-26,Fort Myers-Cape Coral,3.148,3.625,3.907,-0.4742333227948037
2025-07-27,Fort Myers-Cape Coral,3.125,3.592,3.885,-0.7306226175349484
2025-07-28,Fort Myers-Cape Coral,3.105,3.56,3.853,-0.6399999999999961
2025-07-29,Fort Myers-Cape Coral,3.063,3.529,3.818,-1.352657004830915
2025-07-30,Fort Myers-Cape Coral,3.021,3.485,3.77,-1.3712047012732653
2025-07-31,Fort Myers-Cape Coral,2.986,3.462,3.747,-1.1585567692816823
2025-08-01,Fort Myers-Cape Coral,2.96,3.437,3.728,-0.8707300736771728
2025-08-02,Fort Myers-Cape Coral,2.938,3.398,3.68,-0.7432432432432412
2025-08-03,Fort Myers-Cape Coral,2.917,3.379,3.669,-0.7147719537100139
2025-08-04,Fort Myers-Cape Coral,2.898,3.361,3.651,-0.6513541309564497
2025-08-05,Fort Myers-Cape Coral,3.122,3.613,3.906,7.729468599033806
2025-08-06,Fort Myers-Cape Coral,3.164,3.623,3.91,1.3452914798206317
2025-08-07,Fort Myers-Cape Coral,3.148,3.609,3.885,-0.5056890012642201
2025-08-08,Fort Myers-Cape Coral,3.112,3.572,3.868,-1.143583227445999
2025-08-09,Fort Myers-Cape Coral,3.073,3.54,3.826,-1.2532133676092627
2025-08-10,Fort Myers-Cape Coral,3.041,3.51,3.79,-1.041327692808336
2025-08-11,Fort Myers-Cape Coral,3.019,3.474,3.777,-0.7234462347911808
2025-08-12,Fort Myers-Cape Coral,2.986,3.436,3.737,-1.0930771778734694
2025-08-13,Fort Myers-Cape Coral,3.12,3.599,3.899,4.487608841259205
2025-08-14,Fort Myers-Cape Coral,3.157,3.626,3.914,1.1858974358974317
2025-08-15,Fort Myers-Cape Coral,3.155,3.622,3.917,-0.06335128286348857
2025-08-16,Fort Myers-Cape Coral,3.126,3.585,3.877,-0.9191759112519793
2025-08-17,Fort Myers-Cape Coral,3.096,3.56,3.847,-0.9596928982725461
2025-08-18,Fort Myers-Cape Coral,3.068,3.534,3.827,-0.9043927648578864
2025-08-19,Fort Myers-Cape Coral,3.037,3.508,3.786,-1.0104302477183857
2025-08-20,Fort Myers-Cape Coral,2.996,3.47,3.75,-1.350016463615411
2025-08-21,Fort Myers-Cape Coral,2.957,3.431,3.725,-1.3017356475300446
2025-08-22,Fort Myers-Cape Coral,2.929,3.399,3.687,-0.9469056476158255
2025-08-23,Fort Myers-Cape Coral,2.911,3.382,3.668,-0.6145442130419898
2025-08-24,Fort Myers-Cape Coral,2.904,3.368,3.674,-0.24046719340433675
2025-08-25,Fort Myers-Cape Coral,2.892,3.35,3.656,-0.4132231404958664
2025-08-26,Fort Myers-Cape Coral,3.092,3.599,3.889,6.915629322268324
2025-08-27,Fort Myers-Cape Coral,3.152,3.629,3.924,1.9404915912031084
2025-08-28,Fort Myers-Cape Coral,3.154,3.63,3.915,0.06345177664974777
2025-08-29,Fort Myers-Cape Coral,3.129,3.605,3.897,-0.7926442612555484
2025-08-30,Fort Myers-Cape Coral,3.094,3.567,3.858,-1.1185682326621982
2025-08-31,Fort Myers-Cape Coral,3.072,3.539,3.825,-0.7110536522301203
2025-09-01,Fort Myers-Cape Coral,3.05,3.515,3.799,-0.716145833333337
2025-09-02,Fort Myers-Cape Coral,3.024,3.491,3.786,-0.8524590163934365
2025-09-03,Fort Myers-Cape Coral,3.137,3.628,3.913,3.7367724867724883
2025-09-04,Fort Myers-Cape Coral,3.173,3.644,3.932,1.147593241950906
2025-09-05,Fort Myers-Cape Coral,3.161,3.633,3.913,-0.37819098644815696
2025-09-06,Fort Myers-Cape Coral,3.128,3.599,3.874,-1.043973426130973
2025-09-07,Fort Myers-Cape Coral,3.105,3.572,3.853,-0.7352941176470673
2025-09-08,Fort Myers-Cape Coral,3.083,3.543,3.83,-0.7085346215780941
2025-09-09,Fort Myers-Cape Coral,3.043,3.505,3.798,-1.2974375608173827
2025-09-10,Fort Myers-Cape Coral,3.006,3.484,3.772,-1.2159053565560463
2025-09-11,Fort Myers-Cape Coral,2.973,3.448,3.74,-1.0978043912175606
2025-09-12,Fort Myers-Cape Coral,2.947,3.412,3.707,-0.8745375042044978
2025-09-13,Fort Myers-Cape Coral,2.92,3.392,3.686,-0.916185951815407
2025-09-14,Fort Myers-Cape Coral,2.9,3.366,3.658,-0.6849315068493178
2025-09-15,Fort Myers-Cape Coral,2.996,3.5,3.786,3.310344827586209
2025-09-16,Fort Myers-Cape Coral,3.172,3.676,3.961,5.8744993324432615
2025-09-17,Fort Myers-Cape Coral,3.226,3.699,3.981,1.7023959646910392
2025-09-18,Fort Myers-Cape Coral,3.227,3.695,3.971,0.030998140111582195
2025-09-19,Fort Myers-Cape Coral,3.202,3.67,3.94,-0.7747133560582542
2025-09-20,Fort Myers-Cape Coral,3.163,3.628,3.909,-1.2179887570268666
2025-09-21,Fort Myers-Cape Coral,3.128,3.583,3.875,-1.1065444198545604
2025-09-22,Fort Myers-Cape Coral,3.107,3.557,3.857,-0.6713554987212267
2025-09-23,Fort Myers-Cape Coral,3.066,3.528,3.811,-1.319600901190876
2025-09-24,Fort Myers-Cape Coral,3.019,3.49,3.769,-1.532941943900834
2025-09-25,Fort Myers-Cape Coral,3.013,3.487,3.765,-0.19874130506790655
2025-09-26,Fort Myers-Cape Coral,2.966,3.433,3.718,-1.5599070693660733
2025-09-27,Fort Myers-Cape Coral,2.924,3.394,3.676,-1.4160485502360154
2025-09-28,Fort Myers-Cape Coral,2.907,3.375,3.655,-0.5813953488372103
2025-09-29,Fort Myers-Cape Coral,3.009,3.492,3.781,3.50877192982455
2025-09-30,Fort Myers-Cape Coral,3.127,3.613,3.894,3.9215686274509665
2025-10-01,Fort Myers-Cape Coral,3.152,3.617,3.901,0.7994883274704323
2025-10-02,Fort Myers-Cape Coral,3.143,3.6,3.879,-0.28553299492386497
2025-10-03,Fort Myers-Cape Coral,3.121,3.577,3.856,-0.6999681832643878
2025-10-04,Fort Myers-Cape Coral,3.088,3.553,3.83,-1.057353412367823
2025-10-05,Fort Myers-Cape Coral,3.071,3.537,3.821,-0.5505181347150279
2025-10-06,Fort Myers-Cape Coral,3.046,3.498,3.789,-0.8140670791273341
2025-10-07,Fort Myers-Cape Coral,3.007,3.467,3.757,-1.280367695338136
2025-10-08,Fort Myers-Cape Coral,2.985,3.45,3.727,-0.7316262055204636
2025-10-09,Fort Myers-Cape Coral,2.995,3.459,3.747,0.3350083752093891
2025-10-10,Fort Myers-Cape Coral,2.944,3.399,3.689,-1.7028380634390716
2025-10-11,Fort Myers-Cape Coral,2.924,3.385,3.665,-0.6793478260869623
2025-10-12,Fort Myers-Cape Coral,2.911,3.373,3.65,-0.44459644322845104
2025-10-13,Fort Myers-Cape Coral,2.904,3.357,3.645,-0.24046719340433675
2025-10-14,Fort Myers-Cape Coral,2.968,3.448,3.73,2.203856749311295
2025-10-15,Fort Myers-Cape Coral,2.987,3.452,3.735,0.6401617250674008
2025-10-16,Fort Myers-Cape Coral,2.973,3.441,3.725,-0.46869768998996086
2025-10-17,Fort Myers-Cape Coral,2.954,3.417,3.703,-0.6390850992263553
2025-10-18,Fort Myers-Cape Coral,2.93,3.388,3.689,-0.8124576844956044
2025-10-19,Fort Myers-Cape Coral,2.915,3.378,3.667,-0.5119453924914752
2025-10-20,Fort Myers-Cape Coral,2.905,3.364,3.657,-0.34305317324185847
2025-10-21,Fort Myers-Cape Coral,2.873,3.342,3.629,-1.1015490533562655
2025-10-22,Fort Myers-Cape Coral,2.963,3.448,3.73,3.1326139923425034
2025-10-23,Fort Myers-Cape Coral,2.977,3.45,3.744,0.47249409382381646
2025-10-24,Fort Myers-Cape Coral,2.967,3.435,3.726,-0.3359086328518557
2025-10-25,Fort Myers-Cape Coral,2.947,3.41,3.703,-0.6740815638692332
2025-10-26,Fort Myers-Cape Coral,2.932,3.395,3.689,-0.5089921954530063
2025-10-27,Fort Myers-Cape Coral,2.924,3.388,3.668,-0.27285129604365244
2025-10-28,Fort Myers-Cape Coral,2.896,3.369,3.651,-0.9575923392612817
2025-11-01,Fort Myers-Cape Coral,2.992,3.451,3.742,3.314917127071837
2025-11-03,Fort Myers-Cape Coral,2.968,3.426,3.71,-0.8021390374331583
2025-11-07,Fort Myers-Cape Coral,2.877,3.341,3.64,-3.0660377358490587
2025-11-08,Fort Myers-Cape Coral,2.865,3.332,3.619,-0.4171011470281427
2025-11-09,Fort Myers-Cape Coral,2.848,3.315,3.608,-0.5933682373473026
2025-11-11,Fort Myers-Cape Coral,2.945,3.428,3.711,3.4058988764045006
2025-11-14,Fort Myers-Cape Coral,2.952,3.409,3.707,0.2376910016977929
2025-11-15,Fort Myers-Cape Coral,2.933,3.39,3.691,-0.6436314363143625
2025-11-16,Fort Myers-Cape Coral,2.92,3.387,3.688,-0.44323218547561716
2025-11-17,Fort Myers-Cape Coral,2.912,3.375,3.673,-0.2739726027397249
2025-11-21,Fort Myers-Cape Coral,3.161,3.625,3.906,8.550824175824179
2025-11-24,Fort Myers-Cape Coral,3.134,3.603,3.883,-0.8541600759253476
2025-12-02,Fort Myers-Cape Coral,3.022,3.487,3.768,-3.5737077217613322
2025-12-04,Fort Myers-Cape Coral,3.018,3.479,3.779,-0.1323626737260053
2025-12-11,Fort Myers-Cape Coral,2.834,3.295,3.598,-6.096752816434714
2025-12-17,Fort Myers-Cape Coral,2.909,3.413,3.703,2.6464361326746566
2025-12-22,Fort Myers-Cape Coral,2.861,3.331,3.619,-1.6500515641113656
2025-12-23,Fort Myers-Cape Coral,2.83,3.309,3.596,-1.0835372247466002
2025-12-26,Fort Myers-Cape Coral,2.777,3.255,3.554,-1.8727915194346245
2025-12-27,Fort Myers-Cape Coral,2.732,3.195,3.497,-1.6204537270435693
2025-12-29,Fort Myers-Cape Coral,2.699,3.164,3.475,-1.2079062957540354
2025-12-30,Fort Myers-Cape Coral,2.835,3.334,3.629,5.038903297517594
2022-01-28,Gainesville,3.345,3.702,3.988,
2022-01-28,Gainesville,3.345,3.702,3.988,0.0
2022-03-07,Gainesville,4.055,4.282,4.668,21.225710014947662
2022-03-07,Gainesville,4.055,4.282,4.668,0.0
2022-03-08,Gainesville,4.055,4.282,4.668,0.0
2022-03-08,Gainesville,4.055,4.282,4.668,0.0
2022-03-22,Gainesville,4.141,4.532,4.887,2.120838471023445
2022-03-22,Gainesville,4.141,4.532,4.887,0.0
2022-04-01,Gainesville,4.205,4.571,4.887,1.5455204056991079
2022-04-01,Gainesville,4.205,4.571,4.887,0.0
2022-04-14,Gainesville,4.08,4.478,4.85,-2.9726516052318686
2022-04-19,Gainesville,4.123,4.526,4.871,1.0539215686274472
2022-05-11,Gainesville,4.363,4.689,5.046,5.821004123211249
2022-05-25,Gainesville,4.588,4.93,5.309,5.157002062800808
2022-05-29,Gainesville,4.606,4.949,5.321,0.39232781168263564
2022-05-31,Gainesville,4.604,4.957,5.334,-0.04342162396873128
2022-06-06,Gainesville,4.785,5.11,5.48,3.9313640312771403
2022-06-09,Gainesville,4.809,5.125,5.503,0.5015673981191293
2022-06-25,Gainesville,4.786,5.167,5.533,-0.478269910584328
2022-06-26,Gainesville,4.774,5.163,5.525,-0.2507312996238964
2022-06-27,Gainesville,4.774,5.163,5.525,0.0
2022-06-29,Gainesville,4.728,5.114,5.498,-0.9635525764558062
2022-06-30,Gainesville,4.715,5.108,5.491,-0.27495769881557
2022-07-02,Gainesville,4.666,5.061,5.394,-1.0392364793213038
2022-07-10,Gainesville,4.454,4.865,5.231,-4.543506215173609
2022-08-01,Gainesville,4.028,4.437,4.806,-9.564436461607551
2022-09-22,Gainesville,3.452,3.884,4.248,-14.299900695134049
2022-09-23,Gainesville,3.442,3.852,4.139,-0.28968713789107037
2022-09-27,Gainesville,3.442,3.832,4.247,0.0
2022-10-02,Gainesville,3.307,3.711,4.07,-3.92213829169088
2022-10-03,Gainesville,3.269,3.73,4.102,-1.1490777139401165
2022-10-04,Gainesville,3.208,3.685,4.05,-1.8660140715815232
2022-11-05,Gainesville,3.599,3.999,4.372,12.188279301745641
2022-11-10,Gainesville,3.628,4.016,4.412,0.8057793831619975
2022-11-21,Gainesville,3.559,3.964,4.31,-1.9018743109151082
2022-11-26,Gainesville,3.517,3.904,4.28,-1.1801067715650482
2022-11-28,Gainesville,3.505,3.913,4.278,-0.3411998862667076
2022-11-30,Gainesville,3.5,3.907,4.285,-0.14265335235377208
2022-12-01,Gainesville,3.487,3.9,4.26,-0.371428571428567
2022-12-05,Gainesville,3.436,3.846,4.185,-1.462575279609979
2022-12-07,Gainesville,3.412,3.822,4.186,-0.6984866123399325
2022-12-08,Gainesville,3.377,3.819,4.164,-1.025791324736225
2022-12-10,Gainesville,3.359,3.783,4.094,-0.5330174711282165
2023-01-19,Gainesville,3.446,3.818,4.212,2.590056564453702
2023-03-23,Gainesville,3.435,3.826,4.208,-0.31921067904817635
2023-03-27,Gainesville,3.395,3.777,4.18,-1.1644832605531286
2023-03-30,Gainesville,3.457,3.857,4.246,1.8262150220913043
2023-04-02,Gainesville,3.474,3.888,4.258,0.49175585768008734
2023-04-03,Gainesville,3.468,3.872,4.229,-0.17271157167531026
2023-05-15,Gainesville,3.518,3.921,4.304,1.4417531718569743
2023-05-16,Gainesville,3.486,3.888,4.29,-0.909607731665707
2023-05-17,Gainesville,3.471,3.877,4.28,-0.43029259896729677
2023-05-18,Gainesville,3.463,3.851,4.262,-0.2304811293575293
2023-05-22,Gainesville,3.417,3.804,4.216,-1.3283280392723196
2023-05-24,Gainesville,3.389,3.804,4.138,-0.8194322505121421
2023-05-25,Gainesville,3.371,3.782,4.132,-0.5311301268810853
2023-05-26,Gainesville,3.344,3.684,3.992,-0.8009492732127033
2023-05-30,Gainesville,3.404,3.814,4.175,1.7942583732057482
2023-05-31,Gainesville,3.41,3.803,4.186,0.1762632197414904
2023-06-01,Gainesville,3.402,3.8,4.18,-0.23460410557184508
2023-06-06,Gainesville,3.338,3.725,4.12,-1.8812463256907663
2023-06-07,Gainesville,3.327,3.717,4.123,-0.329538645895755
2023-06-09,Gainesville,3.416,3.831,4.213,2.6750826570483888
2023-06-10,Gainesville,3.416,3.831,4.213,0.0
2023-06-13,Gainesville,3.475,3.876,4.27,1.7271662763466145
2023-06-14,Gainesville,3.478,3.88,4.281,0.08633093525181046
2023-06-16,Gainesville,3.459,3.875,4.229,-0.5462909718228937
2023-06-23,Gainesville,3.392,3.774,4.161,-1.9369760046256235
2023-07-04,Gainesville,3.316,3.719,4.083,-2.240566037735847
2023-11-11,Gainesville,3.258,3.673,4.064,-1.7490952955367844
2023-11-29,Gainesville,3.188,3.621,4.019,-2.148557397176176
2024-01-18,Gainesville,3.096,3.515,3.879,-2.8858218318695172
2024-02-21,Gainesville,3.377,3.78,4.164,9.076227390180858
2024-02-26,Gainesville,3.372,3.762,4.132,-0.14806040864672187
2024-02-27,Gainesville,3.356,3.753,4.119,-0.47449584816132706
2024-02-28,Gainesville,3.373,3.756,4.112,0.5065554231227676
2024-03-01,Gainesville,3.396,3.799,4.17,0.6818855618143882
2024-03-02,Gainesville,3.401,3.799,4.168,0.1472320376914027
2024-03-04,Gainesville,3.393,3.768,4.145,-0.23522493384299237
2024-03-05,Gainesville,3.372,3.768,4.132,-0.6189213085764811
2024-04-11,Gainesville,3.604,4.013,4.378,6.880189798339265
2024-04-22,Gainesville,3.642,4.029,4.416,1.0543840177580366
2024-04-23,Gainesville,3.642,4.029,4.416,0.0
2024-05-06,Gainesville,3.649,4.041,4.434,0.19220208676551387
2024-05-19,Gainesville,3.513,3.948,4.315,-3.7270485064401226
2024-05-24,Gainesville,3.566,4.024,4.426,1.508682038144027
2024-05-31,Gainesville,3.523,3.933,4.348,-1.2058328659562467
2024-06-03,Gainesville,3.486,3.933,4.298,-1.0502412716434817
2024-06-12,Gainesville,3.347,3.777,4.159,-3.9873780837636374
2024-06-16,Gainesville,3.318,3.75,4.138,-0.8664475649835635
2024-06-20,Gainesville,3.412,3.837,4.238,2.8330319469559884
2024-06-21,Gainesville,3.412,3.837,4.238,0.0
2024-06-23,Gainesville,3.416,3.858,4.221,0.11723329425556983
2024-06-29,Gainesville,3.462,3.884,4.281,1.3466042154566926
2024-07-04,Gainesville,3.566,3.977,4.354,3.004043905257059
2024-07-09,Gainesville,3.532,3.955,4.336,-0.9534492428491248
2024-07-10,Gainesville,3.532,3.955,4.336,0.0
2024-07-12,Gainesville,3.587,4.022,4.386,1.5571913929784964
2024-07-18,Gainesville,3.526,3.949,4.322,-1.7005854474491322
2024-07-22,Gainesville,3.459,3.886,4.29,-1.900170164492332
2024-07-24,Gainesville,3.506,3.94,4.353,1.3587742122000535
2024-07-25,Gainesville,3.506,3.94,4.353,0.0
2024-08-01,Gainesville,3.452,3.907,4.291,-1.540216771249281
2024-08-11,Gainesville,3.423,3.839,4.267,-0.8400926998841207
2024-08-16,Gainesville,3.416,3.864,4.253,-0.2044989775051187
2024-08-17,Gainesville,3.416,3.864,4.253,0.0
2024-08-18,Gainesville,3.394,3.838,4.256,-0.6440281030444917
2024-08-19,Gainesville,3.39,3.844,4.241,-0.11785503830288313
2024-08-20,Gainesville,3.39,3.844,4.241,0.0
2024-09-07,Gainesville,3.312,3.765,4.163,-2.300884955752225
2024-09-09,Gainesville,3.279,3.739,4.125,-0.9963768115942018
2024-09-16,Gainesville,3.199,3.657,4.071,-2.439768222018912
2024-09-19,Gainesville,3.212,3.628,4.075,0.4063769928102534
2024-09-21,Gainesville,3.194,3.662,4.087,-0.5603985056039873
2024-09-23,Gainesville,3.194,3.662,4.087,0.0
2024-09-24,Gainesville,3.19,3.636,4.051,-0.125234815278652
2024-09-25,Gainesville,3.19,3.636,4.051,0.0
2024-09-26,Gainesville,3.201,3.628,4.064,0.34482758620690834
2024-09-27,Gainesville,3.204,3.634,4.026,0.09372071227742307
2024-10-01,Gainesville,3.192,3.643,4.039,-0.3745318352059934
2024-10-02,Gainesville,3.195,3.66,4.056,0.09398496240600185
2024-10-04,Gainesville,3.181,3.619,4.071,-0.438184663536767
2024-10-06,Gainesville,3.174,3.617,4.019,-0.22005658597925581
2024-10-09,Gainesville,3.185,3.646,4.087,0.3465658475110267
2024-10-13,Gainesville,3.177,3.608,4.04,-0.25117739403454076
2024-10-21,Gainesville,3.176,3.595,4.021,-0.03147623544224043
2024-11-01,Gainesville,3.133,3.593,4.002,-1.3539042821158698
2024-11-02,Gainesville,3.133,3.593,4.002,0.0
2024-11-04,Gainesville,3.086,3.528,3.925,-1.5001595914459043
2024-11-05,Gainesville,3.13,3.592,4.014,1.4257939079714843
2024-11-06,Gainesville,3.18,3.619,4.035,1.5974440894568787
2024-11-07,Gainesville,3.194,3.657,4.062,0.4402515723270328
2024-11-08,Gainesville,3.191,3.64,4.064,-0.09392611145898622
2024-11-10,Gainesville,3.175,3.664,4.039,-0.5014102162331557
2024-11-11,Gainesville,3.172,3.663,4.035,-0.09448818897637157
2024-11-12,Gainesville,3.147,3.639,4.032,-0.7881462799495753
2024-11-13,Gainesville,3.114,3.608,3.998,-1.0486177311725409
2024-11-14,Gainesville,3.091,3.586,3.968,-0.7385998715478403
2024-11-15,Gainesville,3.14,3.613,3.984,1.5852474927207982
2024-11-16,Gainesville,3.16,3.647,4.039,0.6369426751592355
2024-11-17,Gainesville,3.166,3.651,4.041,0.18987341772152
2024-11-18,Gainesville,3.161,3.638,4.033,-0.15792798483891257
2024-11-19,Gainesville,3.147,3.624,4.036,-0.44289781714648147
2024-11-20,Gainesville,3.142,3.612,4.02,-0.1588814744200806
2024-11-21,Gainesville,3.14,3.622,4.006,-0.06365372374282918
2024-11-22,Gainesville,3.12,3.619,4.027,-0.6369426751592355
2024-11-24,Gainesville,3.162,3.638,4.035,1.3461538461538414
2024-11-25,Gainesville,3.167,3.669,4.035,0.15812776723591604
2024-11-26,Gainesville,3.154,3.655,4.001,-0.4104831070413595
2024-11-27,Gainesville,3.173,3.652,4.037,0.6024096385542244
2024-11-28,Gainesville,3.173,3.638,4.025,0.0
2024-12-01,Gainesville,3.148,3.654,4.04,-0.7878978884336529
2024-12-02,Gainesville,3.154,3.656,4.053,0.1905972045743276
2024-12-03,Gainesville,3.145,3.647,4.037,-0.28535193405199166
2024-12-05,Gainesville,3.111,3.581,3.976,-1.08108108108107
2024-12-06,Gainesville,3.102,3.57,3.954,-0.2892960462873795
2024-12-07,Gainesville,3.131,3.61,3.984,0.9348807221147615
2024-12-08,Gainesville,3.162,3.628,3.994,0.990099009900991
2024-12-09,Gainesville,3.167,3.64,4.023,0.15812776723591604
2024-12-10,Gainesville,3.171,3.649,4.04,0.126302494474273
2024-12-11,Gainesville,3.162,3.638,4.039,-0.2838221381267658
2024-12-12,Gainesville,3.137,3.628,4.001,-0.7906388361796357
2024-12-13,Gainesville,3.131,3.596,3.971,-0.1912655403251584
2024-12-16,Gainesville,3.167,3.619,4.005,1.1497923985946956
2024-12-17,Gainesville,3.158,3.615,4.005,-0.2841806125670976
2024-12-18,Gainesville,3.148,3.621,3.98,-0.3166561114629429
2024-12-19,Gainesville,3.136,3.589,3.943,-0.3811944091486663
2024-12-20,Gainesville,3.121,3.591,3.931,-0.4783163265306145
2024-12-23,Gainesville,3.111,3.563,3.907,-0.3204101249599467
2024-12-24,Gainesville,3.136,3.6,3.964,0.8036001285760097
2024-12-27,Gainesville,3.145,3.609,3.965,0.2869897959183687
2024-12-28,Gainesville,3.138,3.589,3.93,-0.22257551669316866
2024-12-29,Gainesville,3.133,3.564,3.933,-0.15933715742511012
2024-12-30,Gainesville,3.13,3.554,3.941,-0.09575486753909956
2025-01-01,Gainesville,3.156,3.603,3.973,0.8306709265175849
2025-01-02,Gainesville,3.168,3.601,3.961,0.3802281368821214
2025-01-03,Gainesville,3.175,3.629,3.98,0.22095959595958004
2025-01-05,Gainesville,3.163,3.598,3.964,-0.3779527559055085
2025-01-06,Gainesville,3.155,3.605,3.95,-0.25292443882389826
2025-01-07,Gainesville,3.15,3.594,3.968,-0.15847860538826808
2025-01-08,Gainesville,3.143,3.58,3.953,-0.22222222222222365
2025-01-09,Gainesville,3.162,3.598,3.962,0.6045179764556208
2025-01-11,Gainesville,3.173,3.612,3.971,0.34788108791903305
2025-01-13,Gainesville,3.166,3.577,3.963,-0.2206114087614286
2025-01-14,Gainesville,3.202,3.642,4.022,1.137081490840175
2025-01-15,Gainesville,3.242,3.697,4.049,1.2492192379762734
2025-01-16,Gainesville,3.258,3.689,4.057,0.4935225169648394
2025-01-17,Gainesville,3.256,3.67,4.044,-0.06138735420504471
2025-01-18,Gainesville,3.237,3.673,4.03,-0.583538083538071
2025-01-19,Gainesville,3.235,3.679,4.024,-0.06178560395428967
2025-01-20,Gainesville,3.226,3.656,4.013,-0.2782071097372496
2025-01-21,Gainesville,3.224,3.662,4.02,-0.06199628022317549
2025-01-23,Gainesville,3.208,3.631,4.008,-0.496277915632759
2025-01-24,Gainesville,3.236,3.695,4.043,0.8728179551122262
2025-01-26,Gainesville,3.249,3.69,4.016,0.4017305315203945
2025-01-27,Gainesville,3.252,3.679,4.036,0.09233610341643494
2025-01-28,Gainesville,3.239,3.652,4.03,-0.39975399753997554
2025-01-30,Gainesville,3.183,3.631,4.01,-1.728928681691877
2025-02-01,Gainesville,3.154,3.611,3.964,-0.9110901665095761
2025-02-02,Gainesville,3.145,3.59,3.959,-0.28535193405199166
2025-02-03,Gainesville,3.134,3.563,3.943,-0.3497615262321174
2025-02-04,Gainesville,3.209,3.661,4.01,2.3931078493937497
2025-02-06,Gainesville,3.261,3.713,4.098,1.6204425054534122
2025-02-07,Gainesville,3.261,3.713,4.098,0.0
2025-02-09,Gainesville,3.212,3.631,3.991,-1.502606562404163
2025-02-10,Gainesville,3.199,3.622,3.989,-0.40473225404733526
2025-02-11,Gainesville,3.189,3.608,3.981,-0.3125976867771163
2025-02-12,Gainesville,3.171,3.61,3.982,-0.5644402634054635
2025-02-13,Gainesville,3.14,3.571,3.951,-0.9776095868811008
2025-02-15,Gainesville,3.107,3.549,3.927,-1.050955414012733
2025-02-16,Gainesville,3.102,3.55,3.919,-0.16092693916962553
2025-02-17,Gainesville,3.09,3.532,3.902,-0.3868471953578312
2025-02-18,Gainesville,3.143,3.593,3.951,1.7152103559870513
2025-02-19,Gainesville,3.191,3.632,3.972,1.5272033089404946
2025-02-20,Gainesville,3.188,3.63,3.958,-0.09401441554370837
2025-02-21,Gainesville,3.183,3.636,3.974,-0.15683814303639743
2025-02-22,Gainesville,3.17,3.634,3.973,-0.40841972981463526
2025-02-23,Gainesville,3.158,3.589,3.938,-0.3785488958990557
2025-02-25,Gainesville,3.164,3.626,3.967,0.18999366687777464
2025-02-26,Gainesville,3.195,3.659,3.984,0.9797724399494223
2025-02-27,Gainesville,3.191,3.649,3.983,-0.125195618153362
2025-02-28,Gainesville,3.184,3.654,3.977,-0.2193669696019973
2025-03-01,Gainesville,3.168,3.637,3.985,-0.5025125628140725
2025-03-02,Gainesville,3.149,3.609,3.959,-0.5997474747474807
2025-03-03,Gainesville,3.128,3.567,3.912,-0.6668783740870099
2025-03-04,Gainesville,3.115,3.553,3.905,-0.4156010230178975
2025-03-06,Gainesville,3.17,3.634,3.975,1.7656500802568198
2025-03-07,Gainesville,3.174,3.644,3.985,0.12618296529969264
2025-03-08,Gainesville,3.16,3.644,3.968,-0.4410838059231148
2025-03-09,Gainesville,3.14,3.615,3.944,-0.6329113924050667
2025-03-10,Gainesville,3.126,3.575,3.944,-0.44585987261147597
2025-03-11,Gainesville,3.11,3.559,3.937,-0.5118362124120313
2025-03-12,Gainesville,3.101,3.541,3.909,-0.2893890675241151
2025-03-13,Gainesville,3.095,3.53,3.889,-0.1934859722670046
2025-03-14,Gainesville,3.138,3.573,3.927,1.3893376413570246
2025-03-15,Gainesville,3.166,3.592,3.95,0.8922880815806167
2025-03-16,Gainesville,3.163,3.583,3.97,-0.09475679090334976
2025-03-17,Gainesville,3.167,3.595,3.965,0.12646221941194913
2025-03-18,Gainesville,3.155,3.578,3.943,-0.3789074834227968
2025-03-19,Gainesville,3.134,3.551,3.9,-0.6656101426307459
2025-03-20,Gainesville,3.123,3.544,3.902,-0.35098915124440744
2025-03-21,Gainesville,3.105,3.538,3.898,-0.5763688760807018
2025-03-22,Gainesville,3.085,3.514,3.891,-0.6441223832528209
2025-03-24,Gainesville,3.071,3.494,3.863,-0.4538087520259304
2025-03-25,Gainesville,3.155,3.584,3.928,2.735265385867791
2025-03-26,Gainesville,3.182,3.628,3.987,0.8557844690966654
2025-03-27,Gainesville,3.209,3.656,4.013,0.8485229415462037
2025-03-28,Gainesville,3.209,3.666,4.015,0.0
2025-03-29,Gainesville,3.204,3.649,3.984,-0.15581177937051827
2025-03-30,Gainesville,3.197,3.64,3.98,-0.21847690387016838
2025-03-31,Gainesville,3.193,3.642,3.966,-0.12511729746637057
2025-04-02,Gainesville,3.223,3.679,3.99,0.939555277168802
2025-04-03,Gainesville,3.255,3.714,4.025,0.9928637914986105
2025-04-04,Gainesville,3.266,3.723,4.023,0.3379416282642156
2025-04-05,Gainesville,3.26,3.712,4.052,-0.1837109614207022
2025-04-06,Gainesville,3.253,3.685,4.038,-0.21472392638035576
2025-04-07,Gainesville,3.251,3.681,4.014,-0.06148170919152429
2025-04-08,Gainesville,3.246,3.682,3.996,-0.15379883112888182
2025-04-09,Gainesville,3.248,3.69,4.024,0.06161429451634337
2025-04-10,Gainesville,3.229,3.683,4.014,-0.5849753694581294
2025-04-11,Gainesville,3.214,3.659,3.993,-0.4645401052957632
2025-04-12,Gainesville,3.191,3.626,3.974,-0.715619166148107
2025-04-13,Gainesville,3.175,3.616,3.924,-0.5014102162331557
2025-04-14,Gainesville,3.166,3.603,3.901,-0.2834645669291258
2025-04-15,Gainesville,3.14,3.582,3.89,-0.8212255211623387
2025-04-16,Gainesville,3.119,3.553,3.877,-0.6687898089171918
2025-04-17,Gainesville,3.111,3.544,3.9,-0.25649246553381966
2025-04-18,Gainesville,3.113,3.568,3.899,0.06428801028608433
2025-04-19,Gainesville,3.099,3.577,3.9,-0.4497269514937341
2025-04-20,Gainesville,3.087,3.549,3.898,-0.38722168441432947
2025-04-21,Gainesville,3.079,3.554,3.857,-0.25915127955944417
2025-04-22,Gainesville,3.131,3.609,3.929,1.6888600194868264
2025-04-23,Gainesville,3.15,3.621,3.951,0.6068348770360998
2025-04-24,Gainesville,3.146,3.614,3.933,-0.12698412698413097
2025-04-25,Gainesville,3.129,3.591,3.927,-0.5403687221869014
2025-04-26,Gainesville,3.107,3.571,3.938,-0.7031000319590808
2025-04-27,Gainesville,3.091,3.551,3.928,-0.5149662053427706
2025-04-28,Gainesville,3.096,3.558,3.919,0.16175994823681705
2025-04-29,Gainesville,3.091,3.562,3.901,-0.1614987080103325
2025-04-30,Gainesville,3.191,3.66,3.987,3.235198964736319
2025-05-01,Gainesville,3.189,3.635,3.977,-0.06267627702913892
2025-05-02,Gainesville,3.194,3.646,4.008,0.15678896205706394
2025-05-03,Gainesville,3.185,3.619,3.985,-0.28177833437695865
2025-05-04,Gainesville,3.182,3.605,3.977,-0.09419152276295417
2025-05-05,Gainesville,3.163,3.587,3.935,-0.5971087366436256
2025-05-06,Gainesville,3.149,3.585,3.945,-0.44261776794182195
2025-05-07,Gainesville,3.133,3.582,3.941,-0.5080978088282007
2025-05-08,Gainesville,3.11,3.564,3.9,-0.7341206511331078
2025-05-09,Gainesville,3.088,3.538,3.886,-0.7073954983922714
2025-05-10,Gainesville,3.072,3.535,3.872,-0.5181347150259086
2025-05-11,Gainesville,3.062,3.535,3.861,-0.32552083333333703
2025-05-12,Gainesville,3.043,3.5,3.842,-0.6205094709340164
2025-05-13,Gainesville,3.121,3.595,3.924,2.5632599408478507
2025-05-14,Gainesville,3.152,3.599,3.954,0.9932713873758381
2025-05-15,Gainesville,3.159,3.634,3.962,0.222081218274095
2025-05-16,Gainesville,3.153,3.608,3.962,-0.18993352326684976
2025-05-17,Gainesville,3.128,3.576,3.934,-0.7928956549318134
2025-05-18,Gainesville,3.109,3.549,3.903,-0.6074168797953972
2025-05-19,Gainesville,3.1,3.519,3.895,-0.2894821486008281
2025-05-20,Gainesville,3.097,3.519,3.873,-0.0967741935483879
2025-05-21,Gainesville,3.143,3.592,3.931,1.4853083629318586
2025-05-22,Gainesville,3.177,3.619,3.953,1.0817690104995226
2025-05-23,Gainesville,3.168,3.62,3.954,-0.28328611898016387
2025-05-24,Gainesville,3.154,3.594,3.948,-0.4419191919192045
2025-05-25,Gainesville,3.129,3.562,3.922,-0.7926442612555484
2025-05-26,Gainesville,3.116,3.536,3.874,-0.4154682007030952
2025-05-27,Gainesville,3.107,3.519,3.856,-0.28883183568677584
2025-05-28,Gainesville,3.089,3.507,3.869,-0.5793369810106253
2025-05-29,Gainesville,3.129,3.588,3.958,1.2949174490126225
2025-05-30,Gainesville,3.156,3.593,3.971,0.86289549376799
2025-05-31,Gainesville,3.144,3.596,3.961,-0.38022813688213253
2025-06-01,Gainesville,3.128,3.579,3.955,-0.5089058524173073
2025-06-02,Gainesville,3.111,3.546,3.911,-0.5434782608695676
2025-06-03,Gainesville,3.103,3.536,3.898,-0.2571520411443262
2025-06-04,Gainesville,3.089,3.527,3.902,-0.4511762810183728
2025-06-05,Gainesville,3.137,3.601,3.957,1.553900938815156
2025-06-07,Gainesville,3.137,3.596,3.967,0.0
2025-06-08,Gainesville,3.112,3.576,3.946,-0.7969397513547971
2025-06-09,Gainesville,3.094,3.553,3.925,-0.5784061696658127
2025-06-10,Gainesville,3.072,3.543,3.914,-0.7110536522301203
2025-06-11,Gainesville,3.056,3.518,3.899,-0.520833333333337
2025-06-13,Gainesville,3.037,3.508,3.87,-0.6217277486911033
2025-06-14,Gainesville,3.042,3.516,3.86,0.164636154099429
2025-06-15,Gainesville,3.044,3.482,3.846,0.06574621959238858
2025-06-16,Gainesville,3.04,3.468,3.819,-0.13140604467805073
2025-06-17,Gainesville,3.144,3.605,3.928,3.421052631578947
2025-06-18,Gainesville,3.194,3.648,3.979,1.5903307888040619
2025-06-19,Gainesville,3.214,3.673,4.017,0.6261740763932488
2025-06-20,Gainesville,3.201,3.656,4.011,-0.40448039825762283
2025-06-21,Gainesville,3.181,3.636,3.985,-0.6248047485160946
2025-06-22,Gainesville,3.176,3.624,3.966,-0.15718327569945734
2025-06-23,Gainesville,3.168,3.612,3.962,-0.25188916876573986
2025-06-24,Gainesville,3.165,3.608,3.966,-0.09469696969697239
2025-06-25,Gainesville,3.149,3.587,3.944,-0.5055292259083743
2025-06-26,Gainesville,3.123,3.567,3.945,-0.8256589393458191
2025-06-27,Gainesville,3.099,3.554,3.904,-0.7684918347742542
2025-06-28,Gainesville,3.087,3.562,3.91,-0.38722168441432947
2025-06-29,Gainesville,3.072,3.513,3.87,-0.4859086491739606
2025-06-30,Gainesville,3.051,3.504,3.829,-0.68359375
2025-07-01,Gainesville,3.142,3.585,3.941,2.982628646345442
2025-07-02,Gainesville,3.172,3.616,3.995,0.9548058561425821
2025-07-03,Gainesville,3.176,3.622,3.99,0.12610340479193294
2025-07-04,Gainesville,3.163,3.598,3.979,-0.40931989924434253
2025-07-05,Gainesville,3.144,3.585,3.942,-0.6006955422067528
2025-07-06,Gainesville,3.122,3.563,3.925,-0.6997455470738045
2025-07-07,Gainesville,3.127,3.548,3.91,0.16015374759767997
2025-07-08,Gainesville,3.103,3.531,3.896,-0.7675087943715853
2025-07-09,Gainesville,3.086,3.526,3.888,-0.5478569126651789
2025-07-10,Gainesville,3.071,3.481,3.854,-0.48606610499026814
2025-07-11,Gainesville,3.066,3.502,3.861,-0.16281341582548015
2025-07-12,Gainesville,3.059,3.514,3.845,-0.22831050228309113
2025-07-13,Gainesville,3.057,3.5,3.855,-0.06538084341288775
2025-07-14,Gainesville,3.052,3.455,3.838,-0.1635590448151758
2025-07-15,Gainesville,3.103,3.549,3.912,1.671035386631714
2025-07-16,Gainesville,3.148,3.6,3.945,1.4502094747018912
2025-07-17,Gainesville,3.177,3.623,3.986,0.9212198221092649
2025-07-18,Gainesville,3.174,3.64,4.001,-0.09442870632673239
2025-07-19,Gainesville,3.157,3.626,3.962,-0.5356017643352251
2025-07-20,Gainesville,3.142,3.591,3.947,-0.4751346214760921
2025-07-21,Gainesville,3.124,3.575,3.943,-0.5728835136855404
2025-07-22,Gainesville,3.121,3.568,3.935,-0.09603072983355165
2025-07-23,Gainesville,3.107,3.563,3.899,-0.4485741749439165
2025-07-24,Gainesville,3.148,3.608,3.946,1.3196009011908538
2025-07-25,Gainesville,3.167,3.618,3.966,0.6035578144853782
2025-07-26,Gainesville,3.172,3.623,3.979,0.1578781180928468
2025-07-27,Gainesville,3.154,3.592,3.971,-0.5674653215636871
2025-07-28,Gainesville,3.147,3.584,3.955,-0.221940393151554
2025-07-29,Gainesville,3.142,3.577,3.949,-0.1588814744200806
2025-07-30,Gainesville,3.125,3.571,3.925,-0.5410566518141313
2025-07-31,Gainesville,3.107,3.552,3.899,-0.5759999999999987
2025-08-01,Gainesville,3.092,3.549,3.891,-0.4827808175088544
2025-08-02,Gainesville,3.071,3.515,3.848,-0.6791720569210846
2025-08-03,Gainesville,3.065,3.483,3.844,-0.19537609899056285
2025-08-04,Gainesville,3.061,3.502,3.86,-0.13050570962479524
2025-08-05,Gainesville,3.135,3.607,3.959,2.4175106174452843
2025-08-06,Gainesville,3.169,3.649,3.988,1.0845295055821547
2025-08-07,Gainesville,3.179,3.649,3.99,0.3155569580309159
2025-08-08,Gainesville,3.164,3.627,3.986,-0.4718464926077304
2025-08-09,Gainesville,3.152,3.61,3.98,-0.37926675094817064
2025-08-10,Gainesville,3.138,3.594,3.967,-0.4441624365482344
2025-08-11,Gainesville,3.128,3.589,3.933,-0.31867431485022024
2025-08-12,Gainesville,3.102,3.574,3.927,-0.8312020460358172
2025-08-13,Gainesville,3.154,3.633,3.973,1.676337846550613
2025-08-14,Gainesville,3.185,3.657,3.983,0.9828788839568947
2025-08-15,Gainesville,3.167,3.648,3.99,-0.5651491365777139
2025-08-16,Gainesville,3.142,3.609,3.956,-0.7893905904641563
2025-08-17,Gainesville,3.121,3.583,3.938,-0.6683640992998008
2025-08-18,Gainesville,3.093,3.544,3.917,-0.8971483498878552
2025-08-19,Gainesville,3.073,3.536,3.912,-0.6466214031684459
2025-08-20,Gainesville,3.059,3.54,3.91,-0.4555808656036331
2025-08-21,Gainesville,3.044,3.493,3.882,-0.49035632559660813
2025-08-22,Gainesville,3.036,3.497,3.86,-0.26281208935611255
2025-08-23,Gainesville,3.037,3.494,3.861,0.032938076416333395
2025-08-24,Gainesville,3.03,3.456,3.818,-0.23049061573922058
2025-08-25,Gainesville,3.03,3.428,3.806,0.0
2025-08-26,Gainesville,3.124,3.574,3.932,3.10231023102312
2025-08-27,Gainesville,3.163,3.626,3.986,1.2483994878361049
2025-08-28,Gainesville,3.167,3.637,3.977,0.12646221941194913
2025-08-29,Gainesville,3.162,3.604,3.964,-0.1578781180928246
2025-08-30,Gainesville,3.144,3.582,3.955,-0.5692599620493288
2025-08-31,Gainesville,3.129,3.579,3.925,-0.4770992366412208
2025-09-01,Gainesville,3.114,3.557,3.888,-0.4793863854266611
2025-09-02,Gainesville,3.096,3.536,3.885,-0.578034682080919
2025-09-03,Gainesville,3.154,3.63,3.963,1.8733850129198926
2025-09-04,Gainesville,3.177,3.641,4.007,0.7292327203550997
2025-09-05,Gainesville,3.178,3.634,3.998,0.03147623544224043
2025-09-06,Gainesville,3.184,3.649,4.001,0.18879798615483168
2025-09-07,Gainesville,3.179,3.64,4.008,-0.1570351758794053
2025-09-08,Gainesville,3.159,3.618,3.968,-0.6291286568103183
2025-09-09,Gainesville,3.142,3.597,3.955,-0.538144982589428
2025-09-10,Gainesville,3.122,3.574,3.941,-0.6365372374283917
2025-09-11,Gainesville,3.097,3.553,3.912,-0.8007687379884665
2025-09-12,Gainesville,3.067,3.525,3.887,-0.9686793671294769
2025-09-13,Gainesville,3.051,3.502,3.883,-0.5216824258232777
2025-09-14,Gainesville,3.026,3.487,3.835,-0.8194034742707412
2025-09-15,Gainesville,3.016,3.478,3.829,-0.33046926635822427
2025-09-16,Gainesville,3.15,3.647,3.997,4.442970822281156
2025-09-17,Gainesville,3.193,3.659,4.029,1.3650793650793691
2025-09-18,Gainesville,3.229,3.704,4.025,1.127466332602567
2025-09-19,Gainesville,3.208,3.682,4.009,-0.6503561474140551
2025-09-20,Gainesville,3.189,3.654,3.989,-0.5922693266832924
2025-09-21,Gainesville,3.177,3.646,3.99,-0.37629350893697566
2025-09-22,Gainesville,3.169,3.639,3.981,-0.25180988353793454
2025-09-23,Gainesville,3.163,3.629,3.978,-0.1893341748185673
2025-09-24,Gainesville,3.144,3.604,3.947,-0.6006955422067528
2025-09-25,Gainesville,3.121,3.578,3.924,-0.73155216284988
2025-09-26,Gainesville,3.093,3.565,3.929,-0.8971483498878552
2025-09-27,Gainesville,3.072,3.566,3.893,-0.6789524733268659
2025-09-28,Gainesville,3.05,3.533,3.862,-0.716145833333337
2025-09-29,Gainesville,3.032,3.492,3.833,-0.5901639344262244
2025-09-30,Gainesville,3.123,3.605,3.932,3.0013192612137196
2025-10-01,Gainesville,3.151,3.607,3.967,0.8965738072366225
2025-10-02,Gainesville,3.137,3.587,3.955,-0.44430339574736966
2025-10-03,Gainesville,3.114,3.573,3.926,-0.7331845712464147
2025-10-04,Gainesville,3.1,3.566,3.908,-0.4495825305073753
2025-10-05,Gainesville,3.096,3.555,3.888,-0.1290322580645209
2025-10-06,Gainesville,3.086,3.54,3.896,-0.3229974160206761
2025-10-07,Gainesville,3.077,3.543,3.878,-0.29163966299415867
2025-10-08,Gainesville,3.07,3.539,3.891,-0.22749431264218467
2025-10-09,Gainesville,3.094,3.583,3.911,0.7817589576547324
2025-10-10,Gainesville,3.07,3.538,3.875,-0.7756948933419494
2025-10-11,Gainesville,3.056,3.533,3.89,-0.4560260586319198
2025-10-12,Gainesville,3.048,3.516,3.883,-0.2617801047120394
2025-10-13,Gainesville,3.033,3.497,3.852,-0.49212598425196763
2025-10-14,Gainesville,3.042,3.521,3.876,0.29673590504450953
2025-10-15,Gainesville,3.039,3.521,3.88,-0.09861932938854956
2025-10-16,Gainesville,3.029,3.517,3.859,-0.32905561039816567
2025-10-17,Gainesville,3.019,3.491,3.852,-0.3301419610432399
2025-10-18,Gainesville,3.011,3.454,3.852,-0.26498840675720503
2025-10-19,Gainesville,3.002,3.452,3.84,-0.29890401859847815
2025-10-20,Gainesville,2.994,3.441,3.795,-0.26648900732842984
2025-10-21,Gainesville,2.975,3.441,3.782,-0.6346025384101561
2025-10-22,Gainesville,2.999,3.471,3.812,0.806722689075623
2025-10-23,Gainesville,3.007,3.463,3.805,0.2667555851950665
2025-10-24,Gainesville,3.008,3.48,3.823,0.03325573661456804
2025-10-25,Gainesville,2.994,3.479,3.83,-0.465425531914887
2025-10-26,Gainesville,2.993,3.462,3.826,-0.03340013360054739
2025-10-27,Gainesville,2.985,3.446,3.801,-0.26729034413631725
2025-10-28,Gainesville,2.976,3.432,3.801,-0.3015075376884391
2025-11-01,Gainesville,3.005,3.459,3.803,0.9744623655913998
2025-11-03,Gainesville,2.995,3.461,3.803,-0.33277870216305017
2025-11-07,Gainesville,2.955,3.403,3.758,-1.3355592654424098
2025-11-08,Gainesville,2.94,3.362,3.728,-0.5076142131979711
2025-11-09,Gainesville,2.933,3.381,3.721,-0.23809523809523725
2025-11-11,Gainesville,2.97,3.434,3.778,1.2615069894306385
2025-11-14,Gainesville,2.995,3.449,3.805,0.8417508417508435
2025-11-15,Gainesville,2.981,3.455,3.808,-0.4674457429048484
2025-11-16,Gainesville,2.978,3.456,3.791,-0.10063737001004824
2025-11-17,Gainesville,2.961,3.423,3.767,-0.5708529214237812
2025-11-21,Gainesville,3.13,3.587,3.945,5.70753123944614
2025-11-24,Gainesville,3.138,3.622,3.968,0.2555910543130979
2025-12-02,Gainesville,3.07,3.553,3.914,-2.16698534098152
2025-12-04,Gainesville,3.08,3.563,3.934,0.32573289902280145
2025-12-11,Gainesville,2.943,3.416,3.786,-4.448051948051946
2025-12-17,Gainesville,2.945,3.452,3.774,0.06795786612299182
2025-12-22,Gainesville,2.919,3.408,3.747,-0.8828522920203641
2025-12-23,Gainesville,2.893,3.382,3.72,-0.8907159986296764
2025-12-26,Gainesville,2.863,3.311,3.687,-1.0369858278603483
2025-12-27,Gainesville,2.836,3.295,3.665,-0.9430667132378723
2025-12-29,Gainesville,2.826,3.328,3.665,-0.35260930888574293
2025-12-30,Gainesville,2.886,3.388,3.735,2.123142250530785
2022-01-28,Homosassa Springs,3.35,3.667,3.967,
2022-01-28,Homosassa Springs,3.35,3.667,3.967,0.0
2022-03-07,Homosassa Springs,3.996,4.28,4.611,19.283582089552233
2022-03-07,Homosassa Springs,3.996,4.28,4.611,0.0
2022-03-08,Homosassa Springs,3.996,4.28,4.611,0.0
2022-03-08,Homosassa Springs,3.996,4.28,4.611,0.0
2022-03-22,Homosassa Springs,4.14,4.522,4.823,3.603603603603589
2022-03-22,Homosassa Springs,4.14,4.522,4.823,0.0
2022-04-01,Homosassa Springs,4.183,4.523,4.81,1.0386473429951693
2022-04-01,Homosassa Springs,4.183,4.523,4.81,0.0
2022-04-14,Homosassa Springs,3.993,4.366,4.709,-4.542194597179061
2022-04-19,Homosassa Springs,4.058,4.405,4.705,1.627848735286741
2022-05-11,Homosassa Springs,4.307,4.614,4.935,6.1360275998028735
2022-05-25,Homosassa Springs,4.601,4.909,5.222,6.826097051311808
2022-05-29,Homosassa Springs,4.589,4.92,5.256,-0.2608128667680898
2022-05-31,Homosassa Springs,4.577,4.913,5.268,-0.26149487905863245
2022-06-06,Homosassa Springs,4.767,5.113,5.443,4.151190736290156
2022-06-09,Homosassa Springs,4.747,5.1,5.39,-0.4195510803440383
2022-06-25,Homosassa Springs,4.707,5.1,5.424,-0.8426374552348848
2022-06-26,Homosassa Springs,4.694,5.074,5.402,-0.2761844062035279
2022-06-27,Homosassa Springs,4.694,5.074,5.402,0.0
2022-06-29,Homosassa Springs,4.628,5.029,5.388,-1.4060502769492889
2022-06-30,Homosassa Springs,4.612,5.026,5.336,-0.34572169403630504
2022-07-02,Homosassa Springs,4.582,4.993,5.298,-0.6504770164787566
2022-07-10,Homosassa Springs,4.44,4.861,5.172,-3.099083369707545
2022-08-01,Homosassa Springs,3.895,4.243,4.597,-12.274774774774777
2022-09-22,Homosassa Springs,3.383,3.759,4.111,-13.145057766367142
2022-09-23,Homosassa Springs,3.361,3.72,4.015,-0.6503103754064377
2022-09-27,Homosassa Springs,3.371,3.732,4.077,0.2975304968759307
2022-10-02,Homosassa Springs,3.158,3.563,3.873,-6.318599822011272
2022-10-03,Homosassa Springs,3.148,3.567,3.869,-0.3166561114629429
2022-10-04,Homosassa Springs,3.139,3.543,3.832,-0.2858958068615136
2022-11-05,Homosassa Springs,3.455,3.816,4.239,10.06690028671553
2022-11-10,Homosassa Springs,3.612,3.981,4.344,4.5441389290882706
2022-11-21,Homosassa Springs,3.513,3.876,4.271,-2.740863787375425
2022-11-26,Homosassa Springs,3.443,3.804,4.163,-1.9925989183034454
2022-11-28,Homosassa Springs,3.426,3.809,4.162,-0.4937554458321225
2022-11-30,Homosassa Springs,3.429,3.791,4.184,0.08756567425567408
2022-12-01,Homosassa Springs,3.414,3.779,4.14,-0.43744531933507247
2022-12-05,Homosassa Springs,3.365,3.721,4.089,-1.4352665495020456
2022-12-07,Homosassa Springs,3.322,3.668,4.044,-1.2778603268945088
2022-12-08,Homosassa Springs,3.284,3.644,4.028,-1.1438892233594289
2022-12-10,Homosassa Springs,3.262,3.636,3.975,-0.6699147381242332
2023-01-19,Homosassa Springs,3.422,3.77,4.142,4.904966278356837
2023-03-23,Homosassa Springs,3.447,3.8,4.171,0.7305669199298537
2023-03-27,Homosassa Springs,3.394,3.728,4.102,-1.5375689004931803
2023-03-30,Homosassa Springs,3.515,3.824,4.178,3.565114908662337
2023-04-02,Homosassa Springs,3.518,3.831,4.223,0.08534850640113945
2023-04-03,Homosassa Springs,3.516,3.848,4.214,-0.05685048322909836
2023-05-15,Homosassa Springs,3.492,3.855,4.182,-0.6825938566552892
2023-05-16,Homosassa Springs,3.475,3.81,4.173,-0.48682703321878407
2023-05-17,Homosassa Springs,3.464,3.811,4.169,-0.316546762589931
2023-05-18,Homosassa Springs,3.441,3.824,4.159,-0.6639722863741371
2023-05-22,Homosassa Springs,3.394,3.766,4.144,-1.3658820110432957
2023-05-24,Homosassa Springs,3.371,3.746,4.113,-0.6776664702416113
2023-05-25,Homosassa Springs,3.35,3.747,4.078,-0.6229605458320964
2023-05-26,Homosassa Springs,3.372,3.703,4.07,0.6567164179104523
2023-05-30,Homosassa Springs,3.415,3.806,4.135,1.2752075919335804
2023-05-31,Homosassa Springs,3.404,3.824,4.138,-0.3221083455344109
2023-06-01,Homosassa Springs,3.389,3.772,4.123,-0.4406580493537038
2023-06-06,Homosassa Springs,3.308,3.673,4.011,-2.390085570964884
2023-06-07,Homosassa Springs,3.287,3.642,3.984,-0.6348246674727887
2023-06-09,Homosassa Springs,3.376,3.784,4.112,2.7076361423790773
2023-06-10,Homosassa Springs,3.376,3.784,4.112,0.0
2023-06-13,Homosassa Springs,3.515,3.863,4.182,4.117298578199069
2023-06-14,Homosassa Springs,3.508,3.879,4.21,-0.19914651493598834
2023-06-16,Homosassa Springs,3.477,3.859,4.226,-0.8836944127708191
2023-06-23,Homosassa Springs,3.385,3.761,4.121,-2.6459591601955768
2023-07-04,Homosassa Springs,3.245,3.622,3.992,-4.135893648449029
2023-11-11,Homosassa Springs,3.24,3.671,3.955,-0.15408320493065508
2023-11-29,Homosassa Springs,3.2,3.564,3.895,-1.2345679012345734
2024-01-18,Homosassa Springs,3.103,3.525,3.869,-3.0312499999999964
2024-02-21,Homosassa Springs,3.368,3.76,4.133,8.540122462133404
2024-02-26,Homosassa Springs,3.353,3.756,4.103,-0.4453681710213653
2024-02-27,Homosassa Springs,3.342,3.724,4.096,-0.32806441992245805
2024-02-28,Homosassa Springs,3.38,3.797,4.147,1.1370436864153177
2024-03-01,Homosassa Springs,3.406,3.813,4.15,0.7692307692307665
2024-03-02,Homosassa Springs,3.4,3.813,4.136,-0.17615971814445297
2024-03-04,Homosassa Springs,3.392,3.79,4.131,-0.23529411764705577
2024-03-05,Homosassa Springs,3.346,3.718,4.042,-1.3561320754716943
2024-04-11,Homosassa Springs,3.613,3.999,4.388,7.979677226539139
2024-04-22,Homosassa Springs,3.628,4.002,4.369,0.41516745087184503
2024-04-23,Homosassa Springs,3.628,4.002,4.369,0.0
2024-05-06,Homosassa Springs,3.671,4.07,4.396,1.185226019845631
2024-05-19,Homosassa Springs,3.495,3.869,4.2,-4.794333968945786
2024-05-24,Homosassa Springs,3.594,3.989,4.336,2.832618025751077
2024-05-31,Homosassa Springs,3.523,3.9,4.266,-1.975514746800211
2024-06-03,Homosassa Springs,3.493,3.87,4.207,-0.851546977008244
2024-06-12,Homosassa Springs,3.29,3.663,4.009,-5.811623246492981
2024-06-16,Homosassa Springs,3.246,3.623,4.002,-1.3373860182370856
2024-06-20,Homosassa Springs,3.392,3.782,4.144,4.497843499691934
2024-06-21,Homosassa Springs,3.392,3.782,4.144,0.0
2024-06-23,Homosassa Springs,3.401,3.823,4.165,0.26533018867924696
2024-06-29,Homosassa Springs,3.47,3.87,4.232,2.028815054395783
2024-07-04,Homosassa Springs,3.571,3.98,4.358,2.9106628242074883
2024-07-09,Homosassa Springs,3.551,3.971,4.293,-0.5600672080649738
2024-07-10,Homosassa Springs,3.551,3.971,4.293,0.0
2024-07-12,Homosassa Springs,3.6,4.017,4.359,1.3798929878907407
2024-07-18,Homosassa Springs,3.524,3.925,4.28,-2.111111111111108
2024-07-22,Homosassa Springs,3.369,3.727,4.103,-4.398410896708283
2024-07-24,Homosassa Springs,3.498,3.907,4.261,3.829029385574345
2024-07-25,Homosassa Springs,3.498,3.907,4.261,0.0
2024-08-01,Homosassa Springs,3.433,3.841,4.167,-1.8582046883933834
2024-08-11,Homosassa Springs,3.384,3.769,4.109,-1.4273230410719484
2024-08-16,Homosassa Springs,3.395,3.785,4.12,0.3250591016548565
2024-08-17,Homosassa Springs,3.395,3.785,4.12,0.0
2024-08-18,Homosassa Springs,3.354,3.698,4.039,-1.2076583210603786
2024-08-19,Homosassa Springs,3.348,3.694,4.028,-0.17889087656530744
2024-08-20,Homosassa Springs,3.348,3.694,4.028,0.0
2024-09-07,Homosassa Springs,3.296,3.684,4.05,-1.5531660692950977
2024-09-09,Homosassa Springs,3.228,3.613,3.959,-2.0631067961164984
2024-09-16,Homosassa Springs,3.178,3.549,3.921,-1.5489467162329684
2024-09-19,Homosassa Springs,3.21,3.638,4.002,1.0069225928256875
2024-09-21,Homosassa Springs,3.172,3.578,3.915,-1.1838006230529552
2024-09-23,Homosassa Springs,3.172,3.578,3.915,0.0
2024-09-24,Homosassa Springs,3.183,3.562,3.943,0.3467843631777878
2024-09-25,Homosassa Springs,3.183,3.562,3.943,0.0
2024-09-26,Homosassa Springs,3.212,3.618,3.975,0.9110901665095872
2024-09-27,Homosassa Springs,3.219,3.642,3.987,0.2179327521793173
2024-10-01,Homosassa Springs,3.22,3.631,3.987,0.031065548306941082
2024-10-02,Homosassa Springs,3.216,3.611,3.955,-0.1242236024844745
2024-10-04,Homosassa Springs,3.188,3.602,3.937,-0.8706467661691586
2024-10-06,Homosassa Springs,3.156,3.543,3.899,-1.0037641154328703
2024-10-09,Homosassa Springs,3.133,3.559,3.926,-0.7287705956907531
2024-10-13,Homosassa Springs,3.118,3.476,3.821,-0.4787743376955089
2024-10-21,Homosassa Springs,3.112,3.493,3.841,-0.19243104554200752
2024-11-01,Homosassa Springs,3.076,3.451,3.836,-1.1568123393316254
2024-11-02,Homosassa Springs,3.076,3.451,3.836,0.0
2024-11-04,Homosassa Springs,3.008,3.397,3.747,-2.2106631989596948
2024-11-05,Homosassa Springs,3.141,3.563,3.928,4.421542553191493
2024-11-06,Homosassa Springs,3.196,3.567,3.947,1.7510347023240946
2024-11-07,Homosassa Springs,3.203,3.587,3.948,0.21902377972464748
2024-11-08,Homosassa Springs,3.2,3.592,3.976,-0.09366219169527623
2024-11-10,Homosassa Springs,3.159,3.547,3.93,-1.2812500000000115
2024-11-11,Homosassa Springs,3.138,3.541,3.882,-0.6647673314339908
2024-11-12,Homosassa Springs,3.121,3.498,3.861,-0.5417463352453744
2024-11-13,Homosassa Springs,3.091,3.483,3.831,-0.9612303748798401
2024-11-14,Homosassa Springs,3.032,3.457,3.749,-1.9087673891944434
2024-11-15,Homosassa Springs,3.129,3.555,3.892,3.1992084432717727
2024-11-16,Homosassa Springs,3.203,3.588,3.933,2.364972834771484
2024-11-17,Homosassa Springs,3.204,3.605,3.952,0.031220730565095778
2024-11-18,Homosassa Springs,3.172,3.581,3.924,-0.9987515605493158
2024-11-19,Homosassa Springs,3.146,3.515,3.841,-0.819672131147553
2024-11-20,Homosassa Springs,3.111,3.479,3.824,-1.1125238397965531
2024-11-21,Homosassa Springs,3.088,3.475,3.807,-0.7393121182899476
2024-11-22,Homosassa Springs,3.06,3.467,3.792,-0.90673575129534
2024-11-24,Homosassa Springs,3.175,3.603,3.922,3.7581699346405095
2024-11-25,Homosassa Springs,3.203,3.612,3.942,0.8818897637795198
2024-11-26,Homosassa Springs,3.198,3.598,3.944,-0.1561036528254678
2024-11-27,Homosassa Springs,3.194,3.605,3.953,-0.1250781738586615
2024-11-28,Homosassa Springs,3.192,3.594,3.928,-0.06261740763932044
2024-12-01,Homosassa Springs,3.17,3.542,3.893,-0.6892230576441172
2024-12-02,Homosassa Springs,3.167,3.558,3.881,-0.09463722397476948
2024-12-03,Homosassa Springs,3.135,3.536,3.855,-1.0104199557941285
2024-12-05,Homosassa Springs,3.08,3.506,3.84,-1.754385964912275
2024-12-06,Homosassa Springs,3.053,3.466,3.822,-0.8766233766233755
2024-12-07,Homosassa Springs,3.129,3.567,3.912,2.4893547330494536
2024-12-08,Homosassa Springs,3.167,3.596,3.92,1.2144455097475193
2024-12-09,Homosassa Springs,3.181,3.59,3.938,0.4420587306599444
2024-12-10,Homosassa Springs,3.18,3.592,3.923,-0.03143665513989369
2024-12-11,Homosassa Springs,3.154,3.565,3.908,-0.8176100628930927
2024-12-12,Homosassa Springs,3.127,3.539,3.903,-0.8560558021559972
2024-12-13,Homosassa Springs,3.108,3.503,3.846,-0.6076111288775055
2024-12-16,Homosassa Springs,3.188,3.622,3.95,2.5740025740025763
2024-12-17,Homosassa Springs,3.184,3.6,3.935,-0.12547051442910462
2024-12-18,Homosassa Springs,3.156,3.566,3.945,-0.8793969849246186
2024-12-19,Homosassa Springs,3.128,3.539,3.911,-0.8871989860583018
2024-12-20,Homosassa Springs,3.087,3.484,3.8,-1.310741687979533
2024-12-23,Homosassa Springs,3.025,3.419,3.807,-2.0084224165856868
2024-12-24,Homosassa Springs,3.11,3.554,3.869,2.809917355371905
2024-12-27,Homosassa Springs,3.133,3.565,3.936,0.739549839228304
2024-12-28,Homosassa Springs,3.121,3.512,3.873,-0.38301947015639826
2024-12-29,Homosassa Springs,3.12,3.514,3.841,-0.0320410124959869
2024-12-30,Homosassa Springs,3.101,3.498,3.842,-0.6089743589743679
2025-01-01,Homosassa Springs,3.154,3.583,3.923,1.7091260883585813
2025-01-02,Homosassa Springs,3.174,3.596,3.956,0.6341154090044432
2025-01-03,Homosassa Springs,3.193,3.602,3.943,0.5986137366099653
2025-01-05,Homosassa Springs,3.174,3.573,3.942,-0.595051675540248
2025-01-06,Homosassa Springs,3.16,3.557,3.914,-0.4410838059231148
2025-01-07,Homosassa Springs,3.142,3.547,3.894,-0.56962025316456
2025-01-08,Homosassa Springs,3.115,3.51,3.84,-0.8593252705283216
2025-01-09,Homosassa Springs,3.162,3.588,3.917,1.508828250401284
2025-01-11,Homosassa Springs,3.189,3.611,3.956,0.8538899430740043
2025-01-13,Homosassa Springs,3.155,3.539,3.895,-1.0661649419880903
2025-01-14,Homosassa Springs,3.222,3.651,3.986,2.1236133122028544
2025-01-15,Homosassa Springs,3.275,3.712,4.045,1.6449410304158807
2025-01-16,Homosassa Springs,3.288,3.712,4.053,0.39694656488549196
2025-01-17,Homosassa Springs,3.264,3.684,4.032,-0.7299270072992692
2025-01-18,Homosassa Springs,3.23,3.647,4.007,-1.041666666666663
2025-01-19,Homosassa Springs,3.215,3.628,3.961,-0.4643962848297267
2025-01-20,Homosassa Springs,3.212,3.61,3.951,-0.09331259720061214
2025-01-21,Homosassa Springs,3.197,3.595,3.925,-0.4669987546699894
2025-01-23,Homosassa Springs,3.139,3.53,3.847,-1.8142008132624454
2025-01-24,Homosassa Springs,3.242,3.641,3.997,3.281299776999047
2025-01-26,Homosassa Springs,3.272,3.674,4.024,0.9253547193090572
2025-01-27,Homosassa Springs,3.27,3.663,4.03,-0.061124694376524236
2025-01-28,Homosassa Springs,3.255,3.651,4.009,-0.4587155963302836
2025-01-30,Homosassa Springs,3.191,3.595,3.928,-1.9662058371735847
2025-02-01,Homosassa Springs,3.087,3.486,3.827,-3.259166405515501
2025-02-02,Homosassa Springs,3.059,3.452,3.803,-0.9070294784580546
2025-02-03,Homosassa Springs,3.044,3.413,3.73,-0.49035632559660813
2025-02-04,Homosassa Springs,3.199,3.643,3.951,5.091984231274638
2025-02-06,Homosassa Springs,3.238,3.653,4.003,1.2191309784307602
2025-02-07,Homosassa Springs,3.238,3.653,4.003,0.0
2025-02-09,Homosassa Springs,3.121,3.536,3.855,-3.613341568869677
2025-02-10,Homosassa Springs,3.115,3.494,3.882,-0.1922460749759658
2025-02-11,Homosassa Springs,3.08,3.484,3.834,-1.1235955056179803
2025-02-12,Homosassa Springs,3.068,3.473,3.816,-0.3896103896103953
2025-02-13,Homosassa Springs,3.055,3.445,3.79,-0.4237288135593209
2025-02-15,Homosassa Springs,3.018,3.387,3.742,-1.2111292962356912
2025-02-16,Homosassa Springs,2.986,3.346,3.662,-1.060304837640813
2025-02-17,Homosassa Springs,2.987,3.364,3.665,0.033489618218340844
2025-02-18,Homosassa Springs,3.111,3.559,3.89,4.151322397053914
2025-02-19,Homosassa Springs,3.168,3.575,3.935,1.8322082931533146
2025-02-20,Homosassa Springs,3.169,3.566,3.881,0.03156565656565746
2025-02-21,Homosassa Springs,3.16,3.551,3.878,-0.28400126222782873
2025-02-22,Homosassa Springs,3.134,3.538,3.92,-0.8227848101265867
2025-02-23,Homosassa Springs,3.104,3.492,3.85,-0.957243139757491
2025-02-25,Homosassa Springs,3.129,3.544,3.921,0.8054123711340067
2025-02-26,Homosassa Springs,3.162,3.571,3.961,1.0546500479386323
2025-02-27,Homosassa Springs,3.156,3.557,3.93,-0.1897533206831059
2025-02-28,Homosassa Springs,3.129,3.552,3.898,-0.8555133079847899
2025-03-01,Homosassa Springs,3.108,3.531,3.861,-0.6711409395973145
2025-03-02,Homosassa Springs,3.084,3.466,3.824,-0.7722007722007707
2025-03-03,Homosassa Springs,3.079,3.477,3.83,-0.1621271076523989
2025-03-04,Homosassa Springs,3.056,3.429,3.77,-0.746995777849957
2025-03-06,Homosassa Springs,3.163,3.587,3.913,3.5013089005235587
2025-03-07,Homosassa Springs,3.156,3.552,3.899,-0.22130888397090542
2025-03-08,Homosassa Springs,3.101,3.49,3.828,-1.7427122940431028
2025-03-09,Homosassa Springs,3.083,3.454,3.786,-0.5804579168010249
2025-03-10,Homosassa Springs,3.056,3.428,3.779,-0.8757703535517414
2025-03-11,Homosassa Springs,3.013,3.389,3.743,-1.4070680628272325
2025-03-12,Homosassa Springs,2.978,3.336,3.692,-1.1616329239960033
2025-03-13,Homosassa Springs,2.943,3.268,3.646,-1.1752854264607149
2025-03-14,Homosassa Springs,3.092,3.518,3.836,5.0628610261637785
2025-03-15,Homosassa Springs,3.154,3.544,3.845,2.005174644243213
2025-03-16,Homosassa Springs,3.145,3.547,3.851,-0.28535193405199166
2025-03-17,Homosassa Springs,3.147,3.545,3.846,0.06359300476945773
2025-03-18,Homosassa Springs,3.104,3.514,3.866,-1.366380680012702
2025-03-19,Homosassa Springs,3.073,3.473,3.829,-0.9987113402061931
2025-03-20,Homosassa Springs,3.043,3.425,3.784,-0.976244712007801
2025-03-21,Homosassa Springs,3.003,3.396,3.734,-1.3144922773578704
2025-03-22,Homosassa Springs,2.982,3.326,3.688,-0.6993006993006978
2025-03-24,Homosassa Springs,2.949,3.297,3.704,-1.106639839034218
2025-03-25,Homosassa Springs,3.101,3.495,3.848,5.154289589691419
2025-03-26,Homosassa Springs,3.17,3.577,3.925,2.2250886810706305
2025-03-27,Homosassa Springs,3.143,3.576,3.894,-0.8517350157728698
2025-03-28,Homosassa Springs,3.106,3.489,3.814,-1.1772192173083007
2025-03-29,Homosassa Springs,3.085,3.455,3.838,-0.6761107533805544
2025-03-30,Homosassa Springs,3.061,3.434,3.809,-0.7779578606158855
2025-03-31,Homosassa Springs,3.051,3.373,3.749,-0.32669062397908677
2025-04-02,Homosassa Springs,3.175,3.608,3.937,4.064241232382804
2025-04-03,Homosassa Springs,3.255,3.663,3.989,2.5196850393700787
2025-04-04,Homosassa Springs,3.245,3.619,3.948,-0.3072196620583667
2025-04-05,Homosassa Springs,3.244,3.641,3.978,-0.030816640986131016
2025-04-06,Homosassa Springs,3.224,3.62,3.985,-0.6165228113440224
2025-04-07,Homosassa Springs,3.214,3.584,3.973,-0.31017369727047717
2025-04-08,Homosassa Springs,3.23,3.632,3.976,0.49782202862476144
2025-04-09,Homosassa Springs,3.239,3.654,3.999,0.27863777089782715
2025-04-10,Homosassa Springs,3.233,3.639,3.998,-0.1852423587526908
2025-04-11,Homosassa Springs,3.192,3.601,3.948,-1.268171976492416
2025-04-12,Homosassa Springs,3.153,3.546,3.896,-1.2218045112782017
2025-04-13,Homosassa Springs,3.135,3.506,3.866,-0.570884871550914
2025-04-14,Homosassa Springs,3.12,3.475,3.83,-0.4784688995215225
2025-04-15,Homosassa Springs,3.097,3.431,3.83,-0.7371794871794957
2025-04-16,Homosassa Springs,3.071,3.432,3.779,-0.8395221181788814
2025-04-17,Homosassa Springs,3.063,3.46,3.777,-0.26050146532073937
2025-04-18,Homosassa Springs,3.063,3.437,3.784,0.0
2025-04-19,Homosassa Springs,3.041,3.429,3.754,-0.7182500816193316
2025-04-20,Homosassa Springs,3.026,3.406,3.732,-0.4932587964485369
2025-04-21,Homosassa Springs,3.015,3.344,3.709,-0.36351619299404003
2025-04-22,Homosassa Springs,3.116,3.55,3.898,3.3499170812603563
2025-04-23,Homosassa Springs,3.158,3.581,3.911,1.347881899871628
2025-04-24,Homosassa Springs,3.175,3.605,3.937,0.5383153894870096
2025-04-25,Homosassa Springs,3.145,3.574,3.921,-0.9448818897637712
2025-04-26,Homosassa Springs,3.112,3.503,3.888,-1.0492845786963412
2025-04-27,Homosassa Springs,3.092,3.465,3.851,-0.6426735218509005
2025-04-28,Homosassa Springs,3.085,3.447,3.839,-0.22639068564036524
2025-04-29,Homosassa Springs,3.101,3.477,3.839,0.5186385737439236
2025-04-30,Homosassa Springs,3.203,3.632,3.987,3.289261528539167
2025-05-01,Homosassa Springs,3.23,3.639,3.988,0.842959725257586
2025-05-02,Homosassa Springs,3.205,3.622,3.946,-0.7739938080495334
2025-05-03,Homosassa Springs,3.161,3.576,3.916,-1.372854914196564
2025-05-04,Homosassa Springs,3.143,3.509,3.898,-0.5694400506168984
2025-05-05,Homosassa Springs,3.108,3.476,3.85,-1.1135857461024412
2025-05-06,Homosassa Springs,3.076,3.439,3.8,-1.029601029601035
2025-05-07,Homosassa Springs,3.028,3.382,3.755,-1.5604681404421394
2025-05-08,Homosassa Springs,2.996,3.32,3.726,-1.0568031704095149
2025-05-09,Homosassa Springs,2.967,3.336,3.731,-0.9679572763684918
2025-05-10,Homosassa Springs,2.938,3.306,3.664,-0.9774182676103749
2025-05-11,Homosassa Springs,2.919,3.288,3.584,-0.6466984343090565
2025-05-12,Homosassa Springs,2.893,3.253,3.589,-0.8907159986296764
2025-05-13,Homosassa Springs,3.094,3.519,3.866,6.947805046664368
2025-05-14,Homosassa Springs,3.166,3.584,3.891,2.3270846800258482
2025-05-15,Homosassa Springs,3.164,3.606,3.926,-0.06317119393556281
2025-05-16,Homosassa Springs,3.152,3.583,3.896,-0.37926675094817064
2025-05-17,Homosassa Springs,3.122,3.537,3.876,-0.9517766497462055
2025-05-18,Homosassa Springs,3.094,3.498,3.84,-0.8968609865470878
2025-05-19,Homosassa Springs,3.072,3.436,3.804,-0.7110536522301203
2025-05-20,Homosassa Springs,3.062,3.408,3.762,-0.32552083333333703
2025-05-21,Homosassa Springs,3.16,3.572,3.923,3.200522534291328
2025-05-22,Homosassa Springs,3.196,3.597,3.936,1.13924050632912
2025-05-23,Homosassa Springs,3.167,3.604,3.95,-0.9073842302878665
2025-05-24,Homosassa Springs,3.138,3.563,3.961,-0.9156930849384293
2025-05-25,Homosassa Springs,3.116,3.487,3.861,-0.7010834926704845
2025-05-26,Homosassa Springs,3.095,3.46,3.836,-0.673940949935814
2025-05-27,Homosassa Springs,3.086,3.442,3.818,-0.2907915993538124
2025-05-28,Homosassa Springs,3.07,3.468,3.774,-0.5184705119896327
2025-05-29,Homosassa Springs,3.145,3.612,3.911,2.442996742671011
2025-05-30,Homosassa Springs,3.186,3.614,3.962,1.3036565977742498
2025-05-31,Homosassa Springs,3.172,3.585,3.924,-0.4394224733207719
2025-06-01,Homosassa Springs,3.155,3.537,3.894,-0.5359394703657094
2025-06-02,Homosassa Springs,3.123,3.513,3.862,-1.0142630744849335
2025-06-03,Homosassa Springs,3.094,3.462,3.85,-0.9285943003522368
2025-06-04,Homosassa Springs,3.055,3.447,3.838,-1.2605042016806678
2025-06-05,Homosassa Springs,3.118,3.54,3.916,2.062193126022893
2025-06-07,Homosassa Springs,3.155,3.552,3.91,1.1866581141757537
2025-06-08,Homosassa Springs,3.14,3.516,3.915,-0.47543581616480424
2025-06-09,Homosassa Springs,3.109,3.448,3.87,-0.9872611464968206
2025-06-10,Homosassa Springs,3.078,3.443,3.805,-0.9971051785139906
2025-06-11,Homosassa Springs,3.041,3.435,3.81,-1.202079272254708
2025-06-13,Homosassa Springs,2.983,3.373,3.708,-1.9072673462676715
2025-06-14,Homosassa Springs,2.947,3.331,3.684,-1.2068387529332925
2025-06-15,Homosassa Springs,2.94,3.332,3.671,-0.23752969121140222
2025-06-16,Homosassa Springs,2.959,3.296,3.633,0.6462585034013646
2025-06-17,Homosassa Springs,3.144,3.56,3.883,6.252112200067583
2025-06-18,Homosassa Springs,3.186,3.568,3.933,1.3358778625954137
2025-06-19,Homosassa Springs,3.185,3.56,3.925,-0.03138731952291307
2025-06-20,Homosassa Springs,3.169,3.552,3.884,-0.5023547880690704
2025-06-21,Homosassa Springs,3.134,3.522,3.825,-1.1044493531082389
2025-06-22,Homosassa Springs,3.121,3.495,3.851,-0.41480536056157646
2025-06-23,Homosassa Springs,3.1,3.475,3.824,-0.6728612624158914
2025-06-24,Homosassa Springs,3.094,3.482,3.851,-0.1935483870967869
2025-06-25,Homosassa Springs,3.07,3.482,3.818,-0.7756948933419494
2025-06-26,Homosassa Springs,3.044,3.426,3.728,-0.8469055374592749
2025-06-27,Homosassa Springs,3.027,3.413,3.708,-0.5584756898817322
2025-06-28,Homosassa Springs,3.0,3.381,3.694,-0.8919722497522375
2025-06-29,Homosassa Springs,2.975,3.309,3.662,-0.8333333333333304
2025-06-30,Homosassa Springs,2.955,3.276,3.608,-0.6722689075630228
2025-07-01,Homosassa Springs,3.134,3.513,3.841,6.057529610829104
2025-07-02,Homosassa Springs,3.187,3.588,3.882,1.6911295469049126
2025-07-03,Homosassa Springs,3.173,3.597,3.934,-0.43928459366174843
2025-07-04,Homosassa Springs,3.151,3.548,3.907,-0.6933501418216248
2025-07-05,Homosassa Springs,3.138,3.501,3.885,-0.4125674389082845
2025-07-06,Homosassa Springs,3.108,3.486,3.848,-0.9560229445506607
2025-07-07,Homosassa Springs,3.103,3.479,3.846,-0.1608751608751624
2025-07-08,Homosassa Springs,3.085,3.456,3.81,-0.5800837898807698
2025-07-09,Homosassa Springs,3.056,3.44,3.794,-0.9400324149108519
2025-07-10,Homosassa Springs,3.03,3.422,3.793,-0.8507853403141419
2025-07-11,Homosassa Springs,3.014,3.385,3.745,-0.5280528052805322
2025-07-12,Homosassa Springs,2.984,3.343,3.703,-0.9953550099535469
2025-07-13,Homosassa Springs,2.977,3.326,3.703,-0.23458445040215326
2025-07-14,Homosassa Springs,2.967,3.299,3.712,-0.3359086328518557
2025-07-15,Homosassa Springs,2.975,3.326,3.705,0.26963262554768885
2025-07-16,Homosassa Springs,3.121,3.57,3.902,4.907563025210071
2025-07-17,Homosassa Springs,3.17,3.581,3.94,1.5700096123037577
2025-07-18,Homosassa Springs,3.146,3.57,3.915,-0.7570977917981114
2025-07-19,Homosassa Springs,3.112,3.533,3.858,-1.0807374443738027
2025-07-20,Homosassa Springs,3.091,3.507,3.835,-0.6748071979434389
2025-07-21,Homosassa Springs,3.081,3.477,3.827,-0.3235198964736452
2025-07-22,Homosassa Springs,3.046,3.447,3.788,-1.1359948068808912
2025-07-23,Homosassa Springs,3.027,3.41,3.794,-0.6237688772160133
2025-07-24,Homosassa Springs,3.124,3.591,3.934,3.2044928972580156
2025-07-25,Homosassa Springs,3.171,3.602,3.947,1.5044814340588797
2025-07-26,Homosassa Springs,3.159,3.568,3.934,-0.37842951750236553
2025-07-27,Homosassa Springs,3.145,3.515,3.919,-0.44317822095599757
2025-07-28,Homosassa Springs,3.13,3.505,3.893,-0.4769475357710662
2025-07-29,Homosassa Springs,3.101,3.525,3.85,-0.9265175718849772
2025-07-30,Homosassa Springs,3.072,3.506,3.813,-0.9351821992905518
2025-07-31,Homosassa Springs,3.021,3.437,3.796,-1.66015625
2025-08-01,Homosassa Springs,3.016,3.425,3.762,-0.16550810989738318
2025-08-02,Homosassa Springs,2.975,3.367,3.674,-1.3594164456233404
2025-08-03,Homosassa Springs,2.95,3.327,3.67,-0.8403361344537785
2025-08-04,Homosassa Springs,2.935,3.307,3.67,-0.5084745762711895
2025-08-05,Homosassa Springs,3.139,3.518,3.915,6.9505962521294595
2025-08-06,Homosassa Springs,3.173,3.592,3.946,1.083147499203574
2025-08-07,Homosassa Springs,3.158,3.567,3.925,-0.4727387330601962
2025-08-08,Homosassa Springs,3.118,3.521,3.893,-1.266624445851805
2025-08-09,Homosassa Springs,3.099,3.512,3.862,-0.6093649775496979
2025-08-10,Homosassa Springs,3.085,3.474,3.834,-0.45175863181672327
2025-08-11,Homosassa Springs,3.066,3.463,3.818,-0.6158833063209079
2025-08-12,Homosassa Springs,3.039,3.427,3.818,-0.8806262230919626
2025-08-13,Homosassa Springs,3.155,3.574,3.931,3.8170450806186196
2025-08-14,Homosassa Springs,3.197,3.611,3.951,1.3312202852614918
2025-08-15,Homosassa Springs,3.189,3.602,3.947,-0.25023459493275224
2025-08-16,Homosassa Springs,3.155,3.574,3.919,-1.0661649419880903
2025-08-17,Homosassa Springs,3.124,3.511,3.869,-0.9825673534072821
2025-08-18,Homosassa Springs,3.115,3.508,3.87,-0.28809218950063276
2025-08-19,Homosassa Springs,3.081,3.473,3.823,-1.0914927768860383
2025-08-20,Homosassa Springs,3.064,3.444,3.805,-0.5517689061992792
2025-08-21,Homosassa Springs,3.018,3.416,3.802,-1.5013054830287254
2025-08-22,Homosassa Springs,2.985,3.393,3.766,-1.0934393638170947
2025-08-23,Homosassa Springs,2.952,3.35,3.718,-1.1055276381909507
2025-08-24,Homosassa Springs,2.927,3.32,3.703,-0.8468834688346805
2025-08-25,Homosassa Springs,2.92,3.28,3.672,-0.23915271609156186
2025-08-26,Homosassa Springs,3.103,3.52,3.924,6.26712328767125
2025-08-27,Homosassa Springs,3.185,3.547,3.958,2.6426039316790106
2025-08-28,Homosassa Springs,3.171,3.568,3.935,-0.4395604395604491
2025-08-29,Homosassa Springs,3.146,3.55,3.907,-0.7883948281299236
2025-08-30,Homosassa Springs,3.115,3.521,3.856,-0.9853782581055182
2025-08-31,Homosassa Springs,3.087,3.474,3.838,-0.8988764044943864
2025-09-01,Homosassa Springs,3.063,3.422,3.803,-0.7774538386783325
2025-09-02,Homosassa Springs,3.034,3.379,3.793,-0.9467841984982184
2025-09-03,Homosassa Springs,3.147,3.567,3.92,3.7244561634805606
2025-09-04,Homosassa Springs,3.188,3.624,3.966,1.3028280902446898
2025-09-05,Homosassa Springs,3.186,3.61,3.955,-0.06273525721456341
2025-09-06,Homosassa Springs,3.15,3.566,3.909,-1.1299435028248594
2025-09-07,Homosassa Springs,3.132,3.535,3.899,-0.5714285714285672
2025-09-08,Homosassa Springs,3.116,3.507,3.854,-0.5108556832694733
2025-09-09,Homosassa Springs,3.095,3.508,3.825,-0.673940949935814
2025-09-10,Homosassa Springs,3.075,3.478,3.822,-0.646203554119551
2025-09-11,Homosassa Springs,3.047,3.434,3.802,-0.9105691056910614
2025-09-12,Homosassa Springs,3.003,3.4,3.792,-1.4440433212996373
2025-09-13,Homosassa Springs,2.967,3.356,3.759,-1.1988011988012026
2025-09-14,Homosassa Springs,2.951,3.317,3.706,-0.5392652510953777
2025-09-15,Homosassa Springs,2.992,3.345,3.717,1.3893595391392788
2025-09-16,Homosassa Springs,3.222,3.576,3.924,7.6871657754010725
2025-09-17,Homosassa Springs,3.246,3.66,4.008,0.7448789571694592
2025-09-18,Homosassa Springs,3.237,3.661,4.004,-0.27726432532346745
2025-09-19,Homosassa Springs,3.2,3.626,3.977,-1.143033673154148
2025-09-20,Homosassa Springs,3.163,3.58,3.953,-1.1562500000000142
2025-09-21,Homosassa Springs,3.129,3.525,3.913,-1.0749288650015787
2025-09-22,Homosassa Springs,3.132,3.489,3.887,0.09587727708533222
2025-09-23,Homosassa Springs,3.081,3.44,3.81,-1.6283524904214586
2025-09-24,Homosassa Springs,3.057,3.443,3.795,-0.7789678675754641
2025-09-25,Homosassa Springs,3.05,3.472,3.835,-0.22898266274125056
2025-09-26,Homosassa Springs,3.014,3.43,3.789,-1.1803278688524599
2025-09-27,Homosassa Springs,2.959,3.366,3.704,-1.8248175182481674
2025-09-28,Homosassa Springs,2.942,3.258,3.65,-0.5745184183845842
2025-09-29,Homosassa Springs,2.962,3.315,3.687,0.679809653297081
2025-09-30,Homosassa Springs,3.135,3.549,3.896,5.840648210668453
2025-10-01,Homosassa Springs,3.163,3.545,3.917,0.8931419457735235
2025-10-02,Homosassa Springs,3.14,3.529,3.919,-0.7271577616187019
2025-10-03,Homosassa Springs,3.119,3.512,3.897,-0.6687898089171918
2025-10-04,Homosassa Springs,3.086,3.492,3.827,-1.0580314203270436
2025-10-05,Homosassa Springs,3.059,3.452,3.776,-0.8749189889824871
2025-10-06,Homosassa Springs,3.04,3.421,3.749,-0.6211180124223614
2025-10-07,Homosassa Springs,3.0,3.405,3.722,-1.3157894736842146
2025-10-08,Homosassa Springs,2.979,3.363,3.688,-0.7000000000000006
2025-10-09,Homosassa Springs,3.002,3.424,3.747,0.7720711648204093
2025-10-10,Homosassa Springs,2.937,3.306,3.657,-2.165223184543641
2025-10-11,Homosassa Springs,2.911,3.275,3.665,-0.885257065032341
2025-10-12,Homosassa Springs,2.904,3.277,3.662,-0.24046719340433675
2025-10-13,Homosassa Springs,2.891,3.233,3.6,-0.44765840220385433
2025-10-14,Homosassa Springs,2.974,3.377,3.779,2.870978900034604
2025-10-15,Homosassa Springs,3.007,3.391,3.779,1.1096166778749028
2025-10-16,Homosassa Springs,2.973,3.375,3.745,-1.130695044895258
2025-10-17,Homosassa Springs,2.933,3.307,3.704,-1.345442314160783
2025-10-18,Homosassa Springs,2.904,3.291,3.63,-0.9887487214456203
2025-10-19,Homosassa Springs,2.88,3.279,3.592,-0.8264462809917328
2025-10-20,Homosassa Springs,2.858,3.232,3.583,-0.7638888888888862
2025-10-21,Homosassa Springs,2.843,3.205,3.526,-0.5248425472358376
2025-10-22,Homosassa Springs,2.956,3.347,3.726,3.9746746394653476
2025-10-23,Homosassa Springs,2.991,3.411,3.746,1.1840324763193522
2025-10-24,Homosassa Springs,2.957,3.358,3.718,-1.136743564025422
2025-10-25,Homosassa Springs,2.928,3.321,3.698,-0.9807237064592411
2025-10-26,Homosassa Springs,2.895,3.286,3.65,-1.127049180327866
2025-10-27,Homosassa Springs,2.874,3.272,3.613,-0.7253886010362698
2025-10-28,Homosassa Springs,2.845,3.235,3.563,-1.0090466249130126
2025-11-01,Homosassa Springs,3.023,3.403,3.779,6.256590509666071
2025-11-03,Homosassa Springs,2.99,3.387,3.737,-1.091630830301027
2025-11-07,Homosassa Springs,2.835,3.232,3.553,-5.183946488294322
2025-11-08,Homosassa Springs,2.812,3.216,3.558,-0.8112874779541479
2025-11-09,Homosassa Springs,2.807,3.171,3.517,-0.17780938833570348
2025-11-11,Homosassa Springs,2.935,3.301,3.729,4.560028500178137
2025-11-14,Homosassa Springs,2.961,3.356,3.711,0.8858603066439485
2025-11-15,Homosassa Springs,2.92,3.321,3.649,-1.384667342114143
2025-11-16,Homosassa Springs,2.9,3.319,3.649,-0.6849315068493178
2025-11-17,Homosassa Springs,2.897,3.299,3.678,-0.1034482758620725
2025-11-21,Homosassa Springs,3.184,3.576,3.957,9.90680013807388
2025-11-24,Homosassa Springs,3.118,3.565,3.916,-2.072864321608048
2025-12-02,Homosassa Springs,2.992,3.407,3.783,-4.041051956382291
2025-12-04,Homosassa Springs,3.011,3.438,3.796,0.6350267379679142
2025-12-11,Homosassa Springs,2.904,3.303,3.671,-3.553636665559623
2025-12-17,Homosassa Springs,2.944,3.387,3.726,1.377410468319562
2025-12-22,Homosassa Springs,2.88,3.302,3.613,-2.1739130434782594
2025-12-23,Homosassa Springs,2.866,3.261,3.607,-0.4861111111111094
2025-12-26,Homosassa Springs,2.799,3.192,3.486,-2.337752965806006
2025-12-27,Homosassa Springs,2.721,3.101,3.412,-2.7867095391211127
2025-12-29,Homosassa Springs,2.68,3.047,3.416,-1.5067989709665497
2025-12-30,Homosassa Springs,2.835,3.283,3.601,5.7835820895522305
2022-01-28,Jacksonville,3.337,3.663,3.996,
2022-01-28,Jacksonville,3.337,3.663,3.996,0.0
2022-03-07,Jacksonville,3.985,4.245,4.622,19.41863949655378
2022-03-07,Jacksonville,3.985,4.245,4.622,0.0
2022-03-08,Jacksonville,3.985,4.245,4.622,0.0
2022-03-08,Jacksonville,3.985,4.245,4.622,0.0
2022-03-22,Jacksonville,4.08,4.468,4.825,2.3839397741530766
2022-03-22,Jacksonville,4.08,4.468,4.825,0.0
2022-04-01,Jacksonville,4.168,4.532,4.883,2.1568627450980316
2022-04-01,Jacksonville,4.168,4.532,4.883,0.0
2022-04-14,Jacksonville,3.978,4.379,4.734,-4.558541266794625
2022-04-19,Jacksonville,4.044,4.424,4.782,1.6591251885369473
2022-05-11,Jacksonville,4.299,4.629,4.978,6.305637982195855
2022-05-25,Jacksonville,4.567,4.897,5.253,6.234007908816008
2022-05-29,Jacksonville,4.564,4.911,5.259,-0.06568863586600138
2022-05-31,Jacksonville,4.56,4.903,5.257,-0.08764241893077784
2022-06-06,Jacksonville,4.75,5.079,5.433,4.166666666666674
2022-06-09,Jacksonville,4.747,5.092,5.446,-0.06315789473684275
2022-06-25,Jacksonville,4.687,5.075,5.428,-1.2639561828523216
2022-06-26,Jacksonville,4.678,5.066,5.416,-0.19202048218477374
2022-06-27,Jacksonville,4.678,5.066,5.416,0.0
2022-06-29,Jacksonville,4.634,5.014,5.369,-0.9405728943993052
2022-06-30,Jacksonville,4.625,5.002,5.361,-0.19421665947346733
2022-07-02,Jacksonville,4.578,4.965,5.324,-1.0162162162162147
2022-07-10,Jacksonville,4.395,4.801,5.155,-3.997378768020987
2022-08-01,Jacksonville,3.881,4.28,4.633,-11.695108077360638
2022-09-22,Jacksonville,3.381,3.774,4.128,-12.883277505797475
2022-09-23,Jacksonville,3.359,3.744,4.074,-0.6506950606329442
2022-09-27,Jacksonville,3.353,3.737,4.085,-0.17862459065197678
2022-10-02,Jacksonville,3.207,3.622,3.974,-4.354309573516268
2022-10-03,Jacksonville,3.179,3.593,3.936,-0.8730901153726212
2022-10-04,Jacksonville,3.145,3.571,3.916,-1.0695187165775333
2022-11-05,Jacksonville,3.454,3.814,4.17,9.825119236883939
2022-11-10,Jacksonville,3.575,3.916,4.285,3.5031847133758065
2022-11-21,Jacksonville,3.459,3.83,4.185,-3.2447552447552486
2022-11-26,Jacksonville,3.4,3.775,4.123,-1.7056952876553955
2022-11-28,Jacksonville,3.388,3.761,4.119,-0.3529411764705892
2022-11-30,Jacksonville,3.369,3.754,4.104,-0.5608028335300941
2022-12-01,Jacksonville,3.343,3.741,4.087,-0.7717423567824344
2022-12-05,Jacksonville,3.261,3.637,3.993,-2.4528866287765405
2022-12-07,Jacksonville,3.242,3.623,3.981,-0.5826433609322335
2022-12-08,Jacksonville,3.202,3.592,3.954,-1.2338062924120874
2022-12-10,Jacksonville,3.185,3.567,3.896,-0.5309181761399051
2023-01-19,Jacksonville,3.381,3.727,4.091,6.153846153846154
2023-03-23,Jacksonville,3.389,3.775,4.127,0.236616385684707
2023-03-27,Jacksonville,3.34,3.724,4.088,-1.4458542342874026
2023-03-30,Jacksonville,3.445,3.807,4.171,3.143712574850288
2023-04-02,Jacksonville,3.461,3.83,4.19,0.464441219158207
2023-04-03,Jacksonville,3.457,3.826,4.19,-0.11557353366079548
2023-05-15,Jacksonville,3.406,3.805,4.164,-1.4752675730401954
2023-05-16,Jacksonville,3.398,3.798,4.155,-0.23487962419259656
2023-05-17,Jacksonville,3.385,3.785,4.147,-0.3825779870512136
2023-05-18,Jacksonville,3.371,3.774,4.131,-0.41358936484490183
2023-05-22,Jacksonville,3.334,3.73,4.075,-1.097597152180363
2023-05-24,Jacksonville,3.311,3.711,4.063,-0.68986202759449
2023-05-25,Jacksonville,3.299,3.701,4.053,-0.36242826940501294
2023-05-26,Jacksonville,3.306,3.655,3.995,0.2121855107608317
2023-05-30,Jacksonville,3.376,3.767,4.113,2.117362371445841
2023-05-31,Jacksonville,3.371,3.761,4.114,-0.1481042654028375
2023-06-01,Jacksonville,3.358,3.754,4.109,-0.38564224265795755
2023-06-06,Jacksonville,3.303,3.703,4.053,-1.6378796902918435
2023-06-07,Jacksonville,3.291,3.689,4.05,-0.36330608537693543
2023-06-09,Jacksonville,3.382,3.768,4.121,2.765116985718641
2023-06-10,Jacksonville,3.382,3.768,4.121,0.0
2023-06-13,Jacksonville,3.464,3.852,4.2,2.424600827912471
2023-06-14,Jacksonville,3.45,3.843,4.191,-0.4041570438799047
2023-06-16,Jacksonville,3.418,3.814,4.162,-0.927536231884063
2023-06-23,Jacksonville,3.32,3.727,4.072,-2.867173785839683
2023-07-04,Jacksonville,3.229,3.639,3.99,-2.740963855421674
2023-11-11,Jacksonville,3.199,3.618,3.975,-0.9290802105915263
2023-11-29,Jacksonville,3.135,3.538,3.901,-2.000625195373551
2024-01-18,Jacksonville,3.003,3.421,3.78,-4.210526315789465
2024-02-21,Jacksonville,3.312,3.691,4.05,10.289710289710285
2024-02-26,Jacksonville,3.255,3.656,4.026,-1.7210144927536253
2024-02-27,Jacksonville,3.216,3.628,3.997,-1.1981566820276401
2024-02-28,Jacksonville,3.285,3.659,4.033,2.145522388059695
2024-03-01,Jacksonville,3.343,3.733,4.096,1.7656012176560099
2024-03-02,Jacksonville,3.315,3.716,4.077,-0.8375710439724848
2024-03-04,Jacksonville,3.3,3.703,4.063,-0.4524886877828038
2024-03-05,Jacksonville,3.259,3.667,4.024,-1.2424242424242449
2024-04-11,Jacksonville,3.553,3.933,4.283,9.021172138692846
2024-04-22,Jacksonville,3.53,3.931,4.295,-0.6473402758232494
2024-04-23,Jacksonville,3.53,3.931,4.295,0.0
2024-05-06,Jacksonville,3.569,3.973,4.334,1.104815864022668
2024-05-19,Jacksonville,3.426,3.847,4.202,-4.006724572709441
2024-05-24,Jacksonville,3.515,3.921,4.274,2.5977816695855305
2024-05-31,Jacksonville,3.464,3.874,4.242,-1.4509246088193484
2024-06-03,Jacksonville,3.396,3.798,4.172,-1.9630484988452657
2024-06-12,Jacksonville,3.233,3.65,4.0,-4.7997644287396835
2024-06-16,Jacksonville,3.197,3.62,3.981,-1.1135168574079812
2024-06-20,Jacksonville,3.357,3.743,4.098,5.004691898655
2024-06-21,Jacksonville,3.357,3.743,4.098,0.0
2024-06-23,Jacksonville,3.343,3.749,4.124,-0.417039022937149
2024-06-29,Jacksonville,3.365,3.8,4.16,0.6580915345498095
2024-07-04,Jacksonville,3.531,3.897,4.26,4.933135215453199
2024-07-09,Jacksonville,3.451,3.863,4.23,-2.265647125460213
2024-07-10,Jacksonville,3.451,3.863,4.23,0.0
2024-07-12,Jacksonville,3.536,3.945,4.305,2.4630541871921263
2024-07-18,Jacksonville,3.398,3.828,4.194,-3.902714932126694
2024-07-22,Jacksonville,3.285,3.716,4.077,-3.325485579752796
2024-07-24,Jacksonville,3.449,3.859,4.216,4.9923896499238785
2024-07-25,Jacksonville,3.449,3.859,4.216,0.0
2024-08-01,Jacksonville,3.391,3.806,4.169,-1.6816468541606233
2024-08-11,Jacksonville,3.312,3.74,4.112,-2.329696254792102
2024-08-16,Jacksonville,3.336,3.753,4.119,0.7246376811594235
2024-08-17,Jacksonville,3.336,3.753,4.119,0.0
2024-08-18,Jacksonville,3.285,3.708,4.075,-1.5287769784172567
2024-08-19,Jacksonville,3.268,3.68,4.053,-0.5175038051750458
2024-08-20,Jacksonville,3.268,3.68,4.053,0.0
2024-09-07,Jacksonville,3.166,3.598,3.968,-3.1211750305997543
2024-09-09,Jacksonville,3.105,3.53,3.897,-1.9267214150347378
2024-09-16,Jacksonville,3.066,3.491,3.865,-1.2560386473430052
2024-09-19,Jacksonville,3.148,3.573,3.929,2.6744944553163785
2024-09-21,Jacksonville,3.102,3.536,3.894,-1.4612452350698968
2024-09-23,Jacksonville,3.102,3.536,3.894,0.0
2024-09-24,Jacksonville,3.119,3.528,3.893,0.5480335267569414
2024-09-25,Jacksonville,3.119,3.528,3.893,0.0
2024-09-26,Jacksonville,3.164,3.57,3.93,1.4427701186277675
2024-09-27,Jacksonville,3.166,3.578,3.949,0.06321112515801364
2024-10-01,Jacksonville,3.144,3.568,3.922,-0.6948831332912131
2024-10-02,Jacksonville,3.124,3.549,3.91,-0.6361323155216314
2024-10-04,Jacksonville,3.088,3.52,3.889,-1.1523687580025643
2024-10-06,Jacksonville,3.063,3.488,3.855,-0.809585492227971
2024-10-09,Jacksonville,3.06,3.481,3.86,-0.09794319294809117
2024-10-13,Jacksonville,3.056,3.457,3.815,-0.13071895424836555
2024-10-21,Jacksonville,3.034,3.443,3.799,-0.7198952879581277
2024-11-01,Jacksonville,3.01,3.428,3.8,-0.7910349373764003
2024-11-02,Jacksonville,3.01,3.428,3.8,0.0
2024-11-04,Jacksonville,2.954,3.369,3.737,-1.860465116279053
2024-11-05,Jacksonville,3.068,3.5,3.86,3.859174001354093
2024-11-06,Jacksonville,3.143,3.541,3.901,2.44458930899607
2024-11-07,Jacksonville,3.147,3.563,3.922,0.127266942411719
2024-11-08,Jacksonville,3.135,3.548,3.908,-0.38131553860819567
2024-11-10,Jacksonville,3.092,3.503,3.869,-1.371610845295046
2024-11-11,Jacksonville,3.074,3.488,3.85,-0.5821474773609392
2024-11-12,Jacksonville,3.04,3.461,3.826,-1.1060507482107962
2024-11-13,Jacksonville,3.011,3.429,3.803,-0.9539473684210487
2024-11-14,Jacksonville,2.971,3.403,3.769,-1.3284623048821054
2024-11-15,Jacksonville,3.078,3.481,3.841,3.60148098283406
2024-11-16,Jacksonville,3.142,3.544,3.894,2.079272254710851
2024-11-17,Jacksonville,3.135,3.551,3.893,-0.222788033099941
2024-11-18,Jacksonville,3.12,3.534,3.886,-0.4784688995215225
2024-11-19,Jacksonville,3.085,3.506,3.867,-1.121794871794879
2024-11-20,Jacksonville,3.042,3.475,3.829,-1.3938411669367934
2024-11-21,Jacksonville,3.008,3.436,3.787,-1.1176857330703394
2024-11-22,Jacksonville,2.97,3.398,3.765,-1.2632978723404187
2024-11-24,Jacksonville,3.119,3.54,3.887,5.016835016835008
2024-11-25,Jacksonville,3.135,3.552,3.9,0.5129849310676393
2024-11-26,Jacksonville,3.113,3.528,3.883,-0.7017543859649034
2024-11-27,Jacksonville,3.118,3.544,3.903,0.160616768390609
2024-11-28,Jacksonville,3.141,3.557,3.906,0.737652341244388
2024-12-01,Jacksonville,3.121,3.548,3.89,-0.6367398917542233
2024-12-02,Jacksonville,3.107,3.531,3.877,-0.4485741749439165
2024-12-03,Jacksonville,3.078,3.5,3.854,-0.9333762471837925
2024-12-05,Jacksonville,3.011,3.442,3.82,-2.176738141650414
2024-12-06,Jacksonville,2.98,3.408,3.776,-1.0295582862836272
2024-12-07,Jacksonville,3.064,3.516,3.868,2.8187919463087185
2024-12-08,Jacksonville,3.114,3.547,3.893,1.6318537859007831
2024-12-09,Jacksonville,3.136,3.558,3.898,0.7064868336544627
2024-12-10,Jacksonville,3.124,3.549,3.901,-0.3826530612244916
2024-12-11,Jacksonville,3.091,3.52,3.882,-1.0563380281690127
2024-12-12,Jacksonville,3.051,3.48,3.845,-1.2940795858945364
2024-12-13,Jacksonville,3.013,3.442,3.815,-1.2454932808915187
2024-12-16,Jacksonville,3.137,3.559,3.909,4.115499502157327
2024-12-17,Jacksonville,3.13,3.552,3.907,-0.22314313037934408
2024-12-18,Jacksonville,3.093,3.519,3.878,-1.182108626198075
2024-12-19,Jacksonville,3.053,3.484,3.838,-1.2932428063368917
2024-12-20,Jacksonville,3.02,3.454,3.81,-1.0809040288241034
2024-12-23,Jacksonville,2.98,3.407,3.749,-1.3245033112582738
2024-12-24,Jacksonville,3.067,3.504,3.85,2.9194630872483307
2024-12-27,Jacksonville,3.106,3.523,3.868,1.2716009129442263
2024-12-28,Jacksonville,3.075,3.497,3.849,-0.9980682549903364
2024-12-29,Jacksonville,3.054,3.473,3.819,-0.6829268292683044
2024-12-30,Jacksonville,3.039,3.454,3.793,-0.4911591355599154
2025-01-01,Jacksonville,3.097,3.532,3.877,1.9085225403093098
2025-01-02,Jacksonville,3.128,3.558,3.896,1.0009686793671424
2025-01-03,Jacksonville,3.144,3.564,3.918,0.5115089514066584
2025-01-05,Jacksonville,3.114,3.545,3.889,-0.9541984732824527
2025-01-06,Jacksonville,3.101,3.529,3.865,-0.4174694926139977
2025-01-07,Jacksonville,3.067,3.493,3.842,-1.096420509513052
2025-01-08,Jacksonville,3.037,3.462,3.811,-0.9781545484186527
2025-01-09,Jacksonville,3.109,3.548,3.887,2.370760619031942
2025-01-11,Jacksonville,3.131,3.556,3.899,0.7076230299131403
2025-01-13,Jacksonville,3.098,3.509,3.854,-1.0539763653784728
2025-01-14,Jacksonville,3.174,3.613,3.96,2.453195610071024
2025-01-15,Jacksonville,3.234,3.651,3.999,1.8903591682419618
2025-01-16,Jacksonville,3.243,3.67,4.005,0.2782931354359919
2025-01-17,Jacksonville,3.229,3.653,4.001,-0.4316990440949686
2025-01-18,Jacksonville,3.207,3.63,3.982,-0.6813254877671149
2025-01-19,Jacksonville,3.195,3.618,3.964,-0.374181478016844
2025-01-20,Jacksonville,3.186,3.603,3.937,-0.28169014084507005
2025-01-21,Jacksonville,3.157,3.579,3.936,-0.910232266164468
2025-01-23,Jacksonville,3.102,3.523,3.878,-1.7421602787456525
2025-01-24,Jacksonville,3.174,3.614,3.981,2.3210831721470093
2025-01-26,Jacksonville,3.227,3.648,3.991,1.6698172652803933
2025-01-27,Jacksonville,3.215,3.632,3.972,-0.3718624109079638
2025-01-28,Jacksonville,3.183,3.6,3.948,-0.9953343701399664
2025-01-30,Jacksonville,3.101,3.533,3.898,-2.5761859880615745
2025-02-01,Jacksonville,3.028,3.462,3.813,-2.354079329248626
2025-02-02,Jacksonville,3.007,3.441,3.795,-0.6935270805812355
2025-02-03,Jacksonville,2.996,3.421,3.769,-0.36581310276022627
2025-02-04,Jacksonville,3.125,3.583,3.932,4.305740987983975
2025-02-06,Jacksonville,3.233,3.649,3.992,3.4559999999999924
2025-02-07,Jacksonville,3.233,3.649,3.992,0.0
2025-02-09,Jacksonville,3.156,3.587,3.939,-2.381688833900397
2025-02-10,Jacksonville,3.144,3.559,3.913,-0.38022813688213253
2025-02-11,Jacksonville,3.097,3.521,3.871,-1.4949109414758355
2025-02-12,Jacksonville,3.06,3.491,3.849,-1.1947045527930245
2025-02-13,Jacksonville,3.03,3.458,3.821,-0.9803921568627527
2025-02-15,Jacksonville,2.971,3.403,3.767,-1.9471947194719341
2025-02-16,Jacksonville,2.957,3.378,3.74,-0.4712218108381072
2025-02-17,Jacksonville,2.949,3.369,3.725,-0.2705444707473803
2025-02-18,Jacksonville,3.078,3.527,3.875,4.374364191251279
2025-02-19,Jacksonville,3.146,3.574,3.927,2.2092267706302904
2025-02-20,Jacksonville,3.138,3.56,3.918,-0.2542911633820699
2025-02-21,Jacksonville,3.121,3.547,3.905,-0.5417463352453744
2025-02-22,Jacksonville,3.087,3.519,3.869,-1.089394424863821
2025-02-23,Jacksonville,3.065,3.496,3.832,-0.712666018788477
2025-02-25,Jacksonville,3.104,3.548,3.889,1.272430668841773
2025-02-26,Jacksonville,3.155,3.581,3.925,1.6430412371133851
2025-02-27,Jacksonville,3.136,3.564,3.911,-0.6022187004754209
2025-02-28,Jacksonville,3.099,3.53,3.884,-1.1798469387755084
2025-03-01,Jacksonville,3.057,3.497,3.858,-1.3552758954501587
2025-03-02,Jacksonville,3.033,3.474,3.827,-0.7850834151128527
2025-03-03,Jacksonville,3.016,3.45,3.799,-0.5605011539729587
2025-03-04,Jacksonville,2.978,3.409,3.77,-1.2599469496021198
2025-03-06,Jacksonville,3.136,3.561,3.912,5.305574210879782
2025-03-07,Jacksonville,3.138,3.574,3.917,0.06377551020406713
2025-03-08,Jacksonville,3.106,3.546,3.891,-1.0197578075207159
2025-03-09,Jacksonville,3.082,3.522,3.873,-0.7726980038634923
2025-03-10,Jacksonville,3.065,3.499,3.846,-0.55158987670344
2025-03-11,Jacksonville,3.024,3.466,3.826,-1.337683523654154
2025-03-12,Jacksonville,2.986,3.429,3.789,-1.2566137566137559
2025-03-13,Jacksonville,2.95,3.384,3.744,-1.2056262558606812
2025-03-14,Jacksonville,3.058,3.514,3.874,3.661016949152529
2025-03-15,Jacksonville,3.115,3.54,3.889,1.8639633747547624
2025-03-16,Jacksonville,3.11,3.537,3.884,-0.16051364365972098
2025-03-17,Jacksonville,3.098,3.527,3.875,-0.38585209003215715
2025-03-18,Jacksonville,3.054,3.489,3.847,-1.420271142672691
2025-03-19,Jacksonville,3.01,3.451,3.802,-1.4407334643091074
2025-03-20,Jacksonville,2.967,3.411,3.767,-1.4285714285714235
2025-03-21,Jacksonville,2.935,3.38,3.747,-1.0785305021907665
2025-03-22,Jacksonville,2.916,3.359,3.725,-0.6473594548552009
2025-03-24,Jacksonville,2.904,3.331,3.677,-0.4115226337448541
2025-03-25,Jacksonville,3.052,3.508,3.861,5.096418732782371
2025-03-26,Jacksonville,3.13,3.534,3.889,2.5557011795543927
2025-03-27,Jacksonville,3.15,3.562,3.918,0.6389776357827559
2025-03-28,Jacksonville,3.13,3.555,3.905,-0.6349206349206327
2025-03-29,Jacksonville,3.092,3.522,3.881,-1.2140575079872096
2025-03-30,Jacksonville,3.072,3.498,3.855,-0.6468305304010324
2025-03-31,Jacksonville,3.058,3.478,3.834,-0.45572916666667407
2025-04-02,Jacksonville,3.163,3.601,3.951,3.43361674296927
2025-04-03,Jacksonville,3.243,3.655,3.992,2.529244388239027
2025-04-04,Jacksonville,3.239,3.663,4.016,-0.12334258402713072
2025-04-05,Jacksonville,3.216,3.646,4.002,-0.7100957085520165
2025-04-06,Jacksonville,3.199,3.629,3.981,-0.5286069651741387
2025-04-07,Jacksonville,3.187,3.614,3.951,-0.37511722413253734
2025-04-08,Jacksonville,3.198,3.635,3.982,0.3451521807342317
2025-04-09,Jacksonville,3.207,3.635,3.988,0.2814258911819856
2025-04-10,Jacksonville,3.185,3.619,3.965,-0.6859993763641992
2025-04-11,Jacksonville,3.159,3.601,3.946,-0.8163265306122547
2025-04-12,Jacksonville,3.126,3.563,3.919,-1.0446343779677125
2025-04-13,Jacksonville,3.105,3.535,3.892,-0.6717850287907834
2025-04-14,Jacksonville,3.09,3.524,3.861,-0.48309178743961567
2025-04-15,Jacksonville,3.049,3.481,3.835,-1.3268608414239491
2025-04-16,Jacksonville,3.017,3.456,3.807,-1.049524434240734
2025-04-17,Jacksonville,2.997,3.439,3.791,-0.6629101756711941
2025-04-18,Jacksonville,3.01,3.451,3.809,0.4337671004337684
2025-04-19,Jacksonville,3.003,3.441,3.798,-0.23255813953487747
2025-04-20,Jacksonville,2.986,3.416,3.769,-0.566100566100558
2025-04-21,Jacksonville,2.973,3.393,3.748,-0.4353650368385864
2025-04-22,Jacksonville,3.069,3.519,3.874,3.229061553985879
2025-04-23,Jacksonville,3.132,3.557,3.907,2.052785923753664
2025-04-24,Jacksonville,3.122,3.553,3.91,-0.31928480204342913
2025-04-25,Jacksonville,3.094,3.521,3.894,-0.8968609865470878
2025-04-26,Jacksonville,3.048,3.478,3.844,-1.4867485455720697
2025-04-27,Jacksonville,3.024,3.453,3.815,-0.7874015748031482
2025-04-28,Jacksonville,3.007,3.43,3.791,-0.5621693121693139
2025-04-29,Jacksonville,2.998,3.44,3.798,-0.2993016295310902
2025-04-30,Jacksonville,3.159,3.597,3.947,5.370246831220804
2025-05-01,Jacksonville,3.191,3.617,3.96,1.012978790756569
2025-05-02,Jacksonville,3.17,3.602,3.956,-0.6581009088060141
2025-05-03,Jacksonville,3.126,3.564,3.915,-1.3880126182965302
2025-05-04,Jacksonville,3.096,3.527,3.892,-0.9596928982725461
2025-05-05,Jacksonville,3.075,3.499,3.871,-0.6782945736434121
2025-05-06,Jacksonville,3.035,3.477,3.839,-1.3008130081300862
2025-05-07,Jacksonville,2.994,3.442,3.808,-1.350906095551896
2025-05-08,Jacksonville,2.956,3.4,3.765,-1.2692050768203123
2025-05-09,Jacksonville,2.92,3.358,3.732,-1.2178619756427644
2025-05-10,Jacksonville,2.884,3.334,3.701,-1.2328767123287676
2025-05-11,Jacksonville,2.868,3.313,3.678,-0.554785020804438
2025-05-12,Jacksonville,2.863,3.284,3.657,-0.17433751743374248
2025-05-13,Jacksonville,3.032,3.491,3.849,5.902899056933286
2025-05-14,Jacksonville,3.115,3.529,3.882,2.7374670184696637
2025-05-15,Jacksonville,3.119,3.548,3.897,0.1284109149277679
2025-05-16,Jacksonville,3.096,3.537,3.878,-0.7374158384097496
2025-05-17,Jacksonville,3.057,3.492,3.84,-1.2596899224806224
2025-05-18,Jacksonville,3.031,3.463,3.816,-0.8505070330389164
2025-05-19,Jacksonville,3.01,3.435,3.789,-0.6928406466512826
2025-05-20,Jacksonville,2.976,3.408,3.772,-1.1295681063122842
2025-05-21,Jacksonville,3.083,3.523,3.895,3.595430107526898
2025-05-22,Jacksonville,3.139,3.565,3.917,1.8164125851443336
2025-05-23,Jacksonville,3.126,3.558,3.918,-0.4141446320484188
2025-05-24,Jacksonville,3.082,3.505,3.874,-1.4075495841330832
2025-05-25,Jacksonville,3.053,3.48,3.842,-0.9409474367293891
2025-05-26,Jacksonville,3.035,3.451,3.809,-0.5895840157222332
2025-05-27,Jacksonville,3.007,3.421,3.782,-0.9225700164744666
2025-05-28,Jacksonville,2.963,3.382,3.751,-1.463252411040905
2025-05-29,Jacksonville,3.075,3.507,3.874,3.7799527505906205
2025-05-30,Jacksonville,3.131,3.549,3.905,1.8211382113821006
2025-05-31,Jacksonville,3.111,3.544,3.888,-0.6387735547748186
2025-06-01,Jacksonville,3.088,3.53,3.876,-0.7393121182899476
2025-06-02,Jacksonville,3.072,3.503,3.853,-0.5181347150259086
2025-06-03,Jacksonville,3.027,3.457,3.821,-1.46484375
2025-06-04,Jacksonville,2.99,3.432,3.783,-1.2223323422530519
2025-06-05,Jacksonville,3.072,3.534,3.883,2.742474916387949
2025-06-07,Jacksonville,3.116,3.542,3.89,1.432291666666674
2025-06-08,Jacksonville,3.09,3.52,3.869,-0.8344030808729253
2025-06-09,Jacksonville,3.07,3.497,3.843,-0.6472491909385147
2025-06-10,Jacksonville,3.024,3.464,3.811,-1.4983713355048778
2025-06-11,Jacksonville,2.977,3.426,3.779,-1.5542328042328135
2025-06-13,Jacksonville,2.91,3.343,3.716,-2.2505878401074764
2025-06-14,Jacksonville,2.897,3.332,3.696,-0.44673539518901295
2025-06-15,Jacksonville,2.89,3.316,3.679,-0.24162927166032633
2025-06-16,Jacksonville,2.886,3.304,3.667,-0.13840830449827202
2025-06-17,Jacksonville,3.075,3.491,3.858,6.548856548856552
2025-06-18,Jacksonville,3.142,3.552,3.901,2.1788617886178807
2025-06-19,Jacksonville,3.151,3.566,3.923,0.2864417568427813
2025-06-20,Jacksonville,3.125,3.552,3.911,-0.8251348778165579
2025-06-21,Jacksonville,3.094,3.526,3.879,-0.992000000000004
2025-06-22,Jacksonville,3.079,3.506,3.87,-0.4848093083387073
2025-06-23,Jacksonville,3.064,3.479,3.851,-0.4871711594673589
2025-06-24,Jacksonville,3.04,3.465,3.819,-0.7832898172323799
2025-06-25,Jacksonville,3.009,3.44,3.795,-1.0197368421052677
2025-06-26,Jacksonville,2.968,3.404,3.76,-1.362578929877034
2025-06-27,Jacksonville,2.932,3.361,3.736,-1.21293800539084
2025-06-28,Jacksonville,2.899,3.334,3.72,-1.1255115961800843
2025-06-29,Jacksonville,2.886,3.315,3.689,-0.4484304932735439
2025-06-30,Jacksonville,2.874,3.306,3.668,-0.4158004158004158
2025-07-01,Jacksonville,3.049,3.498,3.866,6.089074460681965
2025-07-02,Jacksonville,3.122,3.556,3.898,2.394227615611677
2025-07-03,Jacksonville,3.132,3.565,3.907,0.32030749519540436
2025-07-04,Jacksonville,3.101,3.54,3.88,-0.9897828863346114
2025-07-05,Jacksonville,3.082,3.514,3.871,-0.6127055788455404
2025-07-06,Jacksonville,3.068,3.495,3.846,-0.4542504866969388
2025-07-07,Jacksonville,3.056,3.479,3.832,-0.39113428943937656
2025-07-08,Jacksonville,3.021,3.45,3.806,-1.1452879581151931
2025-07-09,Jacksonville,2.993,3.422,3.787,-0.9268454154253591
2025-07-10,Jacksonville,2.961,3.392,3.753,-1.069161376545269
2025-07-11,Jacksonville,2.932,3.371,3.716,-0.9793988517392771
2025-07-12,Jacksonville,2.907,3.339,3.705,-0.8526603001364208
2025-07-13,Jacksonville,2.89,3.311,3.675,-0.5847953216374213
2025-07-14,Jacksonville,2.88,3.295,3.648,-0.34602076124568004
2025-07-15,Jacksonville,2.926,3.371,3.753,1.5972222222222276
2025-07-16,Jacksonville,3.066,3.495,3.889,4.784688995215292
2025-07-17,Jacksonville,3.137,3.555,3.917,2.315720808871502
2025-07-18,Jacksonville,3.138,3.571,3.921,0.03187759005418567
2025-07-19,Jacksonville,3.11,3.54,3.901,-0.8922880815806278
2025-07-20,Jacksonville,3.086,3.52,3.871,-0.7717041800643143
2025-07-21,Jacksonville,3.07,3.505,3.851,-0.5184705119896327
2025-07-22,Jacksonville,3.022,3.457,3.812,-1.5635179153094425
2025-07-23,Jacksonville,2.985,3.424,3.78,-1.2243547319655823
2025-07-24,Jacksonville,3.091,3.54,3.894,3.5510887772194355
2025-07-25,Jacksonville,3.142,3.582,3.927,1.6499514720155206
2025-07-26,Jacksonville,3.13,3.569,3.924,-0.3819223424570306
2025-07-27,Jacksonville,3.106,3.546,3.896,-0.7667731629392938
2025-07-28,Jacksonville,3.085,3.512,3.863,-0.6761107533805544
2025-07-29,Jacksonville,3.038,3.48,3.838,-1.5235008103727798
2025-07-30,Jacksonville,3.006,3.448,3.808,-1.0533245556287096
2025-07-31,Jacksonville,2.972,3.41,3.766,-1.131071190951427
2025-08-01,Jacksonville,2.944,3.382,3.745,-0.9421265141319024
2025-08-02,Jacksonville,2.921,3.356,3.727,-0.78125
2025-08-03,Jacksonville,2.905,3.335,3.702,-0.547757617254363
2025-08-04,Jacksonville,2.888,3.309,3.67,-0.5851979345955272
2025-08-05,Jacksonville,3.082,3.512,3.867,6.717451523545703
2025-08-06,Jacksonville,3.129,3.552,3.901,1.5249837767683294
2025-08-07,Jacksonville,3.137,3.572,3.92,0.25567273889421926
2025-08-08,Jacksonville,3.108,3.546,3.9,-0.924450111571562
2025-08-09,Jacksonville,3.069,3.501,3.867,-1.2548262548262579
2025-08-10,Jacksonville,3.044,3.47,3.827,-0.8145975887911328
2025-08-11,Jacksonville,3.024,3.446,3.793,-0.6570302233902758
2025-08-12,Jacksonville,2.993,3.43,3.778,-1.025132275132279
2025-08-13,Jacksonville,3.102,3.537,3.891,3.6418309388573267
2025-08-14,Jacksonville,3.152,3.582,3.927,1.611863313990991
2025-08-15,Jacksonville,3.137,3.58,3.94,-0.4758883248730972
2025-08-16,Jacksonville,3.103,3.54,3.904,-1.0838380618425236
2025-08-17,Jacksonville,3.082,3.513,3.872,-0.6767644215275648
2025-08-18,Jacksonville,3.07,3.502,3.856,-0.3893575600259602
2025-08-19,Jacksonville,3.034,3.468,3.825,-1.1726384364820874
2025-08-20,Jacksonville,3.001,3.435,3.794,-1.0876730388925449
2025-08-21,Jacksonville,2.966,3.39,3.758,-1.1662779073641993
2025-08-22,Jacksonville,2.939,3.363,3.722,-0.9103169251517218
2025-08-23,Jacksonville,2.919,3.348,3.712,-0.6805035726437536
2025-08-24,Jacksonville,2.908,3.331,3.693,-0.37684138403563106
2025-08-25,Jacksonville,2.895,3.319,3.68,-0.4470426409903694
2025-08-26,Jacksonville,3.069,3.501,3.871,6.010362694300508
2025-08-27,Jacksonville,3.147,3.551,3.918,2.5415444770283457
2025-08-28,Jacksonville,3.148,3.565,3.919,0.03177629488402278
2025-08-29,Jacksonville,3.125,3.553,3.9,-0.7306226175349484
2025-08-30,Jacksonville,3.094,3.524,3.868,-0.992000000000004
2025-08-31,Jacksonville,3.075,3.501,3.843,-0.6140917905623655
2025-09-01,Jacksonville,3.06,3.479,3.827,-0.4878048780487809
2025-09-02,Jacksonville,3.042,3.463,3.821,-0.5882352941176561
2025-09-03,Jacksonville,3.121,3.547,3.902,2.5969756738987604
2025-09-04,Jacksonville,3.156,3.571,3.925,1.12143543735983
2025-09-05,Jacksonville,3.149,3.579,3.923,-0.22179974651458378
2025-09-06,Jacksonville,3.126,3.556,3.902,-0.7303906001905447
2025-09-07,Jacksonville,3.109,3.535,3.882,-0.5438259756877728
2025-09-08,Jacksonville,3.095,3.516,3.865,-0.4503055644901832
2025-09-09,Jacksonville,3.069,3.5,3.845,-0.8400646203554185
2025-09-10,Jacksonville,3.043,3.48,3.829,-0.8471814923427745
2025-09-11,Jacksonville,3.013,3.445,3.804,-0.9858692080184084
2025-09-12,Jacksonville,2.987,3.418,3.767,-0.8629273149684646
2025-09-13,Jacksonville,2.96,3.391,3.745,-0.9039169735520658
2025-09-14,Jacksonville,2.943,3.371,3.722,-0.5743243243243157
2025-09-15,Jacksonville,2.953,3.383,3.73,0.3397893306150035
2025-09-16,Jacksonville,3.159,3.584,3.943,6.975956654249904
2025-09-17,Jacksonville,3.228,3.638,3.987,2.1842355175688555
2025-09-18,Jacksonville,3.224,3.652,3.993,-0.12391573729864103
2025-09-19,Jacksonville,3.203,3.64,3.981,-0.6513647642680032
2025-09-20,Jacksonville,3.164,3.6,3.941,-1.217608492038702
2025-09-21,Jacksonville,3.137,3.563,3.909,-0.8533501896333839
2025-09-22,Jacksonville,3.118,3.54,3.883,-0.6056742110296498
2025-09-23,Jacksonville,3.078,3.508,3.854,-1.2828736369467575
2025-09-24,Jacksonville,3.04,3.475,3.826,-1.2345679012345623
2025-09-25,Jacksonville,3.004,3.423,3.786,-1.1842105263157876
2025-09-26,Jacksonville,2.972,3.394,3.757,-1.0652463382157085
2025-09-27,Jacksonville,2.942,3.368,3.728,-1.0094212651413081
2025-09-28,Jacksonville,2.93,3.351,3.71,-0.40788579197824637
2025-09-29,Jacksonville,2.943,3.379,3.732,0.4436860068259385
2025-09-30,Jacksonville,3.094,3.524,3.876,5.13081889228677
2025-10-01,Jacksonville,3.127,3.537,3.883,1.0665804783451804
2025-10-02,Jacksonville,3.116,3.542,3.893,-0.35177486408697334
2025-10-03,Jacksonville,3.082,3.515,3.87,-1.0911424903722766
2025-10-04,Jacksonville,3.048,3.484,3.831,-1.1031797534068688
2025-10-05,Jacksonville,3.034,3.467,3.809,-0.45931758530184386
2025-10-06,Jacksonville,3.02,3.443,3.787,-0.46143704680289277
2025-10-07,Jacksonville,2.991,3.425,3.777,-0.9602649006622443
2025-10-08,Jacksonville,2.965,3.401,3.759,-0.8692744901370841
2025-10-09,Jacksonville,2.988,3.441,3.793,0.7757166947723437
2025-10-10,Jacksonville,2.955,3.385,3.744,-1.1044176706827336
2025-10-11,Jacksonville,2.93,3.379,3.725,-0.8460236886632777
2025-10-12,Jacksonville,2.917,3.357,3.702,-0.4436860068259496
2025-10-13,Jacksonville,2.909,3.33,3.686,-0.27425437092903904
2025-10-14,Jacksonville,2.956,3.398,3.748,1.6156754898590586
2025-10-15,Jacksonville,2.974,3.404,3.763,0.6089309878213989
2025-10-16,Jacksonville,2.966,3.404,3.759,-0.26899798251512896
2025-10-17,Jacksonville,2.944,3.382,3.737,-0.7417397167903017
2025-10-18,Jacksonville,2.919,3.358,3.714,-0.8491847826086918
2025-10-19,Jacksonville,2.903,3.342,3.7,-0.5481329222336462
2025-10-20,Jacksonville,2.892,3.316,3.681,-0.3789183603169155
2025-10-21,Jacksonville,2.87,3.299,3.681,-0.7607192254495132
2025-10-22,Jacksonville,2.94,3.378,3.752,2.4390243902439046
2025-10-23,Jacksonville,2.966,3.402,3.77,0.8843537414966018
2025-10-24,Jacksonville,2.962,3.395,3.755,-0.13486176668914274
2025-10-25,Jacksonville,2.952,3.388,3.748,-0.33760972316003723
2025-10-26,Jacksonville,2.943,3.384,3.736,-0.3048780487804881
2025-10-27,Jacksonville,2.937,3.372,3.716,-0.20387359836901986
2025-10-28,Jacksonville,2.916,3.352,3.702,-0.7150153217568955
2025-11-01,Jacksonville,2.994,3.429,3.772,2.6748971193415683
2025-11-03,Jacksonville,2.971,3.404,3.754,-0.7682030728122902
2025-11-07,Jacksonville,2.864,3.301,3.652,-3.601480982834071
2025-11-08,Jacksonville,2.841,3.28,3.637,-0.803072625698309
2025-11-09,Jacksonville,2.827,3.261,3.619,-0.4927842309046193
2025-11-11,Jacksonville,2.911,3.362,3.718,2.97134771842944
2025-11-14,Jacksonville,2.939,3.386,3.739,0.9618687736173248
2025-11-15,Jacksonville,2.921,3.366,3.726,-0.6124532153793938
2025-11-16,Jacksonville,2.913,3.357,3.708,-0.2738788086271815
2025-11-17,Jacksonville,2.904,3.34,3.692,-0.3089598352214229
2025-11-21,Jacksonville,3.141,3.578,3.927,8.161157024793386
2025-11-24,Jacksonville,3.116,3.558,3.899,-0.7959248646927652
2025-12-02,Jacksonville,3.024,3.473,3.829,-2.9525032092426184
2025-12-04,Jacksonville,3.018,3.473,3.836,-0.1984126984127088
2025-12-11,Jacksonville,2.852,3.303,3.664,-5.500331345261755
2025-12-17,Jacksonville,2.888,3.358,3.714,1.2622720897615736
2025-12-22,Jacksonville,2.874,3.319,3.659,-0.4847645429362779
2025-12-23,Jacksonville,2.847,3.299,3.638,-0.9394572025052228
2025-12-26,Jacksonville,2.799,3.252,3.606,-1.6859852476290849
2025-12-27,Jacksonville,2.774,3.216,3.579,-0.8931761343336841
2025-12-29,Jacksonville,2.748,3.2,3.558,-0.9372746935832676
2025-12-30,Jacksonville,2.818,3.28,3.642,2.547307132459964
2022-01-28,Lakeland-Winter Haven,3.352,3.708,3.997,
2022-01-28,Lakeland-Winter Haven,3.352,3.708,3.997,0.0
2022-03-07,Lakeland-Winter Haven,3.971,4.287,4.61,18.46658711217184
2022-03-07,Lakeland-Winter Haven,3.971,4.287,4.61,0.0
2022-03-08,Lakeland-Winter Haven,3.971,4.287,4.61,0.0
2022-03-08,Lakeland-Winter Haven,3.971,4.287,4.61,0.0
2022-03-22,Lakeland-Winter Haven,4.135,4.517,4.832,4.129942080080573
2022-03-22,Lakeland-Winter Haven,4.135,4.517,4.832,0.0
2022-04-01,Lakeland-Winter Haven,4.188,4.565,4.839,1.2817412333736344
2022-04-01,Lakeland-Winter Haven,4.188,4.565,4.839,0.0
2022-04-14,Lakeland-Winter Haven,3.997,4.364,4.686,-4.560649474689582
2022-04-19,Lakeland-Winter Haven,4.048,4.449,4.772,1.2759569677257998
2022-05-11,Lakeland-Winter Haven,4.31,4.651,4.96,6.472332015810256
2022-05-25,Lakeland-Winter Haven,4.574,4.911,5.22,6.125290023201857
2022-05-29,Lakeland-Winter Haven,4.588,4.93,5.248,0.3060778312199419
2022-05-31,Lakeland-Winter Haven,4.583,4.917,5.233,-0.10897994768962471
2022-06-06,Lakeland-Winter Haven,4.753,5.101,5.412,3.7093606807767854
2022-06-09,Lakeland-Winter Haven,4.758,5.103,5.416,0.10519671786239915
2022-06-25,Lakeland-Winter Haven,4.69,5.069,5.373,-1.4291719209751919
2022-06-26,Lakeland-Winter Haven,4.676,5.045,5.354,-0.29850746268657025
2022-06-27,Lakeland-Winter Haven,4.676,5.045,5.354,0.0
2022-06-29,Lakeland-Winter Haven,4.619,5.004,5.3,-1.2189905902480813
2022-06-30,Lakeland-Winter Haven,4.6,4.985,5.294,-0.4113444468499705
2022-07-02,Lakeland-Winter Haven,4.554,4.932,5.242,-0.9999999999999898
2022-07-10,Lakeland-Winter Haven,4.374,4.764,5.082,-3.952569169960485
2022-08-01,Lakeland-Winter Haven,3.854,4.219,4.549,-11.88843164151805
2022-09-22,Lakeland-Winter Haven,3.379,3.754,4.053,-12.3248572911261
2022-09-23,Lakeland-Winter Haven,3.355,3.743,4.011,-0.710269310446876
2022-09-27,Lakeland-Winter Haven,3.354,3.744,4.065,-0.029806259314457684
2022-10-02,Lakeland-Winter Haven,3.252,3.576,3.912,-3.0411449016100267
2022-10-03,Lakeland-Winter Haven,3.22,3.565,3.894,-0.9840098400983877
2022-10-04,Lakeland-Winter Haven,3.188,3.537,3.856,-0.9937888198757738
2022-11-05,Lakeland-Winter Haven,3.474,3.851,4.188,8.971141781681302
2022-11-10,Lakeland-Winter Haven,3.597,3.969,4.314,3.540587219343694
2022-11-21,Lakeland-Winter Haven,3.48,3.838,4.156,-3.252710592160135
2022-11-26,Lakeland-Winter Haven,3.418,3.794,4.097,-1.7816091954022895
2022-11-28,Lakeland-Winter Haven,3.417,3.788,4.103,-0.029256875365724078
2022-11-30,Lakeland-Winter Haven,3.402,3.771,4.087,-0.4389815627743543
2022-12-01,Lakeland-Winter Haven,3.389,3.771,4.071,-0.38212815990594784
2022-12-05,Lakeland-Winter Haven,3.322,3.687,4.007,-1.9769843611684768
2022-12-07,Lakeland-Winter Haven,3.311,3.667,3.984,-0.3311258278145712
2022-12-08,Lakeland-Winter Haven,3.271,3.652,3.997,-1.2080942313500431
2022-12-10,Lakeland-Winter Haven,3.259,3.631,3.946,-0.36686028737389353
2023-01-19,Lakeland-Winter Haven,3.407,3.768,4.101,4.541270328321567
2023-03-23,Lakeland-Winter Haven,3.393,3.755,4.076,-0.4109186968007106
2023-03-27,Lakeland-Winter Haven,3.336,3.695,4.011,-1.6799292661361598
2023-03-30,Lakeland-Winter Haven,3.453,3.851,4.17,3.507194244604306
2023-04-02,Lakeland-Winter Haven,3.478,3.853,4.189,0.724008108890839
2023-04-03,Lakeland-Winter Haven,3.471,3.841,4.174,-0.2012650948821193
2023-05-15,Lakeland-Winter Haven,3.522,3.878,4.215,1.469317199654263
2023-05-16,Lakeland-Winter Haven,3.519,3.904,4.216,-0.08517887563883608
2023-05-17,Lakeland-Winter Haven,3.512,3.89,4.203,-0.19892014776925482
2023-05-18,Lakeland-Winter Haven,3.495,3.87,4.194,-0.48405466970387057
2023-05-22,Lakeland-Winter Haven,3.434,3.817,4.139,-1.7453505007153036
2023-05-24,Lakeland-Winter Haven,3.406,3.793,4.115,-0.8153756552125802
2023-05-25,Lakeland-Winter Haven,3.385,3.774,4.114,-0.616559013505591
2023-05-26,Lakeland-Winter Haven,3.38,3.731,4.058,-0.1477104874446078
2023-05-30,Lakeland-Winter Haven,3.406,3.783,4.087,0.7692307692307665
2023-05-31,Lakeland-Winter Haven,3.39,3.78,4.099,-0.4697592483852042
2023-06-01,Lakeland-Winter Haven,3.379,3.762,4.089,-0.3244837758112129
2023-06-06,Lakeland-Winter Haven,3.294,3.682,3.988,-2.5155371411660243
2023-06-07,Lakeland-Winter Haven,3.283,3.67,3.981,-0.3339404978749294
2023-06-09,Lakeland-Winter Haven,3.354,3.745,4.065,2.1626561072190187
2023-06-10,Lakeland-Winter Haven,3.354,3.745,4.065,0.0
2023-06-13,Lakeland-Winter Haven,3.487,3.883,4.22,3.9654144305307115
2023-06-14,Lakeland-Winter Haven,3.472,3.869,4.195,-0.43016919988528857
2023-06-16,Lakeland-Winter Haven,3.446,3.834,4.143,-0.7488479262672709
2023-06-23,Lakeland-Winter Haven,3.349,3.753,4.044,-2.81485780615206
2023-07-04,Lakeland-Winter Haven,3.25,3.651,3.966,-2.956106300388184
2023-11-11,Lakeland-Winter Haven,3.236,3.663,3.987,-0.43076923076922347
2023-11-29,Lakeland-Winter Haven,3.174,3.576,3.903,-1.9159456118665097
2024-01-18,Lakeland-Winter Haven,3.005,3.407,3.744,-5.32451165721487
2024-02-21,Lakeland-Winter Haven,3.348,3.725,4.046,11.41430948419302
2024-02-26,Lakeland-Winter Haven,3.299,3.675,3.999,-1.463560334528069
2024-02-27,Lakeland-Winter Haven,3.276,3.654,3.98,-0.6971809639284676
2024-02-28,Lakeland-Winter Haven,3.338,3.722,4.048,1.892551892551908
2024-03-01,Lakeland-Winter Haven,3.369,3.77,4.111,0.928699820251655
2024-03-02,Lakeland-Winter Haven,3.355,3.755,4.101,-0.41555357672901083
2024-03-04,Lakeland-Winter Haven,3.341,3.737,4.078,-0.41728763040237427
2024-03-05,Lakeland-Winter Haven,3.319,3.695,4.029,-0.6584854833882159
2024-04-11,Lakeland-Winter Haven,3.575,3.979,4.309,7.7131666164507395
2024-04-22,Lakeland-Winter Haven,3.56,3.94,4.261,-0.41958041958042314
2024-04-23,Lakeland-Winter Haven,3.56,3.94,4.261,0.0
2024-05-06,Lakeland-Winter Haven,3.613,4.007,4.341,1.4887640449438244
2024-05-19,Lakeland-Winter Haven,3.464,3.861,4.196,-4.123996678660391
2024-05-24,Lakeland-Winter Haven,3.572,3.987,4.311,3.117782909930722
2024-05-31,Lakeland-Winter Haven,3.497,3.912,4.245,-2.0996640537514044
2024-06-03,Lakeland-Winter Haven,3.44,3.849,4.158,-1.6299685444666867
2024-06-12,Lakeland-Winter Haven,3.244,3.646,3.983,-5.697674418604648
2024-06-16,Lakeland-Winter Haven,3.224,3.642,3.964,-0.6165228113440224
2024-06-20,Lakeland-Winter Haven,3.373,3.776,4.088,4.62158808933002
2024-06-21,Lakeland-Winter Haven,3.373,3.776,4.088,0.0
2024-06-23,Lakeland-Winter Haven,3.369,3.782,4.117,-0.11858879335903127
2024-06-29,Lakeland-Winter Haven,3.416,3.825,4.145,1.3950727218759118
2024-07-04,Lakeland-Winter Haven,3.542,3.956,4.274,3.688524590163933
2024-07-09,Lakeland-Winter Haven,3.486,3.883,4.209,-1.5810276679841806
2024-07-10,Lakeland-Winter Haven,3.486,3.883,4.209,0.0
2024-07-12,Lakeland-Winter Haven,3.567,3.975,4.309,2.3235800344234114
2024-07-18,Lakeland-Winter Haven,3.47,3.859,4.204,-2.719372021306421
2024-07-22,Lakeland-Winter Haven,3.324,3.692,4.003,-4.207492795389056
2024-07-24,Lakeland-Winter Haven,3.471,3.862,4.201,4.422382671480163
2024-07-25,Lakeland-Winter Haven,3.471,3.862,4.201,0.0
2024-08-01,Lakeland-Winter Haven,3.411,3.822,4.155,-1.728608470181503
2024-08-11,Lakeland-Winter Haven,3.326,3.741,4.042,-2.4919378481383703
2024-08-16,Lakeland-Winter Haven,3.359,3.763,4.093,0.9921828021647539
2024-08-17,Lakeland-Winter Haven,3.359,3.763,4.093,0.0
2024-08-18,Lakeland-Winter Haven,3.313,3.717,4.023,-1.3694551949985034
2024-08-19,Lakeland-Winter Haven,3.297,3.695,4.006,-0.4829459704195571
2024-08-20,Lakeland-Winter Haven,3.297,3.695,4.006,0.0
2024-09-07,Lakeland-Winter Haven,3.201,3.626,3.957,-2.91173794358508
2024-09-09,Lakeland-Winter Haven,3.117,3.523,3.849,-2.6241799437675795
2024-09-16,Lakeland-Winter Haven,3.097,3.482,3.812,-0.6416426050689816
2024-09-19,Lakeland-Winter Haven,3.175,3.605,3.935,2.5185663545366443
2024-09-21,Lakeland-Winter Haven,3.132,3.547,3.888,-1.354330708661411
2024-09-23,Lakeland-Winter Haven,3.132,3.547,3.888,0.0
2024-09-24,Lakeland-Winter Haven,3.147,3.548,3.868,0.47892720306512704
2024-09-25,Lakeland-Winter Haven,3.147,3.548,3.868,0.0
2024-09-26,Lakeland-Winter Haven,3.181,3.606,3.927,1.0803940260565748
2024-09-27,Lakeland-Winter Haven,3.193,3.634,3.967,0.37723986167872425
2024-10-01,Lakeland-Winter Haven,3.188,3.608,3.927,-0.15659254619480034
2024-10-02,Lakeland-Winter Haven,3.175,3.59,3.913,-0.40777917189461776
2024-10-04,Lakeland-Winter Haven,3.145,3.573,3.898,-0.9448818897637712
2024-10-06,Lakeland-Winter Haven,3.124,3.539,3.874,-0.6677265500794838
2024-10-09,Lakeland-Winter Haven,3.125,3.544,3.9,0.03201024327783575
2024-10-13,Lakeland-Winter Haven,3.129,3.491,3.812,0.12799999999999478
2024-10-21,Lakeland-Winter Haven,3.099,3.484,3.833,-0.9587727708533
2024-11-01,Lakeland-Winter Haven,3.078,3.498,3.819,-0.6776379477250849
2024-11-02,Lakeland-Winter Haven,3.078,3.498,3.819,0.0
2024-11-04,Lakeland-Winter Haven,3.015,3.393,3.744,-2.0467836257309857
2024-11-05,Lakeland-Winter Haven,3.109,3.553,3.888,3.117744610281914
2024-11-06,Lakeland-Winter Haven,3.167,3.583,3.914,1.8655516243164971
2024-11-07,Lakeland-Winter Haven,3.172,3.592,3.935,0.1578781180928468
2024-11-08,Lakeland-Winter Haven,3.164,3.582,3.926,-0.2522068095838548
2024-11-10,Lakeland-Winter Haven,3.142,3.544,3.884,-0.6953223767383165
2024-11-11,Lakeland-Winter Haven,3.135,3.529,3.872,-0.222788033099941
2024-11-12,Lakeland-Winter Haven,3.111,3.506,3.852,-0.765550239234436
2024-11-13,Lakeland-Winter Haven,3.08,3.475,3.839,-0.9964641594342738
2024-11-14,Lakeland-Winter Haven,3.058,3.464,3.819,-0.7142857142857229
2024-11-15,Lakeland-Winter Haven,3.118,3.527,3.866,1.962066710268151
2024-11-16,Lakeland-Winter Haven,3.16,3.597,3.929,1.347017318794097
2024-11-17,Lakeland-Winter Haven,3.164,3.599,3.922,0.12658227848101333
2024-11-18,Lakeland-Winter Haven,3.159,3.556,3.893,-0.1580278128950785
2024-11-19,Lakeland-Winter Haven,3.135,3.533,3.882,-0.7597340930674323
2024-11-20,Lakeland-Winter Haven,3.1,3.509,3.843,-1.1164274322168932
2024-11-21,Lakeland-Winter Haven,3.062,3.463,3.777,-1.2258064516129097
2024-11-22,Lakeland-Winter Haven,3.026,3.43,3.756,-1.1757021554539504
2024-11-24,Lakeland-Winter Haven,3.147,3.575,3.895,3.9986781229345736
2024-11-25,Lakeland-Winter Haven,3.157,3.58,3.901,0.3177629488401834
2024-11-26,Lakeland-Winter Haven,3.152,3.573,3.888,-0.15837820715869366
2024-11-27,Lakeland-Winter Haven,3.16,3.575,3.894,0.2538071065989911
2024-11-28,Lakeland-Winter Haven,3.161,3.58,3.895,0.03164556962025333
2024-12-01,Lakeland-Winter Haven,3.134,3.539,3.857,-0.8541600759253476
2024-12-02,Lakeland-Winter Haven,3.128,3.533,3.842,-0.19144862795149598
2024-12-03,Lakeland-Winter Haven,3.104,3.511,3.834,-0.7672634271099765
2024-12-05,Lakeland-Winter Haven,3.022,3.449,3.753,-2.6417525773196004
2024-12-06,Lakeland-Winter Haven,2.991,3.397,3.736,-1.0258107213765633
2024-12-07,Lakeland-Winter Haven,3.05,3.505,3.838,1.9725844199264264
2024-12-08,Lakeland-Winter Haven,3.107,3.556,3.909,1.8688524590164013
2024-12-09,Lakeland-Winter Haven,3.128,3.582,3.908,0.6758931445123961
2024-12-10,Lakeland-Winter Haven,3.136,3.558,3.888,0.2557544757033181
2024-12-11,Lakeland-Winter Haven,3.121,3.536,3.867,-0.4783163265306145
2024-12-12,Lakeland-Winter Haven,3.094,3.506,3.842,-0.8651073373918683
2024-12-13,Lakeland-Winter Haven,3.052,3.46,3.817,-1.3574660633484115
2024-12-16,Lakeland-Winter Haven,3.155,3.593,3.929,3.3748361730012943
2024-12-17,Lakeland-Winter Haven,3.156,3.578,3.921,0.0316957210776625
2024-12-18,Lakeland-Winter Haven,3.146,3.551,3.897,-0.3168567807351197
2024-12-19,Lakeland-Winter Haven,3.118,3.524,3.863,-0.8900190718372558
2024-12-20,Lakeland-Winter Haven,3.083,3.5,3.823,-1.122514432328403
2024-12-23,Lakeland-Winter Haven,3.027,3.429,3.768,-1.8164125851443447
2024-12-24,Lakeland-Winter Haven,3.093,3.542,3.864,2.1803766105054523
2024-12-27,Lakeland-Winter Haven,3.129,3.543,3.87,1.1639185257032114
2024-12-28,Lakeland-Winter Haven,3.112,3.528,3.859,-0.5433045701502048
2024-12-29,Lakeland-Winter Haven,3.098,3.511,3.845,-0.44987146529563704
2024-12-30,Lakeland-Winter Haven,3.089,3.492,3.83,-0.29051000645577973
2025-01-01,Lakeland-Winter Haven,3.124,3.568,3.901,1.1330527678860447
2025-01-02,Lakeland-Winter Haven,3.149,3.581,3.929,0.8002560819462268
2025-01-03,Lakeland-Winter Haven,3.166,3.581,3.922,0.5398539218799625
2025-01-05,Lakeland-Winter Haven,3.147,3.556,3.905,-0.6001263423878744
2025-01-06,Lakeland-Winter Haven,3.137,3.539,3.877,-0.3177629488401612
2025-01-07,Lakeland-Winter Haven,3.116,3.522,3.857,-0.6694293911380322
2025-01-08,Lakeland-Winter Haven,3.091,3.497,3.838,-0.8023106546854897
2025-01-09,Lakeland-Winter Haven,3.133,3.559,3.904,1.3587835651892588
2025-01-11,Lakeland-Winter Haven,3.165,3.579,3.945,1.0213852537503953
2025-01-13,Lakeland-Winter Haven,3.147,3.544,3.876,-0.5687203791469253
2025-01-14,Lakeland-Winter Haven,3.2,3.631,3.972,1.6841436288528966
2025-01-15,Lakeland-Winter Haven,3.248,3.667,4.003,1.4999999999999902
2025-01-16,Lakeland-Winter Haven,3.257,3.675,4.014,0.2770935960591192
2025-01-17,Lakeland-Winter Haven,3.249,3.654,4.004,-0.2456248081056156
2025-01-18,Lakeland-Winter Haven,3.243,3.639,3.988,-0.184672206832881
2025-01-19,Lakeland-Winter Haven,3.226,3.633,3.967,-0.5242059821153222
2025-01-20,Lakeland-Winter Haven,3.215,3.598,3.938,-0.3409795412275263
2025-01-21,Lakeland-Winter Haven,3.203,3.585,3.932,-0.37325038880249295
2025-01-23,Lakeland-Winter Haven,3.169,3.573,3.888,-1.0615048392132342
2025-01-24,Lakeland-Winter Haven,3.218,3.641,3.97,1.5462290943515367
2025-01-26,Lakeland-Winter Haven,3.242,3.659,3.978,0.7458048477315016
2025-01-27,Lakeland-Winter Haven,3.241,3.637,3.981,-0.030845157310299687
2025-01-28,Lakeland-Winter Haven,3.231,3.624,3.98,-0.3085467448318502
2025-01-30,Lakeland-Winter Haven,3.195,3.596,3.951,-1.1142061281337101
2025-02-01,Lakeland-Winter Haven,3.156,3.553,3.888,-1.2206572769952961
2025-02-02,Lakeland-Winter Haven,3.146,3.536,3.885,-0.3168567807351197
2025-02-03,Lakeland-Winter Haven,3.132,3.527,3.863,-0.4450095359186168
2025-02-04,Lakeland-Winter Haven,3.212,3.656,3.986,2.5542784163473886
2025-02-06,Lakeland-Winter Haven,3.254,3.661,3.992,1.3075965130759704
2025-02-07,Lakeland-Winter Haven,3.254,3.661,3.992,0.0
2025-02-09,Lakeland-Winter Haven,3.198,3.603,3.944,-1.7209588199139536
2025-02-10,Lakeland-Winter Haven,3.186,3.579,3.92,-0.37523452157598447
2025-02-11,Lakeland-Winter Haven,3.171,3.573,3.92,-0.47080979284369606
2025-02-12,Lakeland-Winter Haven,3.153,3.556,3.908,-0.5676442762535427
2025-02-13,Lakeland-Winter Haven,3.132,3.534,3.877,-0.6660323501427201
2025-02-15,Lakeland-Winter Haven,3.08,3.479,3.811,-1.6602809706258048
2025-02-16,Lakeland-Winter Haven,3.062,3.453,3.777,-0.5844155844155874
2025-02-17,Lakeland-Winter Haven,3.045,3.422,3.753,-0.5551926845199229
2025-02-18,Lakeland-Winter Haven,3.126,3.577,3.915,2.6600985221674867
2025-02-19,Lakeland-Winter Haven,3.169,3.6,3.936,1.3755598208573305
2025-02-20,Lakeland-Winter Haven,3.179,3.593,3.929,0.3155569580309159
2025-02-21,Lakeland-Winter Haven,3.165,3.57,3.908,-0.440390059767215
2025-02-22,Lakeland-Winter Haven,3.144,3.554,3.89,-0.6635071090047351
2025-02-23,Lakeland-Winter Haven,3.128,3.529,3.876,-0.5089058524173073
2025-02-25,Lakeland-Winter Haven,3.152,3.567,3.907,0.7672634271099765
2025-02-26,Lakeland-Winter Haven,3.179,3.604,3.933,0.8565989847715727
2025-02-27,Lakeland-Winter Haven,3.164,3.588,3.919,-0.4718464926077304
2025-02-28,Lakeland-Winter Haven,3.148,3.564,3.893,-0.5056890012642201
2025-03-01,Lakeland-Winter Haven,3.122,3.534,3.876,-0.8259212198221122
2025-03-02,Lakeland-Winter Haven,3.106,3.514,3.844,-0.5124919923126248
2025-03-03,Lakeland-Winter Haven,3.089,3.484,3.819,-0.5473277527366371
2025-03-04,Lakeland-Winter Haven,3.071,3.465,3.814,-0.5827128520556779
2025-03-06,Lakeland-Winter Haven,3.16,3.591,3.935,2.89807880169326
2025-03-07,Lakeland-Winter Haven,3.143,3.558,3.898,-0.5379746835443178
2025-03-08,Lakeland-Winter Haven,3.134,3.539,3.89,-0.2863506204263455
2025-03-09,Lakeland-Winter Haven,3.117,3.529,3.875,-0.5424377791959145
2025-03-10,Lakeland-Winter Haven,3.109,3.52,3.85,-0.256657042027586
2025-03-11,Lakeland-Winter Haven,3.086,3.494,3.829,-0.7397877130910335
2025-03-12,Lakeland-Winter Haven,3.062,3.465,3.812,-0.777705767984449
2025-03-13,Lakeland-Winter Haven,3.037,3.459,3.801,-0.8164598301763526
2025-03-14,Lakeland-Winter Haven,3.106,3.574,3.91,2.271978926572271
2025-03-15,Lakeland-Winter Haven,3.141,3.57,3.913,1.1268512556342536
2025-03-16,Lakeland-Winter Haven,3.135,3.555,3.9,-0.19102196752627254
2025-03-17,Lakeland-Winter Haven,3.126,3.537,3.875,-0.2870813397129135
2025-03-18,Lakeland-Winter Haven,3.107,3.519,3.856,-0.6078055022392781
2025-03-19,Lakeland-Winter Haven,3.075,3.486,3.843,-1.0299324106855523
2025-03-20,Lakeland-Winter Haven,3.051,3.451,3.803,-0.7804878048780495
2025-03-21,Lakeland-Winter Haven,3.033,3.433,3.788,-0.5899705014749346
2025-03-22,Lakeland-Winter Haven,3.017,3.431,3.758,-0.5275304978569095
2025-03-24,Lakeland-Winter Haven,2.985,3.374,3.719,-1.0606562810739129
2025-03-25,Lakeland-Winter Haven,3.105,3.554,3.89,4.020100502512558
2025-03-26,Lakeland-Winter Haven,3.173,3.596,3.923,2.1900161030595777
2025-03-27,Lakeland-Winter Haven,3.178,3.608,3.936,0.15757957768673947
2025-03-28,Lakeland-Winter Haven,3.173,3.591,3.914,-0.1573316551290116
2025-03-29,Lakeland-Winter Haven,3.16,3.57,3.927,-0.409706901985496
2025-03-30,Lakeland-Winter Haven,3.15,3.565,3.908,-0.31645569620254443
2025-03-31,Lakeland-Winter Haven,3.142,3.551,3.88,-0.25396825396825085
2025-04-02,Lakeland-Winter Haven,3.196,3.647,3.972,1.7186505410566655
2025-04-03,Lakeland-Winter Haven,3.249,3.683,4.017,1.6583229036295277
2025-04-04,Lakeland-Winter Haven,3.259,3.681,4.015,0.3077870113881165
2025-04-05,Lakeland-Winter Haven,3.247,3.654,4.0,-0.3682111077017547
2025-04-06,Lakeland-Winter Haven,3.232,3.645,3.999,-0.46196489066829827
2025-04-07,Lakeland-Winter Haven,3.221,3.631,3.976,-0.3403465346534684
2025-04-08,Lakeland-Winter Haven,3.236,3.668,4.014,0.4656938838869973
2025-04-09,Lakeland-Winter Haven,3.238,3.666,4.02,0.06180469715697523
2025-04-10,Lakeland-Winter Haven,3.219,3.637,3.987,-0.5867819641754202
2025-04-11,Lakeland-Winter Haven,3.199,3.61,3.955,-0.6213109661385552
2025-04-12,Lakeland-Winter Haven,3.166,3.574,3.919,-1.031572366364486
2025-04-13,Lakeland-Winter Haven,3.148,3.552,3.883,-0.5685407454200875
2025-04-14,Lakeland-Winter Haven,3.135,3.533,3.86,-0.41296060991106165
2025-04-15,Lakeland-Winter Haven,3.111,3.523,3.866,-0.765550239234436
2025-04-16,Lakeland-Winter Haven,3.092,3.518,3.853,-0.6107360977177789
2025-04-17,Lakeland-Winter Haven,3.07,3.492,3.813,-0.7115135834411479
2025-04-18,Lakeland-Winter Haven,3.062,3.47,3.818,-0.2605863192182367
2025-04-19,Lakeland-Winter Haven,3.042,3.467,3.812,-0.6531678641410799
2025-04-20,Lakeland-Winter Haven,3.031,3.45,3.787,-0.36160420775804836
2025-04-21,Lakeland-Winter Haven,3.017,3.408,3.758,-0.46189376443418473
2025-04-22,Lakeland-Winter Haven,3.11,3.569,3.895,3.082532316871056
2025-04-23,Lakeland-Winter Haven,3.156,3.589,3.93,1.479099678456608
2025-04-24,Lakeland-Winter Haven,3.149,3.566,3.918,-0.22179974651458378
2025-04-25,Lakeland-Winter Haven,3.133,3.545,3.888,-0.5080978088282007
2025-04-26,Lakeland-Winter Haven,3.112,3.515,3.861,-0.670284072773697
2025-04-27,Lakeland-Winter Haven,3.097,3.484,3.828,-0.4820051413881754
2025-04-28,Lakeland-Winter Haven,3.076,3.469,3.794,-0.6780755569906316
2025-04-29,Lakeland-Winter Haven,3.104,3.538,3.857,0.910273081924573
2025-04-30,Lakeland-Winter Haven,3.181,3.638,3.983,2.480670103092786
2025-05-01,Lakeland-Winter Haven,3.224,3.647,3.991,1.3517761710154064
2025-05-02,Lakeland-Winter Haven,3.209,3.624,3.953,-0.4652605459057102
2025-05-03,Lakeland-Winter Haven,3.186,3.603,3.941,-0.7167341851043951
2025-05-04,Lakeland-Winter Haven,3.166,3.58,3.918,-0.6277463904582503
2025-05-05,Lakeland-Winter Haven,3.154,3.558,3.88,-0.37902716361338795
2025-05-06,Lakeland-Winter Haven,3.125,3.538,3.855,-0.9194673430564348
2025-05-07,Lakeland-Winter Haven,3.084,3.513,3.845,-1.312000000000002
2025-05-08,Lakeland-Winter Haven,3.05,3.474,3.833,-1.1024643320363237
2025-05-09,Lakeland-Winter Haven,3.024,3.435,3.803,-0.8524590163934365
2025-05-10,Lakeland-Winter Haven,2.996,3.407,3.763,-0.92592592592593
2025-05-11,Lakeland-Winter Haven,2.98,3.381,3.726,-0.5340453938584733
2025-05-12,Lakeland-Winter Haven,2.965,3.339,3.675,-0.5033557046979942
2025-05-13,Lakeland-Winter Haven,3.093,3.552,3.874,4.31703204047218
2025-05-14,Lakeland-Winter Haven,3.155,3.577,3.921,2.0045263498221777
2025-05-15,Lakeland-Winter Haven,3.157,3.575,3.922,0.063391442155325
2025-05-16,Lakeland-Winter Haven,3.13,3.551,3.893,-0.8552423186569569
2025-05-17,Lakeland-Winter Haven,3.106,3.529,3.874,-0.7667731629392938
2025-05-18,Lakeland-Winter Haven,3.086,3.499,3.842,-0.6439150032195751
2025-05-19,Lakeland-Winter Haven,3.071,3.472,3.818,-0.48606610499026814
2025-05-20,Lakeland-Winter Haven,3.053,3.457,3.797,-0.5861282969716775
2025-05-21,Lakeland-Winter Haven,3.115,3.577,3.922,2.0307893874877303
2025-05-22,Lakeland-Winter Haven,3.15,3.592,3.934,1.123595505617958
2025-05-23,Lakeland-Winter Haven,3.157,3.592,3.916,0.22222222222223476
2025-05-24,Lakeland-Winter Haven,3.138,3.564,3.897,-0.601837187203047
2025-05-25,Lakeland-Winter Haven,3.116,3.534,3.875,-0.7010834926704845
2025-05-26,Lakeland-Winter Haven,3.1,3.497,3.834,-0.5134788189987138
2025-05-27,Lakeland-Winter Haven,3.084,3.479,3.812,-0.5161290322580614
2025-05-28,Lakeland-Winter Haven,3.063,3.46,3.784,-0.6809338521400754
2025-05-29,Lakeland-Winter Haven,3.126,3.574,3.904,2.0568070519098924
2025-05-30,Lakeland-Winter Haven,3.151,3.601,3.929,0.7997440818937829
2025-05-31,Lakeland-Winter Haven,3.141,3.578,3.914,-0.31735956839098467
2025-06-01,Lakeland-Winter Haven,3.122,3.546,3.881,-0.6049028971665149
2025-06-02,Lakeland-Winter Haven,3.112,3.527,3.851,-0.32030749519538215
2025-06-03,Lakeland-Winter Haven,3.089,3.503,3.827,-0.7390745501285378
2025-06-04,Lakeland-Winter Haven,3.062,3.47,3.806,-0.8740692780835224
2025-06-05,Lakeland-Winter Haven,3.108,3.558,3.898,1.5022860875244959
2025-06-07,Lakeland-Winter Haven,3.129,3.561,3.905,0.6756756756756799
2025-06-08,Lakeland-Winter Haven,3.109,3.528,3.869,-0.6391818472355371
2025-06-09,Lakeland-Winter Haven,3.093,3.477,3.806,-0.5146349308459364
2025-06-10,Lakeland-Winter Haven,3.064,3.465,3.799,-0.9376010345942376
2025-06-11,Lakeland-Winter Haven,3.029,3.435,3.782,-1.1422976501305526
2025-06-13,Lakeland-Winter Haven,2.995,3.412,3.728,-1.1224826675470423
2025-06-14,Lakeland-Winter Haven,2.979,3.392,3.716,-0.5342237061769617
2025-06-15,Lakeland-Winter Haven,2.974,3.38,3.719,-0.16784155756964791
2025-06-16,Lakeland-Winter Haven,2.974,3.359,3.714,0.0
2025-06-17,Lakeland-Winter Haven,3.103,3.533,3.889,4.337592468056495
2025-06-18,Lakeland-Winter Haven,3.168,3.595,3.915,2.094747019013865
2025-06-19,Lakeland-Winter Haven,3.174,3.592,3.923,0.18939393939392257
2025-06-20,Lakeland-Winter Haven,3.161,3.567,3.895,-0.4095778197857558
2025-06-21,Lakeland-Winter Haven,3.148,3.556,3.877,-0.41126225877886613
2025-06-22,Lakeland-Winter Haven,3.133,3.531,3.874,-0.4764930114358412
2025-06-23,Lakeland-Winter Haven,3.121,3.51,3.864,-0.38301947015639826
2025-06-24,Lakeland-Winter Haven,3.106,3.517,3.857,-0.4806151874399256
2025-06-25,Lakeland-Winter Haven,3.089,3.504,3.841,-0.5473277527366371
2025-06-26,Lakeland-Winter Haven,3.058,3.463,3.808,-1.003561022984789
2025-06-27,Lakeland-Winter Haven,3.028,3.426,3.792,-0.9810333551340644
2025-06-28,Lakeland-Winter Haven,2.996,3.401,3.758,-1.0568031704095149
2025-06-29,Lakeland-Winter Haven,2.979,3.375,3.719,-0.5674232309746285
2025-06-30,Lakeland-Winter Haven,2.959,3.354,3.697,-0.6713662302786139
2025-07-01,Lakeland-Winter Haven,3.074,3.542,3.858,3.8864481243663374
2025-07-02,Lakeland-Winter Haven,3.134,3.577,3.905,1.951854261548469
2025-07-03,Lakeland-Winter Haven,3.143,3.57,3.908,0.2871729419272384
2025-07-04,Lakeland-Winter Haven,3.127,3.562,3.886,-0.5090677696468315
2025-07-05,Lakeland-Winter Haven,3.108,3.539,3.85,-0.6076111288775055
2025-07-06,Lakeland-Winter Haven,3.092,3.505,3.832,-0.5148005148005175
2025-07-07,Lakeland-Winter Haven,3.087,3.488,3.817,-0.16170763260024978
2025-07-08,Lakeland-Winter Haven,3.063,3.482,3.799,-0.7774538386783325
2025-07-09,Lakeland-Winter Haven,3.039,3.469,3.793,-0.7835455435847183
2025-07-10,Lakeland-Winter Haven,3.025,3.441,3.77,-0.46067785455742305
2025-07-11,Lakeland-Winter Haven,3.012,3.427,3.753,-0.42975206611569616
2025-07-12,Lakeland-Winter Haven,2.991,3.415,3.747,-0.6972111553784854
2025-07-13,Lakeland-Winter Haven,2.985,3.4,3.726,-0.20060180541625616
2025-07-14,Lakeland-Winter Haven,2.98,3.38,3.704,-0.16750418760468344
2025-07-15,Lakeland-Winter Haven,2.985,3.386,3.722,0.1677852348993314
2025-07-16,Lakeland-Winter Haven,3.104,3.562,3.912,3.9865996649916413
2025-07-17,Lakeland-Winter Haven,3.161,3.587,3.942,1.8363402061855716
2025-07-18,Lakeland-Winter Haven,3.14,3.552,3.91,-0.6643467257197111
2025-07-19,Lakeland-Winter Haven,3.112,3.526,3.875,-0.8917197452229297
2025-07-20,Lakeland-Winter Haven,3.095,3.517,3.854,-0.5462724935732632
2025-07-21,Lakeland-Winter Haven,3.075,3.476,3.803,-0.646203554119551
2025-07-22,Lakeland-Winter Haven,3.055,3.453,3.778,-0.6504065040650375
2025-07-23,Lakeland-Winter Haven,3.029,3.436,3.77,-0.8510638297872464
2025-07-24,Lakeland-Winter Haven,3.108,3.573,3.909,2.6081214922416773
2025-07-25,Lakeland-Winter Haven,3.14,3.592,3.937,1.029601029601035
2025-07-26,Lakeland-Winter Haven,3.138,3.589,3.921,-0.06369426751593465
2025-07-27,Lakeland-Winter Haven,3.121,3.55,3.886,-0.5417463352453744
2025-07-28,Lakeland-Winter Haven,3.107,3.512,3.842,-0.4485741749439165
2025-07-29,Lakeland-Winter Haven,3.083,3.503,3.831,-0.772449308014167
2025-07-30,Lakeland-Winter Haven,3.056,3.484,3.82,-0.8757703535517414
2025-07-31,Lakeland-Winter Haven,3.027,3.436,3.789,-0.9489528795811442
2025-08-01,Lakeland-Winter Haven,3.014,3.425,3.754,-0.4294681202510864
2025-08-02,Lakeland-Winter Haven,2.993,3.407,3.725,-0.6967485069674817
2025-08-03,Lakeland-Winter Haven,2.981,3.382,3.707,-0.4009355162044814
2025-08-04,Lakeland-Winter Haven,2.967,3.34,3.692,-0.4696410600469547
2025-08-05,Lakeland-Winter Haven,3.093,3.553,3.901,4.246713852376138
2025-08-06,Lakeland-Winter Haven,3.146,3.578,3.915,1.713546718396386
2025-08-07,Lakeland-Winter Haven,3.141,3.581,3.908,-0.15893197711379647
2025-08-08,Lakeland-Winter Haven,3.125,3.553,3.873,-0.5093919134033786
2025-08-09,Lakeland-Winter Haven,3.107,3.536,3.855,-0.5759999999999987
2025-08-10,Lakeland-Winter Haven,3.091,3.514,3.855,-0.5149662053427706
2025-08-11,Lakeland-Winter Haven,3.079,3.484,3.831,-0.3882238757683565
2025-08-12,Lakeland-Winter Haven,3.055,3.46,3.807,-0.779473855147772
2025-08-13,Lakeland-Winter Haven,3.12,3.563,3.92,2.127659574468077
2025-08-14,Lakeland-Winter Haven,3.15,3.584,3.931,0.9615384615384581
2025-08-15,Lakeland-Winter Haven,3.151,3.578,3.942,0.03174603174602719
2025-08-16,Lakeland-Winter Haven,3.128,3.556,3.928,-0.7299270072992581
2025-08-17,Lakeland-Winter Haven,3.106,3.532,3.885,-0.703324808184147
2025-08-18,Lakeland-Winter Haven,3.091,3.508,3.845,-0.4829362524146674
2025-08-19,Lakeland-Winter Haven,3.068,3.478,3.819,-0.7440957618893629
2025-08-20,Lakeland-Winter Haven,3.041,3.456,3.793,-0.8800521512385973
2025-08-21,Lakeland-Winter Haven,3.007,3.436,3.773,-1.1180532719500147
2025-08-22,Lakeland-Winter Haven,2.983,3.412,3.735,-0.7981376787495886
2025-08-23,Lakeland-Winter Haven,2.963,3.384,3.71,-0.6704659738518304
2025-08-24,Lakeland-Winter Haven,2.95,3.367,3.695,-0.43874451569354544
2025-08-25,Lakeland-Winter Haven,2.941,3.337,3.692,-0.30508474576271816
2025-08-26,Lakeland-Winter Haven,3.071,3.532,3.883,4.420265215912966
2025-08-27,Lakeland-Winter Haven,3.14,3.577,3.921,2.246825138391406
2025-08-28,Lakeland-Winter Haven,3.149,3.592,3.924,0.28662420382166154
2025-08-29,Lakeland-Winter Haven,3.127,3.558,3.898,-0.6986344871387828
2025-08-30,Lakeland-Winter Haven,3.094,3.529,3.841,-1.0553245922609533
2025-08-31,Lakeland-Winter Haven,3.073,3.492,3.814,-0.6787330316742057
2025-09-01,Lakeland-Winter Haven,3.054,3.448,3.78,-0.6182883176049536
2025-09-02,Lakeland-Winter Haven,3.043,3.445,3.778,-0.3601833660772602
2025-09-03,Lakeland-Winter Haven,3.116,3.585,3.912,2.398948406178114
2025-09-04,Lakeland-Winter Haven,3.155,3.602,3.93,1.2516046213093546
2025-09-05,Lakeland-Winter Haven,3.144,3.576,3.914,-0.34865293185418755
2025-09-06,Lakeland-Winter Haven,3.112,3.541,3.899,-1.0178117048346036
2025-09-07,Lakeland-Winter Haven,3.096,3.512,3.873,-0.5141388174807249
2025-09-08,Lakeland-Winter Haven,3.084,3.48,3.837,-0.3875968992248069
2025-09-09,Lakeland-Winter Haven,3.052,3.471,3.809,-1.037613488975353
2025-09-10,Lakeland-Winter Haven,3.036,3.443,3.806,-0.5242463958060273
2025-09-11,Lakeland-Winter Haven,3.008,3.414,3.792,-0.9222661396574461
2025-09-12,Lakeland-Winter Haven,2.982,3.402,3.739,-0.8643617021276584
2025-09-13,Lakeland-Winter Haven,2.958,3.394,3.72,-0.8048289738430636
2025-09-14,Lakeland-Winter Haven,2.949,3.368,3.708,-0.30425963488844854
2025-09-15,Lakeland-Winter Haven,2.987,3.415,3.756,1.2885723974228602
2025-09-16,Lakeland-Winter Haven,3.136,3.628,3.958,4.9882825577502565
2025-09-17,Lakeland-Winter Haven,3.227,3.689,3.999,2.9017857142856984
2025-09-18,Lakeland-Winter Haven,3.211,3.655,3.995,-0.49581654787728136
2025-09-19,Lakeland-Winter Haven,3.183,3.625,3.955,-0.8720024914356861
2025-09-20,Lakeland-Winter Haven,3.15,3.584,3.915,-1.0367577756833168
2025-09-21,Lakeland-Winter Haven,3.126,3.551,3.88,-0.7619047619047636
2025-09-22,Lakeland-Winter Haven,3.103,3.509,3.845,-0.7357645553422776
2025-09-23,Lakeland-Winter Haven,3.068,3.473,3.812,-1.1279407025459265
2025-09-24,Lakeland-Winter Haven,3.028,3.442,3.787,-1.3037809647979182
2025-09-25,Lakeland-Winter Haven,3.027,3.473,3.8,-0.033025099075290054
2025-09-26,Lakeland-Winter Haven,2.985,3.415,3.743,-1.3875123885034757
2025-09-27,Lakeland-Winter Haven,2.946,3.364,3.691,-1.306532663316573
2025-09-28,Lakeland-Winter Haven,2.932,3.326,3.681,-0.4752206381534396
2025-09-29,Lakeland-Winter Haven,2.972,3.404,3.75,1.3642564802182733
2025-09-30,Lakeland-Winter Haven,3.087,3.578,3.891,3.869448183041735
2025-10-01,Lakeland-Winter Haven,3.138,3.591,3.91,1.6520894071914372
2025-10-02,Lakeland-Winter Haven,3.124,3.56,3.889,-0.44614404079030834
2025-10-03,Lakeland-Winter Haven,3.093,3.515,3.858,-0.992317541613319
2025-10-04,Lakeland-Winter Haven,3.054,3.482,3.825,-1.2609117361784716
2025-10-05,Lakeland-Winter Haven,3.037,3.453,3.788,-0.5566470203012375
2025-10-06,Lakeland-Winter Haven,3.023,3.417,3.761,-0.46098123147843006
2025-10-07,Lakeland-Winter Haven,3.007,3.416,3.74,-0.5292755540853511
2025-10-08,Lakeland-Winter Haven,2.97,3.401,3.725,-1.2304622547389399
2025-10-09,Lakeland-Winter Haven,2.985,3.441,3.758,0.5050505050504972
2025-10-10,Lakeland-Winter Haven,2.931,3.359,3.686,-1.8090452261306456
2025-10-11,Lakeland-Winter Haven,2.909,3.34,3.667,-0.7505970658478467
2025-10-12,Lakeland-Winter Haven,2.897,3.325,3.638,-0.4125128910278497
2025-10-13,Lakeland-Winter Haven,2.883,3.295,3.618,-0.48325854332067486
2025-10-14,Lakeland-Winter Haven,2.949,3.408,3.74,2.289281997918824
2025-10-15,Lakeland-Winter Haven,2.966,3.415,3.75,0.5764665988470696
2025-10-16,Lakeland-Winter Haven,2.951,3.385,3.73,-0.5057316250842936
2025-10-17,Lakeland-Winter Haven,2.925,3.359,3.682,-0.8810572687224738
2025-10-18,Lakeland-Winter Haven,2.9,3.322,3.643,-0.8547008547008517
2025-10-19,Lakeland-Winter Haven,2.877,3.291,3.614,-0.793103448275867
2025-10-20,Lakeland-Winter Haven,2.862,3.256,3.607,-0.5213764337851812
2025-10-21,Lakeland-Winter Haven,2.834,3.228,3.599,-0.9783368273934334
2025-10-22,Lakeland-Winter Haven,2.92,3.394,3.731,3.034580098800288
2025-10-23,Lakeland-Winter Haven,2.951,3.407,3.734,1.0616438356164437
2025-10-24,Lakeland-Winter Haven,2.941,3.39,3.716,-0.3388681802778848
2025-10-25,Lakeland-Winter Haven,2.921,3.357,3.682,-0.6800408024481452
2025-10-26,Lakeland-Winter Haven,2.907,3.332,3.669,-0.4792879150975593
2025-10-27,Lakeland-Winter Haven,2.887,3.3,3.648,-0.687994496044031
2025-10-28,Lakeland-Winter Haven,2.852,3.26,3.608,-1.2123311395912717
2025-11-01,Lakeland-Winter Haven,2.998,3.433,3.778,5.119214586255283
2025-11-03,Lakeland-Winter Haven,2.979,3.401,3.739,-0.6337558372248253
2025-11-07,Lakeland-Winter Haven,2.891,3.313,3.664,-2.954011413225921
2025-11-08,Lakeland-Winter Haven,2.875,3.293,3.642,-0.5534417156693228
2025-11-09,Lakeland-Winter Haven,2.86,3.271,3.622,-0.521739130434784
2025-11-11,Lakeland-Winter Haven,2.931,3.389,3.722,2.482517482517488
2025-11-14,Lakeland-Winter Haven,2.942,3.374,3.726,0.3752985329239289
2025-11-15,Lakeland-Winter Haven,2.926,3.356,3.718,-0.5438477226376581
2025-11-16,Lakeland-Winter Haven,2.913,3.34,3.695,-0.44429254955571373
2025-11-17,Lakeland-Winter Haven,2.91,3.325,3.682,-0.1029866117404632
2025-11-21,Lakeland-Winter Haven,3.147,3.602,3.936,8.144329896907209
2025-11-24,Lakeland-Winter Haven,3.134,3.569,3.903,-0.41309183349220735
2025-12-02,Lakeland-Winter Haven,3.005,3.453,3.776,-4.116145500957247
2025-12-04,Lakeland-Winter Haven,3.004,3.456,3.794,-0.033277870216297245
2025-12-11,Lakeland-Winter Haven,2.845,3.273,3.635,-5.29294274300931
2025-12-17,Lakeland-Winter Haven,2.878,3.362,3.708,1.1599297012302223
2025-12-22,Lakeland-Winter Haven,2.856,3.276,3.63,-0.7644197359277349
2025-12-23,Lakeland-Winter Haven,2.818,3.246,3.599,-1.3305322128851493
2025-12-26,Lakeland-Winter Haven,2.759,3.18,3.525,-2.0936834634492585
2025-12-27,Lakeland-Winter Haven,2.72,3.121,3.478,-1.4135556361000279
2025-12-29,Lakeland-Winter Haven,2.698,3.082,3.434,-0.8088235294117729
2025-12-30,Lakeland-Winter Haven,2.799,3.26,3.621,3.7435137138621233
2022-01-28,Melbourne-Titusville,3.331,3.696,3.998,
2022-01-28,Melbourne-Titusville,3.331,3.696,3.998,0.0
2022-03-07,Melbourne-Titusville,3.991,4.274,4.602,19.813869708796172
2022-03-07,Melbourne-Titusville,3.991,4.274,4.602,0.0
2022-03-08,Melbourne-Titusville,3.991,4.274,4.602,0.0
2022-03-08,Melbourne-Titusville,3.991,4.274,4.602,0.0
2022-03-22,Melbourne-Titusville,4.098,4.52,4.836,2.681032322726118
2022-03-22,Melbourne-Titusville,4.098,4.52,4.836,0.0
2022-04-01,Melbourne-Titusville,4.148,4.545,4.843,1.2201073694485087
2022-04-01,Melbourne-Titusville,4.148,4.545,4.843,0.0
2022-04-14,Melbourne-Titusville,3.897,4.335,4.67,-6.051108968177433
2022-04-19,Melbourne-Titusville,4.032,4.425,4.739,3.4642032332563577
2022-05-11,Melbourne-Titusville,4.292,4.653,4.968,6.448412698412698
2022-05-25,Melbourne-Titusville,4.57,4.925,5.238,6.477166821994418
2022-05-29,Melbourne-Titusville,4.552,4.941,5.262,-0.3938730853391803
2022-05-31,Melbourne-Titusville,4.534,4.929,5.256,-0.39543057996485054
2022-06-06,Melbourne-Titusville,4.742,5.12,5.436,4.5875606528451796
2022-06-09,Melbourne-Titusville,4.707,5.101,5.429,-0.7380851961197865
2022-06-25,Melbourne-Titusville,4.595,5.035,5.372,-2.3794348842150037
2022-06-26,Melbourne-Titusville,4.575,5.006,5.332,-0.43525571273121955
2022-06-27,Melbourne-Titusville,4.575,5.006,5.332,0.0
2022-06-29,Melbourne-Titusville,4.509,4.951,5.279,-1.442622950819672
2022-06-30,Melbourne-Titusville,4.517,4.956,5.272,0.17742293191393976
2022-07-02,Melbourne-Titusville,4.486,4.92,5.26,-0.6862962143015405
2022-07-10,Melbourne-Titusville,4.301,4.752,5.081,-4.123941150245203
2022-08-01,Melbourne-Titusville,3.73,4.167,4.513,-13.275982329690772
2022-09-22,Melbourne-Titusville,3.321,3.748,4.076,-10.965147453083102
2022-09-23,Melbourne-Titusville,3.302,3.724,4.032,-0.5721168322794346
2022-09-27,Melbourne-Titusville,3.3,3.712,4.046,-0.060569351907946434
2022-10-02,Melbourne-Titusville,3.198,3.591,3.962,-3.0909090909090886
2022-10-03,Melbourne-Titusville,3.163,3.566,3.933,-1.0944340212632908
2022-10-04,Melbourne-Titusville,3.116,3.542,3.873,-1.4859310780904078
2022-11-05,Melbourne-Titusville,3.39,3.795,4.112,8.793324775353017
2022-11-10,Melbourne-Titusville,3.575,3.946,4.28,5.457227138643073
2022-11-21,Melbourne-Titusville,3.433,3.83,4.142,-3.9720279720279805
2022-11-26,Melbourne-Titusville,3.361,3.781,4.096,-2.0972909991261224
2022-11-28,Melbourne-Titusville,3.345,3.752,4.061,-0.47604879500149355
2022-11-30,Melbourne-Titusville,3.323,3.741,4.057,-0.6576980568012036
2022-12-01,Melbourne-Titusville,3.301,3.716,4.034,-0.6620523623231955
2022-12-05,Melbourne-Titusville,3.209,3.635,3.956,-2.7870342320509
2022-12-07,Melbourne-Titusville,3.189,3.619,3.938,-0.6232471174820842
2022-12-08,Melbourne-Titusville,3.156,3.582,3.908,-1.0348071495766664
2022-12-10,Melbourne-Titusville,3.136,3.564,3.862,-0.6337135614702172
2023-01-19,Melbourne-Titusville,3.384,3.773,4.11,7.908163265306123
2023-03-23,Melbourne-Titusville,3.395,3.822,4.127,0.3250591016548565
2023-03-27,Melbourne-Titusville,3.332,3.741,4.055,-1.855670103092788
2023-03-30,Melbourne-Titusville,3.452,3.858,4.181,3.6014405762304857
2023-04-02,Melbourne-Titusville,3.471,3.876,4.203,0.5504055619930615
2023-04-03,Melbourne-Titusville,3.471,3.869,4.192,0.0
2023-05-15,Melbourne-Titusville,3.435,3.852,4.193,-1.037165082108904
2023-05-16,Melbourne-Titusville,3.423,3.852,4.167,-0.3493449781659441
2023-05-17,Melbourne-Titusville,3.408,3.832,4.161,-0.4382120946538115
2023-05-18,Melbourne-Titusville,3.386,3.819,4.151,-0.6455399061032763
2023-05-22,Melbourne-Titusville,3.33,3.767,4.089,-1.6538688718251593
2023-05-24,Melbourne-Titusville,3.293,3.731,4.069,-1.1111111111111072
2023-05-25,Melbourne-Titusville,3.279,3.708,4.04,-0.4251442453689691
2023-05-26,Melbourne-Titusville,3.322,3.663,4.022,1.31137541933517
2023-05-30,Melbourne-Titusville,3.371,3.768,4.129,1.4750150511740001
2023-05-31,Melbourne-Titusville,3.354,3.77,4.125,-0.5043013942450325
2023-06-01,Melbourne-Titusville,3.339,3.768,4.12,-0.4472271914132464
2023-06-06,Melbourne-Titusville,3.283,3.724,4.044,-1.6771488469601747
2023-06-07,Melbourne-Titusville,3.268,3.706,4.04,-0.45689917758148235
2023-06-09,Melbourne-Titusville,3.363,3.766,4.076,2.9069767441860517
2023-06-10,Melbourne-Titusville,3.363,3.766,4.076,0.0
2023-06-13,Melbourne-Titusville,3.464,3.849,4.167,3.0032708890871174
2023-06-14,Melbourne-Titusville,3.454,3.848,4.177,-0.28868360277135574
2023-06-16,Melbourne-Titusville,3.416,3.83,4.161,-1.1001737116386856
2023-06-23,Melbourne-Titusville,3.302,3.721,4.056,-3.3372365339578436
2023-07-04,Melbourne-Titusville,3.234,3.65,3.985,-2.059357964869779
2023-11-11,Melbourne-Titusville,3.185,3.622,3.953,-1.5151515151515138
2023-11-29,Melbourne-Titusville,3.146,3.511,3.856,-1.224489795918371
2024-01-18,Melbourne-Titusville,2.967,3.402,3.725,-5.689764780673867
2024-02-21,Melbourne-Titusville,3.313,3.694,4.022,11.661611054937659
2024-02-26,Melbourne-Titusville,3.267,3.689,4.014,-1.3884696649562378
2024-02-27,Melbourne-Titusville,3.238,3.663,3.998,-0.8876645240281533
2024-02-28,Melbourne-Titusville,3.309,3.679,4.014,2.192711550339732
2024-03-01,Melbourne-Titusville,3.354,3.762,4.105,1.3599274705349051
2024-03-02,Melbourne-Titusville,3.327,3.754,4.078,-0.805008944543828
2024-03-04,Melbourne-Titusville,3.311,3.739,4.061,-0.4809137360985871
2024-03-05,Melbourne-Titusville,3.272,3.686,4.029,-1.1778918755662948
2024-04-11,Melbourne-Titusville,3.561,3.966,4.293,8.832518337408324
2024-04-22,Melbourne-Titusville,3.553,3.966,4.291,-0.22465599550688387
2024-04-23,Melbourne-Titusville,3.553,3.966,4.291,0.0
2024-05-06,Melbourne-Titusville,3.591,4.01,4.338,1.0695187165775444
2024-05-19,Melbourne-Titusville,3.41,3.852,4.183,-5.040378724589257
2024-05-24,Melbourne-Titusville,3.516,3.953,4.277,3.1085043988269723
2024-05-31,Melbourne-Titusville,3.449,3.904,4.241,-1.9055745164960225
2024-06-03,Melbourne-Titusville,3.403,3.836,4.152,-1.3337199188170445
2024-06-12,Melbourne-Titusville,3.228,3.672,4.01,-5.142521304731118
2024-06-16,Melbourne-Titusville,3.188,3.643,3.978,-1.2391573729863659
2024-06-20,Melbourne-Titusville,3.367,3.775,4.097,5.614805520702637
2024-06-21,Melbourne-Titusville,3.367,3.775,4.097,0.0
2024-06-23,Melbourne-Titusville,3.349,3.783,4.113,-0.5346005346005267
2024-06-29,Melbourne-Titusville,3.385,3.811,4.173,1.074947745595689
2024-07-04,Melbourne-Titusville,3.544,3.93,4.252,4.697193500738561
2024-07-09,Melbourne-Titusville,3.485,3.906,4.208,-1.6647855530474098
2024-07-10,Melbourne-Titusville,3.485,3.906,4.208,0.0
2024-07-12,Melbourne-Titusville,3.555,3.991,4.3,2.0086083213773476
2024-07-18,Melbourne-Titusville,3.433,3.868,4.204,-3.4317862165963553
2024-07-22,Melbourne-Titusville,3.319,3.743,4.074,-3.3207107486163623
2024-07-24,Melbourne-Titusville,3.46,3.878,4.202,4.248267550467011
2024-07-25,Melbourne-Titusville,3.46,3.878,4.202,0.0
2024-08-01,Melbourne-Titusville,3.383,3.818,4.128,-2.2254335260115554
2024-08-11,Melbourne-Titusville,3.324,3.761,4.108,-1.7440141885900151
2024-08-16,Melbourne-Titusville,3.33,3.768,4.101,0.18050541516245744
2024-08-17,Melbourne-Titusville,3.33,3.768,4.101,0.0
2024-08-18,Melbourne-Titusville,3.286,3.717,4.077,-1.3213213213213226
2024-08-19,Melbourne-Titusville,3.277,3.694,4.033,-0.2738892270237381
2024-08-20,Melbourne-Titusville,3.277,3.694,4.033,0.0
2024-09-07,Melbourne-Titusville,3.178,3.642,3.989,-3.021055843759546
2024-09-09,Melbourne-Titusville,3.119,3.584,3.922,-1.8565135305223301
2024-09-16,Melbourne-Titusville,3.09,3.548,3.891,-0.9297851875601282
2024-09-19,Melbourne-Titusville,3.152,3.612,3.953,2.0064724919093946
2024-09-21,Melbourne-Titusville,3.104,3.573,3.915,-1.5228426395939132
2024-09-23,Melbourne-Titusville,3.104,3.573,3.915,0.0
2024-09-24,Melbourne-Titusville,3.122,3.575,3.888,0.5798969072164928
2024-09-25,Melbourne-Titusville,3.122,3.575,3.888,0.0
2024-09-26,Melbourne-Titusville,3.165,3.615,3.953,1.3773222293401721
2024-09-27,Melbourne-Titusville,3.165,3.628,3.952,0.0
2024-10-01,Melbourne-Titusville,3.138,3.596,3.927,-0.853080568720388
2024-10-02,Melbourne-Titusville,3.123,3.584,3.929,-0.47801147227531926
2024-10-04,Melbourne-Titusville,3.086,3.547,3.892,-1.1847582452769845
2024-10-06,Melbourne-Titusville,3.064,3.515,3.866,-0.712896953985731
2024-10-09,Melbourne-Titusville,3.073,3.527,3.886,0.2937336814621272
2024-10-13,Melbourne-Titusville,3.071,3.501,3.847,-0.06508298080051267
2024-10-21,Melbourne-Titusville,3.044,3.481,3.831,-0.8791924454575106
2024-11-01,Melbourne-Titusville,3.056,3.503,3.84,0.3942181340341744
2024-11-02,Melbourne-Titusville,3.056,3.503,3.84,0.0
2024-11-04,Melbourne-Titusville,2.998,3.437,3.776,-1.8979057591622994
2024-11-05,Melbourne-Titusville,3.079,3.554,3.857,2.7018012008005243
2024-11-06,Melbourne-Titusville,3.15,3.595,3.917,2.305943488145501
2024-11-07,Melbourne-Titusville,3.157,3.606,3.938,0.22222222222223476
2024-11-08,Melbourne-Titusville,3.145,3.595,3.926,-0.3801076971808648
2024-11-10,Melbourne-Titusville,3.104,3.554,3.878,-1.3036565977742387
2024-11-11,Melbourne-Titusville,3.09,3.534,3.849,-0.45103092783506105
2024-11-12,Melbourne-Titusville,3.06,3.507,3.829,-0.9708737864077555
2024-11-13,Melbourne-Titusville,3.032,3.494,3.831,-0.9150326797385588
2024-11-14,Melbourne-Titusville,2.999,3.47,3.81,-1.0883905013192585
2024-11-15,Melbourne-Titusville,3.083,3.522,3.841,2.800933644548187
2024-11-16,Melbourne-Titusville,3.154,3.599,3.908,2.302951670450848
2024-11-17,Melbourne-Titusville,3.145,3.593,3.918,-0.28535193405199166
2024-11-18,Melbourne-Titusville,3.14,3.576,3.892,-0.15898251192368873
2024-11-19,Melbourne-Titusville,3.109,3.545,3.872,-0.9872611464968206
2024-11-20,Melbourne-Titusville,3.07,3.524,3.841,-1.2544226439369588
2024-11-21,Melbourne-Titusville,3.036,3.504,3.817,-1.1074918566775227
2024-11-22,Melbourne-Titusville,3.005,3.467,3.792,-1.0210803689064574
2024-11-24,Melbourne-Titusville,3.12,3.575,3.893,3.8269550748752046
2024-11-25,Melbourne-Titusville,3.138,3.595,3.913,0.5769230769230749
2024-11-26,Melbourne-Titusville,3.12,3.553,3.891,-0.5736137667303964
2024-11-27,Melbourne-Titusville,3.115,3.556,3.898,-0.1602564102564097
2024-11-28,Melbourne-Titusville,3.134,3.575,3.913,0.6099518459068864
2024-12-01,Melbourne-Titusville,3.116,3.565,3.888,-0.5743458838544879
2024-12-02,Melbourne-Titusville,3.101,3.542,3.874,-0.48138639281130047
2024-12-03,Melbourne-Titusville,3.069,3.521,3.85,-1.031925185424054
2024-12-05,Melbourne-Titusville,2.998,3.451,3.766,-2.31345715216682
2024-12-06,Melbourne-Titusville,2.974,3.424,3.742,-0.8005336891260817
2024-12-07,Melbourne-Titusville,3.063,3.55,3.847,2.992602555480839
2024-12-08,Melbourne-Titusville,3.12,3.572,3.883,1.86092066601371
2024-12-09,Melbourne-Titusville,3.146,3.599,3.91,0.8333333333333304
2024-12-10,Melbourne-Titusville,3.134,3.576,3.899,-0.3814367450731049
2024-12-11,Melbourne-Titusville,3.109,3.56,3.878,-0.7977026164645795
2024-12-12,Melbourne-Titusville,3.073,3.526,3.854,-1.1579285944033457
2024-12-13,Melbourne-Titusville,3.042,3.494,3.824,-1.008786202408074
2024-12-16,Melbourne-Titusville,3.152,3.613,3.904,3.61604207758055
2024-12-17,Melbourne-Titusville,3.144,3.592,3.897,-0.25380710659898
2024-12-18,Melbourne-Titusville,3.114,3.562,3.87,-0.9541984732824527
2024-12-19,Melbourne-Titusville,3.089,3.531,3.857,-0.8028259473346178
2024-12-20,Melbourne-Titusville,3.059,3.501,3.824,-0.9711880867594669
2024-12-23,Melbourne-Titusville,3.001,3.449,3.781,-1.8960444589735337
2024-12-24,Melbourne-Titusville,3.087,3.554,3.856,2.8657114295234987
2024-12-27,Melbourne-Titusville,3.116,3.562,3.876,0.9394233884029823
2024-12-28,Melbourne-Titusville,3.098,3.554,3.869,-0.5776636713735628
2024-12-29,Melbourne-Titusville,3.091,3.535,3.846,-0.2259522272433756
2024-12-30,Melbourne-Titusville,3.078,3.518,3.818,-0.4205758654157288
2025-01-01,Melbourne-Titusville,3.109,3.582,3.896,1.0071474983755824
2025-01-02,Melbourne-Titusville,3.129,3.586,3.904,0.6432936635574205
2025-01-03,Melbourne-Titusville,3.146,3.582,3.909,0.5433045701501937
2025-01-05,Melbourne-Titusville,3.104,3.55,3.882,-1.3350286077558726
2025-01-06,Melbourne-Titusville,3.084,3.53,3.85,-0.6443298969072142
2025-01-07,Melbourne-Titusville,3.048,3.5,3.811,-1.1673151750972721
2025-01-08,Melbourne-Titusville,3.014,3.466,3.803,-1.1154855643044748
2025-01-09,Melbourne-Titusville,3.091,3.569,3.897,2.5547445255474477
2025-01-11,Melbourne-Titusville,3.134,3.583,3.919,1.391135554836609
2025-01-13,Melbourne-Titusville,3.094,3.532,3.875,-1.276324186343336
2025-01-14,Melbourne-Titusville,3.176,3.648,3.968,2.650290885585016
2025-01-15,Melbourne-Titusville,3.256,3.687,4.0,2.5188916876574208
2025-01-16,Melbourne-Titusville,3.258,3.7,4.014,0.06142506142505777
2025-01-17,Melbourne-Titusville,3.234,3.674,3.994,-0.7366482504604033
2025-01-18,Melbourne-Titusville,3.203,3.652,3.967,-0.95856524427953
2025-01-19,Melbourne-Titusville,3.182,3.627,3.949,-0.6556353418670002
2025-01-20,Melbourne-Titusville,3.16,3.599,3.929,-0.6913890634820841
2025-01-21,Melbourne-Titusville,3.127,3.578,3.905,-1.044303797468371
2025-01-23,Melbourne-Titusville,3.067,3.522,3.85,-1.918771985928991
2025-01-24,Melbourne-Titusville,3.164,3.646,3.974,3.162699706553629
2025-01-26,Melbourne-Titusville,3.225,3.663,3.997,1.927939317319849
2025-01-27,Melbourne-Titusville,3.206,3.626,3.95,-0.5891472868217118
2025-01-28,Melbourne-Titusville,3.165,3.603,3.907,-1.2788521522145935
2025-01-30,Melbourne-Titusville,3.096,3.554,3.865,-2.180094786729858
2025-02-01,Melbourne-Titusville,3.017,3.483,3.799,-2.5516795865633157
2025-02-02,Melbourne-Titusville,2.994,3.456,3.775,-0.7623467020218655
2025-02-03,Melbourne-Titusville,2.977,3.419,3.754,-0.5678022712090947
2025-02-04,Melbourne-Titusville,3.125,3.585,3.917,4.971447766207593
2025-02-06,Melbourne-Titusville,3.23,3.652,3.973,3.3600000000000074
2025-02-07,Melbourne-Titusville,3.23,3.652,3.973,0.0
2025-02-09,Melbourne-Titusville,3.162,3.599,3.926,-2.1052631578947434
2025-02-10,Melbourne-Titusville,3.136,3.579,3.882,-0.8222643896268145
2025-02-11,Melbourne-Titusville,3.096,3.543,3.848,-1.2755102040816313
2025-02-12,Melbourne-Titusville,3.056,3.511,3.84,-1.2919896640826933
2025-02-13,Melbourne-Titusville,3.028,3.463,3.806,-0.9162303664921434
2025-02-15,Melbourne-Titusville,2.983,3.413,3.75,-1.4861294583883744
2025-02-16,Melbourne-Titusville,2.973,3.399,3.742,-0.3352329869259263
2025-02-17,Melbourne-Titusville,2.96,3.363,3.696,-0.4372687521022489
2025-02-18,Melbourne-Titusville,3.068,3.549,3.856,3.6486486486486447
2025-02-19,Melbourne-Titusville,3.139,3.576,3.893,2.314211212516293
2025-02-20,Melbourne-Titusville,3.152,3.587,3.896,0.4141446320484299
2025-02-21,Melbourne-Titusville,3.129,3.577,3.882,-0.7296954314720883
2025-02-22,Melbourne-Titusville,3.086,3.541,3.858,-1.3742409715564174
2025-02-23,Melbourne-Titusville,3.065,3.523,3.835,-0.6804925469863887
2025-02-25,Melbourne-Titusville,3.092,3.575,3.887,0.8809135399673762
2025-02-26,Melbourne-Titusville,3.143,3.6,3.92,1.6494178525226388
2025-02-27,Melbourne-Titusville,3.133,3.579,3.898,-0.31816735602926416
2025-02-28,Melbourne-Titusville,3.094,3.553,3.884,-1.2448132780083054
2025-03-01,Melbourne-Titusville,3.066,3.522,3.847,-0.9049773755656076
2025-03-02,Melbourne-Titusville,3.042,3.487,3.815,-0.7827788649706457
2025-03-03,Melbourne-Titusville,3.015,3.456,3.786,-0.8875739644970349
2025-03-04,Melbourne-Titusville,2.971,3.431,3.749,-1.4593698175787706
2025-03-06,Melbourne-Titusville,3.13,3.583,3.903,5.351733423089855
2025-03-07,Melbourne-Titusville,3.118,3.569,3.893,-0.3833865814696469
2025-03-08,Melbourne-Titusville,3.085,3.539,3.866,-1.0583707504810747
2025-03-09,Melbourne-Titusville,3.057,3.513,3.828,-0.9076175040518608
2025-03-10,Melbourne-Titusville,3.035,3.488,3.813,-0.719659797186778
2025-03-11,Melbourne-Titusville,2.994,3.454,3.77,-1.350906095551896
2025-03-12,Melbourne-Titusville,2.96,3.428,3.751,-1.1356045424181782
2025-03-13,Melbourne-Titusville,2.923,3.397,3.708,-1.2499999999999956
2025-03-14,Melbourne-Titusville,3.063,3.55,3.858,4.789599726308591
2025-03-15,Melbourne-Titusville,3.101,3.556,3.862,1.2406137773424586
2025-03-16,Melbourne-Titusville,3.102,3.559,3.865,0.032247662044504466
2025-03-17,Melbourne-Titusville,3.092,3.538,3.859,-0.3223726627981871
2025-03-18,Melbourne-Titusville,3.044,3.518,3.831,-1.5523932729624823
2025-03-19,Melbourne-Titusville,2.991,3.466,3.782,-1.7411300919842332
2025-03-20,Melbourne-Titusville,2.959,3.417,3.744,-1.0698762955533292
2025-03-21,Melbourne-Titusville,2.949,3.384,3.715,-0.33795201081446846
2025-03-22,Melbourne-Titusville,2.927,3.374,3.701,-0.7460155985079653
2025-03-24,Melbourne-Titusville,2.913,3.352,3.665,-0.4783054321831348
2025-03-25,Melbourne-Titusville,3.124,3.523,3.867,7.243391692413326
2025-03-26,Melbourne-Titusville,3.159,3.57,3.914,1.1203585147246953
2025-03-27,Melbourne-Titusville,3.165,3.606,3.929,0.18993352326686086
2025-03-28,Melbourne-Titusville,3.155,3.596,3.929,-0.3159557661927437
2025-03-29,Melbourne-Titusville,3.125,3.57,3.898,-0.9508716323296307
2025-03-30,Melbourne-Titusville,3.096,3.545,3.861,-0.9279999999999955
2025-03-31,Melbourne-Titusville,3.083,3.515,3.845,-0.41989664082686673
2025-04-02,Melbourne-Titusville,3.201,3.644,3.975,3.827440804411286
2025-04-03,Melbourne-Titusville,3.241,3.694,4.012,1.2496094970321892
2025-04-04,Melbourne-Titusville,3.235,3.69,3.996,-0.1851280468991079
2025-04-05,Melbourne-Titusville,3.218,3.664,3.971,-0.5255023183925789
2025-04-06,Melbourne-Titusville,3.193,3.65,3.965,-0.7768800497203188
2025-04-07,Melbourne-Titusville,3.172,3.63,3.947,-0.6576886940181659
2025-04-08,Melbourne-Titusville,3.187,3.658,3.982,0.47288776796972076
2025-04-09,Melbourne-Titusville,3.195,3.649,3.988,0.2510197678067261
2025-04-10,Melbourne-Titusville,3.173,3.632,3.954,-0.6885758998435021
2025-04-11,Melbourne-Titusville,3.144,3.607,3.928,-0.9139615505830423
2025-04-12,Melbourne-Titusville,3.098,3.572,3.89,-1.463104325699749
2025-04-13,Melbourne-Titusville,3.073,3.546,3.864,-0.8069722401549351
2025-04-14,Melbourne-Titusville,3.054,3.509,3.833,-0.6182883176049536
2025-04-15,Melbourne-Titusville,3.007,3.477,3.795,-1.5389652914210794
2025-04-16,Melbourne-Titusville,2.976,3.454,3.768,-1.0309278350515538
2025-04-17,Melbourne-Titusville,2.958,3.441,3.761,-0.6048387096774133
2025-04-18,Melbourne-Titusville,2.968,3.465,3.781,0.33806626098713544
2025-04-19,Melbourne-Titusville,2.958,3.44,3.77,-0.3369272237196741
2025-04-20,Melbourne-Titusville,2.942,3.411,3.746,-0.5409060175794456
2025-04-21,Melbourne-Titusville,2.929,3.389,3.719,-0.44187627464311596
2025-04-22,Melbourne-Titusville,3.05,3.54,3.864,4.1311027654489685
2025-04-23,Melbourne-Titusville,3.114,3.565,3.895,2.0983606557376966
2025-04-24,Melbourne-Titusville,3.131,3.573,3.913,0.5459216441875414
2025-04-25,Melbourne-Titusville,3.103,3.545,3.89,-0.8942829766847571
2025-04-26,Melbourne-Titusville,3.05,3.505,3.845,-1.7080244924266963
2025-04-27,Melbourne-Titusville,3.017,3.485,3.803,-1.081967213114754
2025-04-28,Melbourne-Titusville,2.994,3.442,3.747,-0.7623467020218655
2025-04-29,Melbourne-Titusville,3.01,3.516,3.82,0.5344021376085362
2025-04-30,Melbourne-Titusville,3.141,3.615,3.928,4.352159468438543
2025-05-01,Melbourne-Titusville,3.193,3.633,3.95,1.6555237185609695
2025-05-02,Melbourne-Titusville,3.178,3.622,3.94,-0.4697776385844121
2025-05-03,Melbourne-Titusville,3.13,3.598,3.907,-1.5103838892385202
2025-05-04,Melbourne-Titusville,3.099,3.556,3.86,-0.9904153354632461
2025-05-05,Melbourne-Titusville,3.07,3.527,3.828,-0.9357857373346379
2025-05-06,Melbourne-Titusville,3.027,3.483,3.799,-1.4006514657980307
2025-05-07,Melbourne-Titusville,2.984,3.438,3.771,-1.4205483977535516
2025-05-08,Melbourne-Titusville,2.943,3.405,3.726,-1.3739946380696977
2025-05-09,Melbourne-Titusville,2.911,3.369,3.694,-1.0873258579680578
2025-05-10,Melbourne-Titusville,2.876,3.333,3.692,-1.2023359670216505
2025-05-11,Melbourne-Titusville,2.862,3.316,3.66,-0.48678720445062273
2025-05-12,Melbourne-Titusville,2.849,3.296,3.633,-0.4542278127183774
2025-05-13,Melbourne-Titusville,3.012,3.496,3.842,5.721305721305714
2025-05-14,Melbourne-Titusville,3.098,3.535,3.871,2.8552456839309404
2025-05-15,Melbourne-Titusville,3.126,3.552,3.877,0.9038089089735246
2025-05-16,Melbourne-Titusville,3.089,3.544,3.869,-1.1836212412028146
2025-05-17,Melbourne-Titusville,3.06,3.521,3.842,-0.9388151505341558
2025-05-18,Melbourne-Titusville,3.034,3.479,3.802,-0.8496732026143872
2025-05-19,Melbourne-Titusville,3.02,3.46,3.784,-0.46143704680289277
2025-05-20,Melbourne-Titusville,2.984,3.433,3.757,-1.192052980132452
2025-05-21,Melbourne-Titusville,3.079,3.551,3.896,3.1836461126005355
2025-05-22,Melbourne-Titusville,3.146,3.584,3.915,2.1760311789541964
2025-05-23,Melbourne-Titusville,3.135,3.584,3.91,-0.34965034965035446
2025-05-24,Melbourne-Titusville,3.086,3.54,3.87,-1.562998405103666
2025-05-25,Melbourne-Titusville,3.052,3.494,3.817,-1.101749837977961
2025-05-26,Melbourne-Titusville,3.023,3.448,3.772,-0.9501965923984224
2025-05-27,Melbourne-Titusville,2.99,3.419,3.75,-1.091630830301027
2025-05-28,Melbourne-Titusville,2.943,3.394,3.709,-1.5719063545150513
2025-05-29,Melbourne-Titusville,3.067,3.55,3.862,4.213387699626225
2025-05-30,Melbourne-Titusville,3.13,3.565,3.884,2.0541245516791484
2025-05-31,Melbourne-Titusville,3.092,3.539,3.891,-1.2140575079872096
2025-06-01,Melbourne-Titusville,3.056,3.509,3.858,-1.1642949547218673
2025-06-02,Melbourne-Titusville,3.035,3.474,3.785,-0.6871727748691048
2025-06-03,Melbourne-Titusville,2.992,3.431,3.777,-1.4168039538715038
2025-06-04,Melbourne-Titusville,2.955,3.401,3.751,-1.2366310160427774
2025-06-05,Melbourne-Titusville,3.06,3.543,3.875,3.5532994923857864
2025-06-07,Melbourne-Titusville,3.085,3.547,3.855,0.8169934640522847
2025-06-08,Melbourne-Titusville,3.053,3.51,3.824,-1.0372771474878473
2025-06-09,Melbourne-Titusville,3.019,3.464,3.789,-1.113658696364228
2025-06-10,Melbourne-Titusville,2.965,3.41,3.752,-1.7886717456111367
2025-06-11,Melbourne-Titusville,2.916,3.366,3.714,-1.6526138279932545
2025-06-13,Melbourne-Titusville,2.852,3.311,3.658,-2.1947873799725626
2025-06-14,Melbourne-Titusville,2.836,3.299,3.622,-0.5610098176718092
2025-06-15,Melbourne-Titusville,2.826,3.276,3.598,-0.35260930888574293
2025-06-16,Melbourne-Titusville,2.826,3.252,3.567,0.0
2025-06-17,Melbourne-Titusville,3.029,3.483,3.845,7.1832979476291525
2025-06-18,Melbourne-Titusville,3.141,3.561,3.92,3.697589963684389
2025-06-19,Melbourne-Titusville,3.15,3.59,3.92,0.2865329512893977
2025-06-20,Melbourne-Titusville,3.125,3.572,3.888,-0.7936507936507908
2025-06-21,Melbourne-Titusville,3.091,3.549,3.865,-1.087999999999989
2025-06-22,Melbourne-Titusville,3.074,3.527,3.844,-0.5499838240051846
2025-06-23,Melbourne-Titusville,3.047,3.48,3.81,-0.8783344176968022
2025-06-24,Melbourne-Titusville,3.012,3.467,3.787,-1.1486708237610777
2025-06-25,Melbourne-Titusville,2.987,3.44,3.779,-0.8300132802124827
2025-06-26,Melbourne-Titusville,2.954,3.399,3.744,-1.1047874121191792
2025-06-27,Melbourne-Titusville,2.918,3.379,3.705,-1.2186865267433955
2025-06-28,Melbourne-Titusville,2.887,3.354,3.67,-1.0623714873200907
2025-06-29,Melbourne-Titusville,2.866,3.326,3.658,-0.7273986837547541
2025-06-30,Melbourne-Titusville,2.85,3.301,3.644,-0.5582693649685999
2025-07-01,Melbourne-Titusville,3.032,3.515,3.813,6.385964912280695
2025-07-02,Melbourne-Titusville,3.126,3.57,3.881,3.100263852242735
2025-07-03,Melbourne-Titusville,3.14,3.595,3.914,0.44785668586053706
2025-07-04,Melbourne-Titusville,3.104,3.57,3.89,-1.146496815286624
2025-07-05,Melbourne-Titusville,3.085,3.535,3.863,-0.6121134020618646
2025-07-06,Melbourne-Titusville,3.051,3.496,3.828,-1.1021069692058294
2025-07-07,Melbourne-Titusville,3.03,3.47,3.793,-0.68829891838742
2025-07-08,Melbourne-Titusville,2.985,3.428,3.745,-1.4851485148514865
2025-07-09,Melbourne-Titusville,2.932,3.393,3.72,-1.7755443886097177
2025-07-10,Melbourne-Titusville,2.895,3.354,3.676,-1.261937244201905
2025-07-11,Melbourne-Titusville,2.872,3.342,3.676,-0.7944732297063939
2025-07-12,Melbourne-Titusville,2.855,3.327,3.668,-0.5919220055710328
2025-07-13,Melbourne-Titusville,2.841,3.3,3.623,-0.4903677758318681
2025-07-14,Melbourne-Titusville,2.831,3.27,3.581,-0.35198873636044237
2025-07-15,Melbourne-Titusville,2.885,3.327,3.659,1.9074531967502528
2025-07-16,Melbourne-Titusville,3.084,3.526,3.88,6.897746967071061
2025-07-17,Melbourne-Titusville,3.144,3.557,3.923,1.9455252918287869
2025-07-18,Melbourne-Titusville,3.137,3.582,3.91,-0.22264631043257266
2025-07-19,Melbourne-Titusville,3.097,3.55,3.883,-1.275103602167682
2025-07-20,Melbourne-Titusville,3.071,3.527,3.867,-0.8395221181788814
2025-07-21,Melbourne-Titusville,3.045,3.495,3.825,-0.8466297622924168
2025-07-22,Melbourne-Titusville,3.004,3.454,3.781,-1.3464696223316919
2025-07-23,Melbourne-Titusville,2.963,3.417,3.758,-1.3648468708388761
2025-07-24,Melbourne-Titusville,3.08,3.53,3.869,3.9487006412419756
2025-07-25,Melbourne-Titusville,3.149,3.594,3.918,2.2402597402597424
2025-07-26,Melbourne-Titusville,3.125,3.595,3.908,-0.7621467132422954
2025-07-27,Melbourne-Titusville,3.088,3.553,3.872,-1.1839999999999962
2025-07-28,Melbourne-Titusville,3.055,3.501,3.829,-1.0686528497409253
2025-07-29,Melbourne-Titusville,3.013,3.473,3.81,-1.3747954173486177
2025-07-30,Melbourne-Titusville,2.976,3.44,3.771,-1.2280119482243612
2025-07-31,Melbourne-Titusville,2.941,3.401,3.723,-1.1760752688172116
2025-08-01,Melbourne-Titusville,2.923,3.384,3.719,-0.6120367222033241
2025-08-02,Melbourne-Titusville,2.899,3.359,3.691,-0.8210742387957604
2025-08-03,Melbourne-Titusville,2.881,3.334,3.644,-0.620903759917224
2025-08-04,Melbourne-Titusville,2.864,3.311,3.633,-0.5900728913571629
2025-08-05,Melbourne-Titusville,3.075,3.565,3.886,7.3673184357542
2025-08-06,Melbourne-Titusville,3.144,3.591,3.91,2.2439024390243922
2025-08-07,Melbourne-Titusville,3.146,3.606,3.909,0.06361323155215093
2025-08-08,Melbourne-Titusville,3.105,3.562,3.874,-1.3032422123331222
2025-08-09,Melbourne-Titusville,3.064,3.521,3.853,-1.3204508856682784
2025-08-10,Melbourne-Titusville,3.032,3.498,3.815,-1.0443864229765065
2025-08-11,Melbourne-Titusville,3.005,3.451,3.774,-0.8905013192612166
2025-08-12,Melbourne-Titusville,2.965,3.419,3.754,-1.331114808652245
2025-08-13,Melbourne-Titusville,3.067,3.564,3.882,3.44013490725128
2025-08-14,Melbourne-Titusville,3.149,3.608,3.927,2.6736224323443025
2025-08-15,Melbourne-Titusville,3.14,3.599,3.92,-0.2858050174658566
2025-08-16,Melbourne-Titusville,3.085,3.558,3.881,-1.7515923566879033
2025-08-17,Melbourne-Titusville,3.057,3.53,3.853,-0.9076175040518608
2025-08-18,Melbourne-Titusville,3.045,3.492,3.83,-0.39254170755642637
2025-08-19,Melbourne-Titusville,3.005,3.451,3.794,-1.3136288998357948
2025-08-20,Melbourne-Titusville,2.97,3.43,3.767,-1.1647254575707033
2025-08-21,Melbourne-Titusville,2.942,3.391,3.745,-0.9427609427609451
2025-08-22,Melbourne-Titusville,2.91,3.372,3.727,-1.0876954452753274
2025-08-23,Melbourne-Titusville,2.888,3.359,3.702,-0.7560137457044758
2025-08-24,Melbourne-Titusville,2.879,3.329,3.675,-0.31163434903046516
2025-08-25,Melbourne-Titusville,2.869,3.319,3.663,-0.3473428273706114
2025-08-26,Melbourne-Titusville,3.03,3.496,3.841,5.611711397699537
2025-08-27,Melbourne-Titusville,3.126,3.556,3.911,3.168316831683171
2025-08-28,Melbourne-Titusville,3.157,3.614,3.967,0.9916826615482988
2025-08-29,Melbourne-Titusville,3.139,3.591,3.947,-0.5701615457713083
2025-08-30,Melbourne-Titusville,3.111,3.575,3.908,-0.8920038228735105
2025-08-31,Melbourne-Titusville,3.087,3.553,3.88,-0.7714561234329786
2025-09-01,Melbourne-Titusville,3.067,3.514,3.85,-0.6478781988986104
2025-09-02,Melbourne-Titusville,3.045,3.487,3.814,-0.7173133355070194
2025-09-03,Melbourne-Titusville,3.097,3.566,3.901,1.7077175697865377
2025-09-04,Melbourne-Titusville,3.152,3.588,3.936,1.775912173070715
2025-09-05,Melbourne-Titusville,3.154,3.599,3.946,0.06345177664974777
2025-09-06,Melbourne-Titusville,3.132,3.591,3.932,-0.6975269499048808
2025-09-07,Melbourne-Titusville,3.113,3.566,3.917,-0.606641123882512
2025-09-08,Melbourne-Titusville,3.1,3.555,3.895,-0.41760359781560785
2025-09-09,Melbourne-Titusville,3.059,3.52,3.858,-1.3225806451612865
2025-09-10,Melbourne-Titusville,3.025,3.499,3.831,-1.1114743380189696
2025-09-11,Melbourne-Titusville,2.999,3.465,3.808,-0.8595041322314034
2025-09-12,Melbourne-Titusville,2.969,3.428,3.781,-1.0003334444815049
2025-09-13,Melbourne-Titusville,2.938,3.383,3.749,-1.0441226002020798
2025-09-14,Melbourne-Titusville,2.915,3.375,3.721,-0.7828454731109602
2025-09-15,Melbourne-Titusville,2.948,3.428,3.762,1.132075471698113
2025-09-16,Melbourne-Titusville,3.138,3.615,3.949,6.4450474898235965
2025-09-17,Melbourne-Titusville,3.239,3.65,3.991,3.2186105799872466
2025-09-18,Melbourne-Titusville,3.247,3.668,4.027,0.2469898116702618
2025-09-19,Melbourne-Titusville,3.218,3.656,4.013,-0.8931321219587285
2025-09-20,Melbourne-Titusville,3.183,3.635,3.968,-1.0876320696084574
2025-09-21,Melbourne-Titusville,3.146,3.595,3.926,-1.1624253848570465
2025-09-22,Melbourne-Titusville,3.113,3.546,3.881,-1.0489510489510412
2025-09-23,Melbourne-Titusville,3.068,3.502,3.854,-1.445550915515581
2025-09-24,Melbourne-Titusville,3.018,3.469,3.812,-1.629726205997406
2025-09-25,Melbourne-Titusville,3.0,3.476,3.81,-0.5964214711729587
2025-09-26,Melbourne-Titusville,2.942,3.399,3.751,-1.9333333333333313
2025-09-27,Melbourne-Titusville,2.911,3.368,3.73,-1.0537049626104689
2025-09-28,Melbourne-Titusville,2.886,3.343,3.68,-0.8588114050154583
2025-09-29,Melbourne-Titusville,2.93,3.419,3.738,1.524601524601521
2025-09-30,Melbourne-Titusville,3.062,3.542,3.866,4.505119453924911
2025-10-01,Melbourne-Titusville,3.139,3.581,3.913,2.5146962769431624
2025-10-02,Melbourne-Titusville,3.156,3.61,3.937,0.541573749601798
2025-10-03,Melbourne-Titusville,3.121,3.567,3.901,-1.1089987325728856
2025-10-04,Melbourne-Titusville,3.084,3.546,3.872,-1.1855174623518039
2025-10-05,Melbourne-Titusville,3.059,3.523,3.849,-0.8106355382619945
2025-10-06,Melbourne-Titusville,3.041,3.492,3.824,-0.5884275907159231
2025-10-07,Melbourne-Titusville,3.011,3.47,3.802,-0.9865175928970626
2025-10-08,Melbourne-Titusville,2.967,3.435,3.769,-1.4613085353703092
2025-10-09,Melbourne-Titusville,2.964,3.443,3.781,-0.10111223458039165
2025-10-10,Melbourne-Titusville,2.923,3.375,3.721,-1.3832658569500667
2025-10-11,Melbourne-Titusville,2.909,3.36,3.714,-0.47895997263086576
2025-10-12,Melbourne-Titusville,2.889,3.344,3.692,-0.6875214850464051
2025-10-13,Melbourne-Titusville,2.878,3.34,3.666,-0.38075458636205317
2025-10-14,Melbourne-Titusville,2.935,3.409,3.753,1.9805420430854648
2025-10-15,Melbourne-Titusville,2.967,3.421,3.775,1.090289608177164
2025-10-16,Melbourne-Titusville,2.966,3.413,3.775,-0.03370407819345278
2025-10-17,Melbourne-Titusville,2.937,3.391,3.739,-0.9777478084962987
2025-10-18,Melbourne-Titusville,2.906,3.374,3.705,-1.0554988083077865
2025-10-19,Melbourne-Titusville,2.884,3.353,3.679,-0.7570543702684174
2025-10-20,Melbourne-Titusville,2.874,3.326,3.664,-0.34674063800276267
2025-10-21,Melbourne-Titusville,2.847,3.305,3.643,-0.9394572025052228
2025-10-22,Melbourne-Titusville,2.918,3.403,3.73,2.4938531787846996
2025-10-23,Melbourne-Titusville,2.966,3.427,3.755,1.6449623029472171
2025-10-24,Melbourne-Titusville,2.961,3.42,3.749,-0.1685772083614423
2025-10-25,Melbourne-Titusville,2.938,3.394,3.739,-0.7767646065518274
2025-10-26,Melbourne-Titusville,2.932,3.386,3.714,-0.20422055820287222
2025-10-27,Melbourne-Titusville,2.922,3.378,3.702,-0.3410641200545683
2025-10-28,Melbourne-Titusville,2.891,3.352,3.673,-1.0609171800136985
2025-11-01,Melbourne-Titusville,3.002,3.435,3.778,3.8395019024558996
2025-11-03,Melbourne-Titusville,2.975,3.423,3.761,-0.8994003997334965
2025-11-07,Melbourne-Titusville,2.866,3.332,3.679,-3.663865546218492
2025-11-08,Melbourne-Titusville,2.841,3.307,3.664,-0.8722958827634297
2025-11-09,Melbourne-Titusville,2.824,3.284,3.634,-0.598380851812752
2025-11-11,Melbourne-Titusville,2.893,3.381,3.716,2.4433427762039717
2025-11-14,Melbourne-Titusville,2.943,3.406,3.753,1.7283097131006064
2025-11-15,Melbourne-Titusville,2.92,3.392,3.745,-0.7815154604145502
2025-11-16,Melbourne-Titusville,2.911,3.386,3.728,-0.3082191780821919
2025-11-17,Melbourne-Titusville,2.909,3.375,3.7,-0.06870491240124066
2025-11-21,Melbourne-Titusville,3.151,3.603,3.936,8.319009969061542
2025-11-24,Melbourne-Titusville,3.113,3.588,3.924,-1.2059663598857462
2025-12-02,Melbourne-Titusville,2.993,3.469,3.794,-3.8548024413748827
2025-12-04,Melbourne-Titusville,2.986,3.475,3.793,-0.23387905111926788
2025-12-11,Melbourne-Titusville,2.835,3.314,3.66,-5.056932350971211
2025-12-17,Melbourne-Titusville,2.857,3.375,3.706,0.7760141093474449
2025-12-22,Melbourne-Titusville,2.864,3.342,3.674,0.24501225061250853
2025-12-23,Melbourne-Titusville,2.841,3.324,3.664,-0.803072625698309
2025-12-26,Melbourne-Titusville,2.801,3.278,3.612,-1.4079549454417473
2025-12-27,Melbourne-Titusville,2.773,3.271,3.585,-0.9996429846483412
2025-12-29,Melbourne-Titusville,2.751,3.243,3.566,-0.7933645870898065
2025-12-30,Melbourne-Titusville,2.806,3.312,3.642,1.9992729916394003
2022-01-28,Miami,3.318,3.652,3.906,
2022-01-28,Miami,3.318,3.652,3.906,0.0
2022-03-07,Miami,4.013,4.245,4.523,20.946353224834226
2022-03-07,Miami,4.013,4.245,4.523,0.0
2022-03-08,Miami,4.013,4.245,4.523,0.0
2022-03-08,Miami,4.013,4.245,4.523,0.0
2022-03-22,Miami,4.251,4.66,4.912,5.930725143284343
2022-03-22,Miami,4.251,4.66,4.912,0.0
2022-04-01,Miami,4.238,4.655,4.911,-0.3058103975535187
2022-04-01,Miami,4.238,4.655,4.911,0.0
2022-04-14,Miami,4.085,4.528,4.781,-3.6101934874941066
2022-04-19,Miami,4.124,4.55,4.8,0.9547123623010911
2022-05-11,Miami,4.365,4.718,4.97,5.843840931134836
2022-05-25,Miami,4.583,4.909,5.139,4.994272623138607
2022-05-29,Miami,4.595,4.937,5.15,0.2618372245254186
2022-05-31,Miami,4.594,4.931,5.147,-0.021762785636547655
2022-06-06,Miami,4.789,5.112,5.353,4.244666956900289
2022-06-09,Miami,4.812,5.159,5.409,0.4802672791814677
2022-06-25,Miami,4.766,5.185,5.464,-0.9559434746467255
2022-06-26,Miami,4.757,5.167,5.453,-0.18883759966429325
2022-06-27,Miami,4.757,5.167,5.453,0.0
2022-06-29,Miami,4.71,5.135,5.418,-0.988017658187923
2022-06-30,Miami,4.703,5.129,5.415,-0.14861995753714385
2022-07-02,Miami,4.659,5.103,5.384,-0.9355730384860816
2022-07-10,Miami,4.522,4.985,5.259,-2.9405451813693806
2022-08-01,Miami,4.029,4.511,4.779,-10.902255639097746
2022-09-22,Miami,3.462,3.898,4.12,-14.072970960536102
2022-09-23,Miami,3.452,3.888,4.122,-0.2888503755054894
2022-09-27,Miami,3.45,3.882,4.119,-0.057937427578214074
2022-10-02,Miami,3.324,3.81,4.033,-3.6521739130434883
2022-10-03,Miami,3.288,3.742,3.983,-1.0830324909747335
2022-10-04,Miami,3.243,3.683,3.939,-1.3686131386861256
2022-11-05,Miami,3.474,3.827,4.086,7.123034227567082
2022-11-10,Miami,3.582,3.901,4.153,3.1088082901554293
2022-11-21,Miami,3.489,3.873,4.115,-2.596314907872699
2022-11-26,Miami,3.451,3.837,4.095,-1.089137288621378
2022-11-28,Miami,3.445,3.83,4.089,-0.1738626485076833
2022-11-30,Miami,3.431,3.83,4.075,-0.40638606676342004
2022-12-01,Miami,3.413,3.817,4.065,-0.5246283882250125
2022-12-05,Miami,3.354,3.761,4.032,-1.7286844418400116
2022-12-07,Miami,3.34,3.753,4.014,-0.4174120453190322
2022-12-08,Miami,3.299,3.733,3.99,-1.2275449101796343
2022-12-10,Miami,3.285,3.717,3.964,-0.4243710215216634
2023-01-19,Miami,3.444,3.794,4.056,4.840182648401825
2023-03-23,Miami,3.425,3.811,4.058,-0.5516840882694551
2023-03-27,Miami,3.397,3.788,4.042,-0.8175182481751864
2023-03-30,Miami,3.447,3.808,4.069,1.4718869590815586
2023-04-02,Miami,3.465,3.818,4.086,0.5221932114882533
2023-04-03,Miami,3.465,3.82,4.076,0.0
2023-05-15,Miami,3.575,3.914,4.139,3.1746031746031855
2023-05-16,Miami,3.571,3.926,4.134,-0.11188811188811432
2023-05-17,Miami,3.557,3.914,4.134,-0.39204704564548276
2023-05-18,Miami,3.541,3.909,4.119,-0.44981726173741743
2023-05-22,Miami,3.517,3.875,4.098,-0.6777746399322271
2023-05-24,Miami,3.501,3.866,4.098,-0.4549331816889435
2023-05-25,Miami,3.488,3.856,4.09,-0.37132247929162476
2023-05-26,Miami,3.484,3.846,4.089,-0.11467889908256534
2023-05-30,Miami,3.488,3.828,4.081,0.11481056257176547
2023-05-31,Miami,3.475,3.84,4.085,-0.3727064220183429
2023-06-01,Miami,3.472,3.843,4.082,-0.08633093525179936
2023-06-06,Miami,3.437,3.809,4.05,-1.008064516129037
2023-06-07,Miami,3.426,3.804,4.046,-0.3200465522257723
2023-06-09,Miami,3.437,3.824,4.052,0.321074138937516
2023-06-10,Miami,3.437,3.824,4.052,0.0
2023-06-13,Miami,3.482,3.853,4.085,1.3092813500145573
2023-06-14,Miami,3.471,3.848,4.078,-0.31591039632395956
2023-06-16,Miami,3.46,3.837,4.072,-0.31691155286661665
2023-06-23,Miami,3.407,3.777,4.031,-1.531791907514446
2023-07-04,Miami,3.323,3.713,3.977,-2.46551218080423
2023-11-11,Miami,3.248,3.692,3.938,-2.2569966897381777
2023-11-29,Miami,3.152,3.6,3.86,-2.9556650246305494
2024-01-18,Miami,3.083,3.546,3.809,-2.1890862944162426
2024-02-21,Miami,3.348,3.766,4.03,8.595523840415176
2024-02-26,Miami,3.335,3.755,4.008,-0.3882915173237689
2024-02-27,Miami,3.32,3.749,4.011,-0.4497751124437843
2024-02-28,Miami,3.343,3.763,4.022,0.6927710843373625
2024-03-01,Miami,3.368,3.789,4.042,0.7478312892611472
2024-03-02,Miami,3.361,3.787,4.038,-0.20783847980996306
2024-03-04,Miami,3.359,3.785,4.038,-0.05950609937519502
2024-03-05,Miami,3.352,3.767,4.034,-0.20839535576064883
2024-04-11,Miami,3.578,3.959,4.163,6.742243436754181
2024-04-22,Miami,3.58,3.968,4.172,0.05589714924538747
2024-04-23,Miami,3.58,3.968,4.172,0.0
2024-05-06,Miami,3.602,4.0,4.191,0.614525139664801
2024-05-19,Miami,3.496,3.91,4.116,-2.9428095502498586
2024-05-24,Miami,3.551,3.952,4.156,1.5732265446224192
2024-05-31,Miami,3.514,3.928,4.129,-1.0419600112644423
2024-06-03,Miami,3.485,3.904,4.11,-0.8252703471826939
2024-06-12,Miami,3.364,3.796,4.034,-3.472022955523668
2024-06-16,Miami,3.332,3.765,4.002,-0.9512485136741966
2024-06-20,Miami,3.369,3.789,4.011,1.1104441776710772
2024-06-21,Miami,3.369,3.789,4.011,0.0
2024-06-23,Miami,3.384,3.795,4.024,0.44523597506678225
2024-06-29,Miami,3.373,3.794,4.032,-0.3250591016548343
2024-07-04,Miami,3.466,3.835,4.059,2.7571894455973966
2024-07-09,Miami,3.449,3.841,4.064,-0.490478938257366
2024-07-10,Miami,3.449,3.841,4.064,0.0
2024-07-12,Miami,3.515,3.882,4.107,1.9135981443896943
2024-07-18,Miami,3.453,3.842,4.079,-1.7638691322901967
2024-07-22,Miami,3.368,3.794,4.044,-2.461627570228786
2024-07-24,Miami,3.431,3.816,4.057,1.8705463182898008
2024-07-25,Miami,3.431,3.816,4.057,0.0
2024-08-01,Miami,3.404,3.795,4.046,-0.7869425823375131
2024-08-11,Miami,3.344,3.765,4.022,-1.762632197414804
2024-08-16,Miami,3.368,3.777,4.022,0.7177033492822948
2024-08-17,Miami,3.368,3.777,4.022,0.0
2024-08-18,Miami,3.337,3.757,4.007,-0.9204275534441697
2024-08-19,Miami,3.328,3.734,3.992,-0.2697033263410309
2024-08-20,Miami,3.328,3.734,3.992,0.0
2024-09-07,Miami,3.196,3.631,3.895,-3.9663461538461453
2024-09-09,Miami,3.151,3.582,3.858,-1.4080100125156592
2024-09-16,Miami,3.115,3.545,3.839,-1.1424944462075426
2024-09-19,Miami,3.133,3.571,3.832,0.5778491171749556
2024-09-21,Miami,3.107,3.546,3.816,-0.8298755186721962
2024-09-23,Miami,3.107,3.546,3.816,0.0
2024-09-24,Miami,3.118,3.535,3.817,0.3540392661731451
2024-09-25,Miami,3.118,3.535,3.817,0.0
2024-09-26,Miami,3.159,3.566,3.838,1.3149454778704328
2024-09-27,Miami,3.168,3.591,3.861,0.2849002849002913
2024-10-01,Miami,3.142,3.588,3.838,-0.8207070707070829
2024-10-02,Miami,3.127,3.577,3.832,-0.47740292807129103
2024-10-04,Miami,3.108,3.557,3.82,-0.6076111288775055
2024-10-06,Miami,3.092,3.521,3.806,-0.5148005148005175
2024-10-09,Miami,3.1,3.539,3.814,0.2587322121604174
2024-10-13,Miami,3.102,3.521,3.812,0.0645161290322438
2024-10-21,Miami,3.081,3.525,3.802,-0.6769825918762074
2024-11-01,Miami,3.067,3.514,3.757,-0.4543979227523476
2024-11-02,Miami,3.067,3.514,3.757,0.0
2024-11-04,Miami,3.033,3.483,3.732,-1.1085751548744804
2024-11-05,Miami,3.064,3.528,3.762,1.0220903395977698
2024-11-06,Miami,3.108,3.537,3.77,1.436031331592691
2024-11-07,Miami,3.12,3.545,3.782,0.38610038610038533
2024-11-08,Miami,3.106,3.531,3.773,-0.4487179487179582
2024-11-10,Miami,3.083,3.515,3.764,-0.7405022537025019
2024-11-11,Miami,3.075,3.495,3.754,-0.259487512163481
2024-11-12,Miami,3.057,3.481,3.743,-0.5853658536585482
2024-11-13,Miami,3.04,3.485,3.73,-0.5561007523716022
2024-11-14,Miami,3.021,3.476,3.712,-0.6250000000000089
2024-11-15,Miami,3.051,3.48,3.719,0.9930486593843213
2024-11-16,Miami,3.087,3.52,3.749,1.179941002949847
2024-11-17,Miami,3.092,3.523,3.764,0.16196954972464983
2024-11-18,Miami,3.092,3.53,3.768,0.0
2024-11-19,Miami,3.074,3.53,3.748,-0.5821474773609392
2024-11-20,Miami,3.048,3.507,3.727,-0.8458035133376618
2024-11-21,Miami,3.031,3.49,3.714,-0.5577427821522263
2024-11-22,Miami,3.012,3.468,3.701,-0.6268558231606769
2024-11-24,Miami,3.06,3.505,3.734,1.5936254980079667
2024-11-25,Miami,3.076,3.51,3.758,0.5228758169934622
2024-11-26,Miami,3.076,3.515,3.744,0.0
2024-11-27,Miami,3.073,3.505,3.736,-0.09752925877763996
2024-11-28,Miami,3.073,3.506,3.739,0.0
2024-12-01,Miami,3.061,3.487,3.725,-0.3904978848031204
2024-12-02,Miami,3.063,3.48,3.709,0.0653381247958329
2024-12-03,Miami,3.026,3.475,3.696,-1.2079660463597874
2024-12-05,Miami,2.994,3.437,3.676,-1.0575016523463154
2024-12-06,Miami,2.974,3.422,3.669,-0.6680026720106924
2024-12-07,Miami,2.994,3.454,3.695,0.672494956287828
2024-12-08,Miami,3.039,3.486,3.708,1.503006012024044
2024-12-09,Miami,3.063,3.508,3.728,0.7897334649555887
2024-12-10,Miami,3.058,3.5,3.73,-0.163238654913489
2024-12-11,Miami,3.033,3.48,3.709,-0.8175277959450611
2024-12-12,Miami,3.01,3.456,3.695,-0.7583250906693095
2024-12-13,Miami,2.998,3.447,3.689,-0.39867109634550424
2024-12-16,Miami,3.079,3.522,3.754,2.7018012008005243
2024-12-17,Miami,3.078,3.526,3.746,-0.03247807729783725
2024-12-18,Miami,3.051,3.502,3.714,-0.877192982456132
2024-12-19,Miami,3.023,3.482,3.701,-0.9177318911832155
2024-12-20,Miami,3.005,3.469,3.695,-0.5954349983460228
2024-12-23,Miami,2.982,3.443,3.664,-0.7653910149750365
2024-12-24,Miami,3.027,3.481,3.704,1.5090543259557387
2024-12-27,Miami,3.055,3.478,3.702,0.9250082590023023
2024-12-28,Miami,3.04,3.471,3.698,-0.49099836333879043
2024-12-29,Miami,3.034,3.471,3.694,-0.19736842105263497
2024-12-30,Miami,3.029,3.463,3.682,-0.1647989452867482
2025-01-01,Miami,3.041,3.485,3.714,0.3961703532519012
2025-01-02,Miami,3.073,3.5,3.731,1.0522854324235498
2025-01-03,Miami,3.095,3.517,3.733,0.7159127888057393
2025-01-05,Miami,3.082,3.523,3.73,-0.42003231017772036
2025-01-06,Miami,3.082,3.51,3.732,0.0
2025-01-07,Miami,3.07,3.501,3.729,-0.3893575600259602
2025-01-08,Miami,3.053,3.499,3.705,-0.5537459283387558
2025-01-09,Miami,3.079,3.514,3.735,0.8516213560432417
2025-01-11,Miami,3.104,3.523,3.751,0.811951932445587
2025-01-13,Miami,3.086,3.515,3.741,-0.5798969072165039
2025-01-14,Miami,3.119,3.546,3.769,1.0693454309786299
2025-01-15,Miami,3.172,3.568,3.793,1.6992625841615983
2025-01-16,Miami,3.176,3.574,3.801,0.12610340479193294
2025-01-17,Miami,3.167,3.571,3.803,-0.28337531486146705
2025-01-18,Miami,3.156,3.566,3.792,-0.347331859804223
2025-01-19,Miami,3.145,3.56,3.78,-0.34854245880862056
2025-01-20,Miami,3.146,3.557,3.797,0.031796502384739966
2025-01-21,Miami,3.135,3.543,3.784,-0.34965034965035446
2025-01-23,Miami,3.101,3.53,3.763,-1.0845295055821325
2025-01-24,Miami,3.122,3.551,3.774,0.6772009029345272
2025-01-26,Miami,3.18,3.596,3.807,1.8577834721332565
2025-01-27,Miami,3.172,3.582,3.798,-0.2515723270440251
2025-01-28,Miami,3.149,3.575,3.785,-0.7250945775535977
2025-01-30,Miami,3.099,3.53,3.752,-1.5878056525881146
2025-02-01,Miami,3.068,3.506,3.74,-1.0003226847370206
2025-02-02,Miami,3.059,3.499,3.721,-0.2933507170795324
2025-02-03,Miami,3.056,3.494,3.718,-0.09807126511932607
2025-02-04,Miami,3.122,3.541,3.775,2.159685863874339
2025-02-06,Miami,3.197,3.602,3.824,2.4023062139654217
2025-02-07,Miami,3.197,3.602,3.824,0.0
2025-02-09,Miami,3.153,3.583,3.796,-1.3762902721301207
2025-02-10,Miami,3.147,3.567,3.791,-0.19029495718364542
2025-02-11,Miami,3.123,3.557,3.768,-0.7626310772163802
2025-02-12,Miami,3.103,3.533,3.759,-0.6404098623118748
2025-02-13,Miami,3.085,3.514,3.737,-0.5800837898807698
2025-02-15,Miami,3.056,3.508,3.72,-0.9400324149108519
2025-02-16,Miami,3.049,3.478,3.712,-0.22905759162303863
2025-02-17,Miami,3.044,3.464,3.714,-0.16398819285010635
2025-02-18,Miami,3.087,3.511,3.756,1.4126149802891064
2025-02-19,Miami,3.131,3.529,3.775,1.4253320375769318
2025-02-20,Miami,3.128,3.548,3.771,-0.09581603321621168
2025-02-21,Miami,3.113,3.549,3.757,-0.4795396419437381
2025-02-22,Miami,3.093,3.529,3.749,-0.6424670735624805
2025-02-23,Miami,3.079,3.508,3.738,-0.4526349822179032
2025-02-25,Miami,3.078,3.514,3.745,-0.03247807729783725
2025-02-26,Miami,3.107,3.524,3.755,0.9421702404158738
2025-02-27,Miami,3.102,3.521,3.753,-0.16092693916962553
2025-02-28,Miami,3.077,3.509,3.742,-0.8059316569954844
2025-03-01,Miami,3.054,3.489,3.729,-0.7474813129671798
2025-03-02,Miami,3.039,3.476,3.717,-0.4911591355599154
2025-03-03,Miami,3.03,3.454,3.699,-0.29615004935835687
2025-03-04,Miami,3.007,3.448,3.69,-0.759075907590745
2025-03-06,Miami,3.074,3.492,3.728,2.2281343531759035
2025-03-07,Miami,3.067,3.499,3.733,-0.22771633051398288
2025-03-08,Miami,3.054,3.499,3.724,-0.42386697098142356
2025-03-09,Miami,3.039,3.474,3.716,-0.4911591355599154
2025-03-10,Miami,3.035,3.456,3.698,-0.1316222441592685
2025-03-11,Miami,3.012,3.447,3.694,-0.7578253706754579
2025-03-12,Miami,2.994,3.435,3.683,-0.5976095617529764
2025-03-13,Miami,2.978,3.429,3.66,-0.5344021376085473
2025-03-14,Miami,3.014,3.47,3.703,1.2088650100738674
2025-03-15,Miami,3.03,3.474,3.701,0.5308560053085554
2025-03-16,Miami,3.038,3.485,3.705,0.26402640264027166
2025-03-17,Miami,3.05,3.48,3.719,0.39499670836076195
2025-03-18,Miami,3.027,3.468,3.709,-0.7540983606557305
2025-03-19,Miami,3.01,3.462,3.69,-0.5616121572514121
2025-03-20,Miami,2.987,3.459,3.678,-0.7641196013288942
2025-03-21,Miami,2.973,3.444,3.669,-0.46869768998996086
2025-03-22,Miami,2.966,3.421,3.657,-0.23545240497812037
2025-03-24,Miami,2.952,3.374,3.628,-0.47201618341200513
2025-03-25,Miami,3.027,3.437,3.696,2.5406504065040636
2025-03-26,Miami,3.094,3.494,3.748,2.213412619755517
2025-03-27,Miami,3.118,3.524,3.753,0.7756948933419494
2025-03-28,Miami,3.098,3.51,3.745,-0.6414368184733843
2025-03-29,Miami,3.086,3.505,3.737,-0.3873466752743693
2025-03-30,Miami,3.083,3.502,3.729,-0.09721322099804919
2025-03-31,Miami,3.067,3.49,3.726,-0.5189750243269509
2025-04-02,Miami,3.095,3.521,3.741,0.9129442451907499
2025-04-03,Miami,3.162,3.555,3.783,2.1647819063004725
2025-04-04,Miami,3.164,3.567,3.8,0.06325110689437974
2025-04-05,Miami,3.131,3.553,3.772,-1.0429835651074693
2025-04-06,Miami,3.113,3.544,3.764,-0.5748961992973478
2025-04-07,Miami,3.11,3.531,3.757,-0.09637006103437873
2025-04-08,Miami,3.112,3.55,3.758,0.06430868167204284
2025-04-09,Miami,3.129,3.557,3.763,0.5462724935732632
2025-04-10,Miami,3.105,3.543,3.752,-0.7670182166826467
2025-04-11,Miami,3.076,3.516,3.735,-0.9339774557165836
2025-04-12,Miami,3.056,3.498,3.716,-0.6501950585175553
2025-04-13,Miami,3.044,3.49,3.702,-0.39267015706806463
2025-04-14,Miami,3.036,3.469,3.698,-0.26281208935611255
2025-04-15,Miami,3.008,3.456,3.689,-0.9222661396574461
2025-04-16,Miami,2.992,3.443,3.677,-0.5319148936170248
2025-04-17,Miami,2.984,3.434,3.658,-0.2673796791443861
2025-04-18,Miami,3.007,3.454,3.674,0.7707774798927591
2025-04-19,Miami,3.012,3.459,3.682,0.166278683072818
2025-04-20,Miami,3.005,3.451,3.676,-0.23240371845949515
2025-04-21,Miami,2.999,3.429,3.661,-0.19966722129782788
2025-04-22,Miami,3.035,3.475,3.697,1.200400133377788
2025-04-23,Miami,3.074,3.494,3.72,1.2850082372322769
2025-04-24,Miami,3.068,3.503,3.721,-0.19518542615484247
2025-04-25,Miami,3.045,3.498,3.714,-0.7496740547588088
2025-04-26,Miami,3.03,3.475,3.703,-0.49261083743842304
2025-04-27,Miami,3.012,3.467,3.687,-0.5940594059405835
2025-04-28,Miami,3.004,3.441,3.676,-0.26560424966799445
2025-04-29,Miami,2.999,3.454,3.675,-0.1664447403462055
2025-04-30,Miami,3.055,3.503,3.725,1.8672890963654654
2025-05-01,Miami,3.103,3.528,3.753,1.571194762684125
2025-05-02,Miami,3.069,3.524,3.732,-1.0957138253303356
2025-05-03,Miami,3.043,3.498,3.724,-0.8471814923427745
2025-05-04,Miami,3.029,3.478,3.705,-0.46007229707526465
2025-05-05,Miami,3.015,3.462,3.689,-0.4621987454605403
2025-05-06,Miami,2.986,3.445,3.677,-0.9618573797678276
2025-05-07,Miami,2.964,3.42,3.65,-0.7367716008037539
2025-05-08,Miami,2.942,3.404,3.637,-0.7422402159244168
2025-05-09,Miami,2.928,3.399,3.627,-0.47586675730796335
2025-05-10,Miami,2.915,3.373,3.61,-0.44398907103825325
2025-05-11,Miami,2.909,3.364,3.601,-0.20583190394511952
2025-05-12,Miami,2.904,3.358,3.603,-0.17188037126160127
2025-05-13,Miami,2.984,3.427,3.663,2.754820936639124
2025-05-14,Miami,3.06,3.48,3.71,2.5469168900804418
2025-05-15,Miami,3.079,3.503,3.732,0.6209150326797364
2025-05-16,Miami,3.062,3.502,3.726,-0.5521273140630223
2025-05-17,Miami,3.04,3.484,3.707,-0.7184846505551845
2025-05-18,Miami,3.031,3.475,3.698,-0.2960526315789469
2025-05-19,Miami,3.019,3.451,3.682,-0.395908940943579
2025-05-20,Miami,2.997,3.44,3.669,-0.7287181185823166
2025-05-21,Miami,3.025,3.475,3.691,0.9342676009342687
2025-05-22,Miami,3.075,3.499,3.719,1.6528925619834878
2025-05-23,Miami,3.067,3.514,3.715,-0.2601626016260128
2025-05-24,Miami,3.043,3.504,3.706,-0.7825236387349221
2025-05-25,Miami,3.027,3.484,3.695,-0.5257969109431437
2025-05-26,Miami,3.021,3.458,3.669,-0.1982160555004997
2025-05-27,Miami,3.009,3.448,3.669,-0.3972194637537285
2025-05-28,Miami,2.979,3.438,3.664,-0.9970089730807485
2025-05-29,Miami,3.011,3.465,3.696,1.0741859684457955
2025-05-30,Miami,3.048,3.473,3.706,1.2288276320159497
2025-05-31,Miami,3.042,3.472,3.701,-0.19685039370079815
2025-06-01,Miami,3.028,3.468,3.697,-0.460223537146609
2025-06-02,Miami,3.018,3.449,3.684,-0.33025099075297826
2025-06-03,Miami,2.999,3.442,3.674,-0.6295559973492293
2025-06-04,Miami,2.984,3.429,3.662,-0.5001667222407469
2025-06-05,Miami,3.011,3.471,3.686,0.9048257372654245
2025-06-07,Miami,3.039,3.48,3.71,0.9299236134174604
2025-06-08,Miami,3.026,3.471,3.701,-0.42777229351761425
2025-06-09,Miami,3.012,3.456,3.677,-0.46265697290150953
2025-06-10,Miami,2.991,3.443,3.673,-0.6972111553784854
2025-06-11,Miami,2.972,3.43,3.66,-0.6352390504847927
2025-06-13,Miami,2.938,3.402,3.627,-1.144010767160153
2025-06-14,Miami,2.935,3.388,3.616,-0.10211027910143056
2025-06-15,Miami,2.937,3.376,3.615,0.06814310051106443
2025-06-16,Miami,2.937,3.37,3.617,0.0
2025-06-17,Miami,3.032,3.455,3.697,3.2345931222335755
2025-06-18,Miami,3.104,3.517,3.739,2.37467018469657
2025-06-19,Miami,3.131,3.552,3.771,0.8698453608247281
2025-06-20,Miami,3.127,3.561,3.775,-0.1277547109549637
2025-06-21,Miami,3.117,3.549,3.76,-0.3197953309881596
2025-06-22,Miami,3.115,3.533,3.755,-0.06416426050689372
2025-06-23,Miami,3.105,3.524,3.743,-0.32102728731943087
2025-06-24,Miami,3.097,3.526,3.741,-0.25764895330112614
2025-06-25,Miami,3.081,3.517,3.739,-0.5166289958023929
2025-06-26,Miami,3.059,3.492,3.718,-0.7140538786108319
2025-06-27,Miami,3.032,3.486,3.706,-0.8826413860738902
2025-06-28,Miami,3.004,3.471,3.689,-0.923482849604218
2025-06-29,Miami,2.993,3.453,3.675,-0.3661784287616543
2025-06-30,Miami,2.992,3.429,3.662,-0.03341129301703827
2025-07-01,Miami,3.027,3.476,3.703,1.1697860962566864
2025-07-02,Miami,3.089,3.516,3.74,2.0482325735051043
2025-07-03,Miami,3.103,3.536,3.75,0.4532211071544223
2025-07-04,Miami,3.089,3.534,3.738,-0.4511762810183728
2025-07-05,Miami,3.079,3.519,3.736,-0.3237293622531445
2025-07-06,Miami,3.069,3.492,3.719,-0.32478077297825036
2025-07-07,Miami,3.067,3.488,3.715,-0.06516780710328351
2025-07-08,Miami,3.045,3.486,3.698,-0.7173133355070194
2025-07-09,Miami,3.02,3.478,3.69,-0.8210180623973717
2025-07-10,Miami,3.002,3.462,3.681,-0.5960264900662371
2025-07-11,Miami,2.988,3.452,3.667,-0.4663557628247772
2025-07-12,Miami,2.977,3.436,3.656,-0.3681392235609149
2025-07-13,Miami,2.966,3.417,3.643,-0.3694994961370379
2025-07-14,Miami,2.949,3.407,3.628,-0.5731625084288705
2025-07-15,Miami,2.961,3.411,3.635,0.4069175991861629
2025-07-16,Miami,3.055,3.487,3.705,3.1746031746031855
2025-07-17,Miami,3.126,3.541,3.75,2.3240589198035844
2025-07-18,Miami,3.116,3.558,3.763,-0.31989763275751537
2025-07-19,Miami,3.098,3.55,3.755,-0.5776636713735628
2025-07-20,Miami,3.087,3.533,3.744,-0.35506778566816166
2025-07-21,Miami,3.078,3.519,3.723,-0.291545189504383
2025-07-22,Miami,3.041,3.491,3.691,-1.202079272254708
2025-07-23,Miami,3.015,3.469,3.681,-0.8549819138441217
2025-07-24,Miami,3.053,3.499,3.715,1.2603648424543978
2025-07-25,Miami,3.094,3.543,3.747,1.3429413691451009
2025-07-26,Miami,3.081,3.552,3.751,-0.42016806722688926
2025-07-27,Miami,3.063,3.526,3.721,-0.5842259006815897
2025-07-28,Miami,3.054,3.51,3.71,-0.2938295788442846
2025-07-29,Miami,3.023,3.477,3.687,-1.0150622134904919
2025-07-30,Miami,3.001,3.463,3.672,-0.727753886867355
2025-07-31,Miami,2.981,3.451,3.663,-0.6664445184938361
2025-08-01,Miami,2.966,3.442,3.647,-0.5031868500503078
2025-08-02,Miami,2.951,3.434,3.641,-0.5057316250842936
2025-08-03,Miami,2.955,3.416,3.638,0.13554727211115836
2025-08-04,Miami,2.951,3.393,3.624,-0.1353637901861271
2025-08-05,Miami,3.005,3.468,3.674,1.8298881735004935
2025-08-06,Miami,3.05,3.506,3.703,1.4975041597337757
2025-08-07,Miami,3.051,3.511,3.72,0.03278688524590567
2025-08-08,Miami,3.03,3.496,3.714,-0.68829891838742
2025-08-09,Miami,3.004,3.464,3.697,-0.8580858085808551
2025-08-10,Miami,2.996,3.451,3.685,-0.26631158455392434
2025-08-11,Miami,2.986,3.43,3.661,-0.33377837116154163
2025-08-12,Miami,2.957,3.435,3.646,-0.9711989283322287
2025-08-13,Miami,2.991,3.478,3.682,1.1498140006763746
2025-08-14,Miami,3.052,3.5,3.713,2.039451688398519
2025-08-15,Miami,3.061,3.508,3.717,0.2948885976408855
2025-08-16,Miami,3.037,3.497,3.711,-0.7840574975498171
2025-08-17,Miami,3.021,3.478,3.698,-0.5268356931182105
2025-08-18,Miami,3.018,3.462,3.681,-0.09930486593843213
2025-08-19,Miami,2.995,3.457,3.674,-0.7620941020543337
2025-08-20,Miami,2.973,3.441,3.672,-0.7345575959933348
2025-08-21,Miami,2.955,3.421,3.666,-0.6054490413723412
2025-08-22,Miami,2.943,3.413,3.651,-0.4060913705583813
2025-08-23,Miami,2.94,3.409,3.637,-0.10193679918450993
2025-08-24,Miami,2.936,3.395,3.626,-0.1360544217687054
2025-08-25,Miami,2.939,3.373,3.631,0.1021798365122617
2025-08-26,Miami,3.002,3.459,3.685,2.1435862538278228
2025-08-27,Miami,3.08,3.519,3.735,2.5982678214523824
2025-08-28,Miami,3.093,3.531,3.75,0.4220779220779125
2025-08-29,Miami,3.072,3.516,3.737,-0.6789524733268659
2025-08-30,Miami,3.043,3.502,3.717,-0.944010416666663
2025-08-31,Miami,3.035,3.483,3.701,-0.26289845547157187
2025-09-01,Miami,3.027,3.479,3.694,-0.2635914332784206
2025-09-02,Miami,3.018,3.45,3.677,-0.29732408325074955
2025-09-03,Miami,3.042,3.503,3.723,0.7952286282306265
2025-09-04,Miami,3.079,3.522,3.737,1.2163050624589111
2025-09-05,Miami,3.066,3.52,3.724,-0.4222150048717177
2025-09-06,Miami,3.045,3.509,3.702,-0.6849315068493067
2025-09-07,Miami,3.027,3.489,3.693,-0.5911330049261032
2025-09-08,Miami,3.019,3.474,3.698,-0.26428807400066257
2025-09-09,Miami,2.997,3.453,3.684,-0.7287181185823166
2025-09-10,Miami,2.978,3.443,3.668,-0.633967300633953
2025-09-11,Miami,2.963,3.431,3.651,-0.503693754197454
2025-09-12,Miami,2.949,3.416,3.641,-0.47249409382383867
2025-09-13,Miami,2.932,3.415,3.623,-0.5764665988470585
2025-09-14,Miami,2.924,3.397,3.62,-0.27285129604365244
2025-09-15,Miami,2.946,3.406,3.636,0.752393980848165
2025-09-16,Miami,3.031,3.475,3.688,2.885268160217236
2025-09-17,Miami,3.133,3.538,3.748,3.365225998020449
2025-09-18,Miami,3.146,3.567,3.776,0.4149377593360981
2025-09-19,Miami,3.132,3.567,3.768,-0.4450095359186168
2025-09-20,Miami,3.107,3.547,3.769,-0.7982120051085562
2025-09-21,Miami,3.092,3.528,3.752,-0.4827808175088544
2025-09-22,Miami,3.081,3.513,3.723,-0.35575679172057395
2025-09-23,Miami,3.052,3.497,3.714,-0.9412528399870168
2025-09-24,Miami,3.025,3.477,3.7,-0.8846657929226787
2025-09-25,Miami,3.007,3.448,3.67,-0.5950413223140383
2025-09-26,Miami,2.979,3.443,3.651,-0.9311606252078497
2025-09-27,Miami,2.962,3.423,3.644,-0.5706612957368185
2025-09-28,Miami,2.949,3.402,3.638,-0.4388926401080462
2025-09-29,Miami,2.959,3.426,3.655,0.3390979993218135
2025-09-30,Miami,3.012,3.482,3.705,1.7911456573166618
2025-10-01,Miami,3.057,3.507,3.729,1.4940239043824688
2025-10-02,Miami,3.055,3.507,3.731,-0.06542361792606366
2025-10-03,Miami,3.038,3.491,3.706,-0.5564648117839743
2025-10-04,Miami,3.012,3.473,3.702,-0.8558262014483176
2025-10-05,Miami,3.002,3.46,3.691,-0.33200531208500417
2025-10-06,Miami,2.997,3.447,3.676,-0.16655562958027836
2025-10-07,Miami,2.978,3.436,3.667,-0.633967300633953
2025-10-08,Miami,2.957,3.42,3.65,-0.7051712558764356
2025-10-09,Miami,2.944,3.405,3.644,-0.4396347649644916
2025-10-10,Miami,2.923,3.396,3.629,-0.7133152173912971
2025-10-11,Miami,2.914,3.387,3.612,-0.3079028395484018
2025-10-12,Miami,2.904,3.379,3.6,-0.34317089910775866
2025-10-13,Miami,2.904,3.361,3.597,0.0
2025-10-14,Miami,2.922,3.383,3.627,0.6198347107438051
2025-10-15,Miami,2.955,3.415,3.644,1.129363449691989
2025-10-16,Miami,2.952,3.43,3.648,-0.10152284263960087
2025-10-17,Miami,2.93,3.41,3.635,-0.7452574525745215
2025-10-18,Miami,2.907,3.383,3.619,-0.7849829351535886
2025-10-19,Miami,2.89,3.369,3.609,-0.5847953216374213
2025-10-20,Miami,2.878,3.349,3.586,-0.41522491349480495
2025-10-21,Miami,2.859,3.346,3.574,-0.6601806810284994
2025-10-22,Miami,2.874,3.372,3.604,0.5246589716684236
2025-10-23,Miami,2.902,3.389,3.614,0.9742519137091232
2025-10-24,Miami,2.909,3.384,3.609,0.2412129565816601
2025-10-25,Miami,2.917,3.386,3.617,0.2750085940185665
2025-10-26,Miami,2.92,3.393,3.627,0.1028453890983938
2025-10-27,Miami,2.917,3.39,3.615,-0.102739726027401
2025-10-28,Miami,2.906,3.378,3.612,-0.37709976002741064
2025-11-01,Miami,2.957,3.421,3.658,1.7549896765313155
2025-11-03,Miami,2.958,3.413,3.647,0.033818058843437804
2025-11-07,Miami,2.881,3.36,3.604,-2.6031102096011005
2025-11-08,Miami,2.869,3.341,3.579,-0.4165220409579895
2025-11-09,Miami,2.862,3.337,3.576,-0.2439874520739016
2025-11-11,Miami,2.909,3.361,3.613,1.6422082459818244
2025-11-14,Miami,2.951,3.402,3.647,1.4437951185974685
2025-11-15,Miami,2.94,3.405,3.624,-0.3727549983056577
2025-11-16,Miami,2.936,3.398,3.618,-0.1360544217687054
2025-11-17,Miami,2.933,3.374,3.627,-0.1021798365122617
2025-11-21,Miami,3.078,3.511,3.741,4.9437436072280905
2025-11-24,Miami,3.064,3.507,3.725,-0.4548408057179931
2025-12-02,Miami,2.977,3.433,3.665,-2.83942558746737
2025-12-04,Miami,2.97,3.432,3.655,-0.23513604299629787
2025-12-11,Miami,2.88,3.344,3.593,-3.0303030303030387
2025-12-17,Miami,2.865,3.325,3.581,-0.5208333333333259
2025-12-22,Miami,2.857,3.317,3.562,-0.2792321116928398
2025-12-23,Miami,2.837,3.298,3.546,-0.7000350017500878
2025-12-26,Miami,2.807,3.27,3.526,-1.0574550581600395
2025-12-27,Miami,2.788,3.232,3.481,-0.6768792304951976
2025-12-29,Miami,2.778,3.222,3.484,-0.35868005738880493
2025-12-30,Miami,2.807,3.284,3.511,1.0439164866810735
2022-01-28,Naples,3.38,3.742,4.018,
2022-01-28,Naples,3.38,3.742,4.018,0.0
2022-03-07,Naples,4.0,4.337,4.635,18.343195266272193
2022-03-07,Naples,4.0,4.337,4.635,0.0
2022-03-08,Naples,4.0,4.337,4.635,0.0
2022-03-08,Naples,4.0,4.337,4.635,0.0
2022-03-22,Naples,4.198,4.588,4.877,4.95000000000001
2022-03-22,Naples,4.198,4.588,4.877,0.0
2022-04-01,Naples,4.226,4.6,4.88,0.6669842782277113
2022-04-01,Naples,4.226,4.6,4.88,0.0
2022-04-14,Naples,4.104,4.497,4.788,-2.886890676762899
2022-04-19,Naples,4.123,4.526,4.808,0.4629629629629761
2022-05-11,Naples,4.335,4.701,5.008,5.141886975503263
2022-05-25,Naples,4.605,4.982,5.28,6.228373702422152
2022-05-29,Naples,4.611,4.99,5.278,0.13029315960910726
2022-05-31,Naples,4.607,5.001,5.286,-0.0867490782910374
2022-06-06,Naples,4.779,5.148,5.454,3.7334490991968616
2022-06-09,Naples,4.782,5.165,5.452,0.06277463904582614
2022-06-25,Naples,4.783,5.19,5.491,0.020911752404861872
2022-06-26,Naples,4.774,5.179,5.482,-0.18816642274723794
2022-06-27,Naples,4.774,5.179,5.482,0.0
2022-06-29,Naples,4.738,5.152,5.445,-0.7540846250523536
2022-06-30,Naples,4.705,5.123,5.415,-0.69649641198819
2022-07-02,Naples,4.673,5.082,5.369,-0.680127523910734
2022-07-10,Naples,4.587,5.005,5.301,-1.840359512090739
2022-08-01,Naples,4.109,4.527,4.833,-10.420754305646385
2022-09-22,Naples,3.462,3.829,4.153,-15.74592358238014
2022-09-23,Naples,3.452,3.826,4.112,-0.2888503755054894
2022-09-27,Naples,3.428,3.829,4.117,-0.6952491309385911
2022-10-02,Naples,3.289,3.677,3.972,-4.054842473745623
2022-10-03,Naples,3.279,3.656,3.977,-0.3040437823046638
2022-10-04,Naples,3.234,3.637,3.926,-1.3723696248856387
2022-11-05,Naples,3.527,3.914,4.22,9.059987631416199
2022-11-10,Naples,3.604,3.999,4.309,2.1831584916359503
2022-11-21,Naples,3.551,3.934,4.236,-1.4705882352941124
2022-11-26,Naples,3.527,3.919,4.227,-0.6758659532526079
2022-11-28,Naples,3.518,3.93,4.233,-0.25517436915226677
2022-11-30,Naples,3.512,3.92,4.221,-0.17055144968731728
2022-12-01,Naples,3.481,3.887,4.185,-0.882687927107062
2022-12-05,Naples,3.404,3.823,4.117,-2.212008043665614
2022-12-07,Naples,3.38,3.8,4.102,-0.7050528789659283
2022-12-08,Naples,3.356,3.749,4.087,-0.7100591715976323
2022-12-10,Naples,3.346,3.745,4.052,-0.29797377830750316
2023-01-19,Naples,3.434,3.818,4.125,2.6300059772863094
2023-03-23,Naples,3.503,3.922,4.243,2.009318578916708
2023-03-27,Naples,3.477,3.861,4.216,-0.7422209534684643
2023-03-30,Naples,3.525,3.938,4.267,1.380500431406384
2023-04-02,Naples,3.535,3.935,4.284,0.28368794326241176
2023-04-03,Naples,3.537,3.947,4.286,0.05657708628004077
2023-05-15,Naples,3.609,4.01,4.364,2.035623409669207
2023-05-16,Naples,3.604,4.008,4.34,-0.13854253255749516
2023-05-17,Naples,3.599,3.996,4.335,-0.13873473917869195
2023-05-18,Naples,3.583,4.002,4.334,-0.44456793553765417
2023-05-22,Naples,3.541,3.969,4.294,-1.172202065308403
2023-05-24,Naples,3.524,3.946,4.278,-0.48009036995199095
2023-05-25,Naples,3.509,3.936,4.265,-0.4256526674233818
2023-05-26,Naples,3.496,3.889,4.227,-0.3704759190652607
2023-05-30,Naples,3.492,3.881,4.215,-0.11441647597254523
2023-05-31,Naples,3.482,3.882,4.226,-0.286368843069873
2023-06-01,Naples,3.474,3.885,4.214,-0.22975301550832716
2023-06-06,Naples,3.453,3.853,4.188,-0.6044905008635637
2023-06-07,Naples,3.438,3.835,4.181,-0.4344048653344812
2023-06-09,Naples,3.477,3.88,4.237,1.1343804537521818
2023-06-10,Naples,3.477,3.88,4.237,0.0
2023-06-13,Naples,3.526,3.94,4.273,1.409260857060679
2023-06-14,Naples,3.523,3.946,4.267,-0.08508224617128635
2023-06-16,Naples,3.506,3.927,4.268,-0.4825432869713375
2023-06-23,Naples,3.467,3.858,4.213,-1.11237877923559
2023-07-04,Naples,3.348,3.751,4.082,-3.4323622728583802
2023-11-11,Naples,3.271,3.709,4.087,-2.2998805256869814
2023-11-29,Naples,3.201,3.602,3.995,-2.1400183430143604
2024-01-18,Naples,3.137,3.553,3.93,-1.9993751952514849
2024-02-21,Naples,3.414,3.781,4.156,8.83009244501116
2024-02-26,Naples,3.402,3.797,4.154,-0.35149384885764245
2024-02-27,Naples,3.389,3.775,4.145,-0.38212815990594784
2024-02-28,Naples,3.408,3.807,4.168,0.5606373561522604
2024-03-01,Naples,3.429,3.818,4.185,0.616197183098599
2024-03-02,Naples,3.424,3.825,4.169,-0.14581510644502416
2024-03-04,Naples,3.419,3.814,4.167,-0.14602803738317238
2024-03-05,Naples,3.422,3.822,4.183,0.08774495466510324
2024-04-11,Naples,3.644,4.04,4.404,6.4874342489771974
2024-04-22,Naples,3.701,4.094,4.444,1.5642151481888078
2024-04-23,Naples,3.701,4.094,4.444,0.0
2024-05-06,Naples,3.687,4.081,4.437,-0.37827614158336687
2024-05-19,Naples,3.503,3.906,4.251,-4.990507187415238
2024-05-24,Naples,3.615,4.019,4.368,3.197259491864113
2024-05-31,Naples,3.567,3.962,4.31,-1.327800829875525
2024-06-03,Naples,3.54,3.941,4.289,-0.7569386038688064
2024-06-12,Naples,3.384,3.809,4.157,-4.406779661016957
2024-06-16,Naples,3.342,3.777,4.129,-1.241134751773043
2024-06-20,Naples,3.413,3.853,4.185,2.1244763614602036
2024-06-21,Naples,3.413,3.853,4.185,0.0
2024-06-23,Naples,3.409,3.844,4.189,-0.1171989452094957
2024-06-29,Naples,3.46,3.903,4.256,1.4960398943971942
2024-07-04,Naples,3.585,4.023,4.346,3.6127167630057855
2024-07-09,Naples,3.562,3.994,4.335,-0.6415620641562092
2024-07-10,Naples,3.562,3.994,4.335,0.0
2024-07-12,Naples,3.598,4.018,4.362,1.0106681639528325
2024-07-18,Naples,3.52,3.951,4.274,-2.1678710394663625
2024-07-22,Naples,3.438,3.866,4.215,-2.3295454545454453
2024-07-24,Naples,3.506,3.946,4.284,1.9778941244909642
2024-07-25,Naples,3.506,3.946,4.284,0.0
2024-08-01,Naples,3.449,3.876,4.227,-1.625784369652028
2024-08-11,Naples,3.428,3.859,4.191,-0.6088721368512573
2024-08-16,Naples,3.407,3.838,4.178,-0.612602100350057
2024-08-17,Naples,3.407,3.838,4.178,0.0
2024-08-18,Naples,3.378,3.807,4.144,-0.8511887290871711
2024-08-19,Naples,3.357,3.787,4.131,-0.6216696269982225
2024-08-20,Naples,3.357,3.787,4.131,0.0
2024-09-07,Naples,3.348,3.782,4.11,-0.2680965147453196
2024-09-09,Naples,3.321,3.762,4.072,-0.806451612903214
2024-09-16,Naples,3.225,3.679,4.009,-2.890695573622404
2024-09-19,Naples,3.228,3.68,4.016,0.09302325581395099
2024-09-21,Naples,3.201,3.645,3.972,-0.8364312267657992
2024-09-23,Naples,3.201,3.645,3.972,0.0
2024-09-24,Naples,3.216,3.642,3.985,0.46860356138707093
2024-09-25,Naples,3.216,3.642,3.985,0.0
2024-09-26,Naples,3.222,3.676,4.007,0.1865671641791078
2024-09-27,Naples,3.224,3.677,4.003,0.062073246430793816
2024-10-01,Naples,3.224,3.673,4.0,0.0
2024-10-02,Naples,3.222,3.671,4.014,-0.062034739454097654
2024-10-04,Naples,3.217,3.664,3.989,-0.15518311607696234
2024-10-06,Naples,3.205,3.658,3.984,-0.3730183400683873
2024-10-09,Naples,3.205,3.647,3.996,0.0
2024-10-13,Naples,3.202,3.662,3.98,-0.0936037441497728
2024-10-21,Naples,3.201,3.655,3.97,-0.031230480949406836
2024-11-01,Naples,3.138,3.6,3.924,-1.9681349578256846
2024-11-02,Naples,3.138,3.6,3.924,0.0
2024-11-04,Naples,3.107,3.572,3.875,-0.9878903760356827
2024-11-05,Naples,3.176,3.644,3.963,2.220791760540708
2024-11-06,Naples,3.204,3.659,3.984,0.881612090680095
2024-11-07,Naples,3.206,3.662,3.998,0.062421972534321135
2024-11-08,Naples,3.205,3.664,3.986,-0.03119151590766922
2024-11-10,Naples,3.182,3.636,3.956,-0.71762870514821
2024-11-11,Naples,3.177,3.623,3.942,-0.1571338780641085
2024-11-12,Naples,3.167,3.612,3.946,-0.3147623544224154
2024-11-13,Naples,3.155,3.598,3.937,-0.3789074834227968
2024-11-14,Naples,3.14,3.589,3.912,-0.47543581616480424
2024-11-15,Naples,3.187,3.641,3.961,1.496815286624198
2024-11-16,Naples,3.199,3.655,3.998,0.3765296517100669
2024-11-17,Naples,3.205,3.673,3.994,0.18755861206627422
2024-11-18,Naples,3.194,3.658,3.978,-0.343213728549141
2024-11-19,Naples,3.187,3.654,3.978,-0.2191609267376382
2024-11-20,Naples,3.173,3.638,3.959,-0.43928459366174843
2024-11-21,Naples,3.143,3.601,3.918,-0.9454774661204035
2024-11-22,Naples,3.125,3.583,3.898,-0.5727012408526799
2024-11-24,Naples,3.199,3.673,3.975,2.3679999999999923
2024-11-25,Naples,3.2,3.658,3.968,0.03125976867772717
2024-11-26,Naples,3.193,3.651,3.948,-0.2187500000000009
2024-11-27,Naples,3.201,3.661,3.964,0.25054807391167166
2024-11-28,Naples,3.206,3.672,3.98,0.15620118712902364
2024-12-01,Naples,3.19,3.638,3.952,-0.49906425452277414
2024-12-02,Naples,3.184,3.643,3.948,-0.18808777429466517
2024-12-03,Naples,3.173,3.624,3.941,-0.34547738693467833
2024-12-05,Naples,3.126,3.559,3.859,-1.4812480302552888
2024-12-06,Naples,3.104,3.544,3.849,-0.703774792066536
2024-12-07,Naples,3.146,3.616,3.925,1.3530927835051498
2024-12-08,Naples,3.174,3.624,3.943,0.8900190718372558
2024-12-09,Naples,3.192,3.638,3.957,0.5671077504725952
2024-12-10,Naples,3.185,3.638,3.952,-0.21929824561404132
2024-12-11,Naples,3.163,3.625,3.942,-0.6907378335949788
2024-12-12,Naples,3.15,3.609,3.921,-0.4110022130888402
2024-12-13,Naples,3.132,3.577,3.887,-0.5714285714285672
2024-12-16,Naples,3.191,3.666,3.966,1.8837803320561841
2024-12-17,Naples,3.192,3.64,3.959,0.03133813851459166
2024-12-18,Naples,3.18,3.642,3.941,-0.3759398496240629
2024-12-19,Naples,3.164,3.625,3.921,-0.5031446540880502
2024-12-20,Naples,3.155,3.611,3.924,-0.2844500632111391
2024-12-23,Naples,3.135,3.576,3.892,-0.6339144215530945
2024-12-24,Naples,3.165,3.635,3.931,0.9569377990430672
2024-12-27,Naples,3.169,3.626,3.932,0.1263823064771019
2024-12-28,Naples,3.163,3.612,3.922,-0.1893341748185673
2024-12-29,Naples,3.16,3.61,3.922,-0.0948466645589563
2024-12-30,Naples,3.155,3.609,3.913,-0.15822784810127777
2025-01-01,Naples,3.188,3.656,3.959,1.0459587955626182
2025-01-02,Naples,3.192,3.668,3.959,0.12547051442910462
2025-01-03,Naples,3.19,3.657,3.961,-0.06265664160401974
2025-01-05,Naples,3.185,3.648,3.952,-0.15673981191222097
2025-01-06,Naples,3.176,3.625,3.937,-0.2825745682888514
2025-01-07,Naples,3.163,3.622,3.932,-0.40931989924434253
2025-01-08,Naples,3.153,3.603,3.918,-0.3161555485298728
2025-01-09,Naples,3.187,3.638,3.956,1.0783380907072537
2025-01-11,Naples,3.199,3.646,3.958,0.3765296517100669
2025-01-13,Naples,3.191,3.642,3.956,-0.25007814942169526
2025-01-14,Naples,3.263,3.735,4.033,2.256345973049201
2025-01-15,Naples,3.287,3.743,4.051,0.7355194606190718
2025-01-16,Naples,3.293,3.757,4.06,0.18253726802557324
2025-01-17,Naples,3.294,3.755,4.051,0.030367446097789852
2025-01-18,Naples,3.291,3.739,4.043,-0.09107468123862317
2025-01-19,Naples,3.282,3.727,4.046,-0.27347310847766204
2025-01-20,Naples,3.277,3.73,4.036,-0.15234613040828737
2025-01-21,Naples,3.27,3.728,4.035,-0.21361000915471884
2025-01-23,Naples,3.241,3.697,3.996,-0.8868501529051942
2025-01-24,Naples,3.284,3.749,4.053,1.3267510027769047
2025-01-26,Naples,3.29,3.738,4.043,0.1827040194884333
2025-01-27,Naples,3.281,3.726,4.034,-0.27355623100303594
2025-01-28,Naples,3.271,3.717,4.022,-0.3047851264858292
2025-01-30,Naples,3.245,3.686,4.006,-0.7948639559767545
2025-02-01,Naples,3.203,3.646,3.974,-1.2942989214175693
2025-02-02,Naples,3.198,3.64,3.966,-0.1561036528254678
2025-02-03,Naples,3.19,3.642,3.956,-0.250156347717323
2025-02-04,Naples,3.273,3.751,4.051,2.601880877742957
2025-02-06,Naples,3.298,3.766,4.082,0.76382523678582
2025-02-07,Naples,3.298,3.766,4.082,0.0
2025-02-09,Naples,3.278,3.738,4.043,-0.6064281382656134
2025-02-10,Naples,3.272,3.72,4.037,-0.18303843807200293
2025-02-11,Naples,3.263,3.71,4.033,-0.2750611246943757
2025-02-12,Naples,3.24,3.693,4.012,-0.7048728164265938
2025-02-13,Naples,3.228,3.687,4.008,-0.37037037037036535
2025-02-15,Naples,3.192,3.627,3.958,-1.115241635687736
2025-02-16,Naples,3.177,3.636,3.945,-0.46992481203007586
2025-02-17,Naples,3.175,3.618,3.947,-0.06295247088449196
2025-02-18,Naples,3.216,3.68,3.995,1.2913385826771817
2025-02-19,Naples,3.224,3.684,3.997,0.24875621890547706
2025-02-20,Naples,3.217,3.668,3.988,-0.21712158808933069
2025-02-21,Naples,3.218,3.666,3.972,0.031084861672359132
2025-02-22,Naples,3.212,3.671,3.966,-0.18645121193286984
2025-02-23,Naples,3.207,3.66,3.97,-0.15566625155667424
2025-02-25,Naples,3.214,3.67,3.975,0.2182725288431664
2025-02-26,Naples,3.214,3.682,3.985,0.0
2025-02-27,Naples,3.209,3.671,3.983,-0.155569383945231
2025-02-28,Naples,3.203,3.666,3.969,-0.18697413524463302
2025-03-01,Naples,3.194,3.657,3.965,-0.2809865750858509
2025-03-02,Naples,3.183,3.644,3.967,-0.3443957420162791
2025-03-03,Naples,3.182,3.636,3.949,-0.03141690229343519
2025-03-04,Naples,3.166,3.599,3.928,-0.5028284098051561
2025-03-06,Naples,3.217,3.677,3.983,1.6108654453569127
2025-03-07,Naples,3.212,3.655,3.969,-0.15542430836182897
2025-03-08,Naples,3.195,3.64,3.945,-0.5292652552926658
2025-03-09,Naples,3.186,3.638,3.943,-0.28169014084507005
2025-03-10,Naples,3.178,3.636,3.938,-0.25109855618330457
2025-03-11,Naples,3.162,3.61,3.925,-0.5034612964128438
2025-03-12,Naples,3.136,3.573,3.901,-0.8222643896268145
2025-03-13,Naples,3.128,3.552,3.872,-0.25510204081632404
2025-03-14,Naples,3.18,3.639,3.952,1.662404092071612
2025-03-15,Naples,3.187,3.633,3.955,0.2201257861635053
2025-03-16,Naples,3.186,3.642,3.959,-0.03137747097583521
2025-03-17,Naples,3.174,3.625,3.937,-0.37664783427495685
2025-03-18,Naples,3.166,3.626,3.935,-0.2520478890989275
2025-03-19,Naples,3.138,3.597,3.915,-0.8843967150979126
2025-03-20,Naples,3.114,3.567,3.901,-0.7648183556405397
2025-03-21,Naples,3.091,3.531,3.863,-0.7385998715478403
2025-03-22,Naples,3.06,3.513,3.815,-1.0029116790682635
2025-03-24,Naples,3.045,3.485,3.8,-0.4901960784313819
2025-03-25,Naples,3.201,3.652,3.958,5.123152709359613
2025-03-26,Naples,3.208,3.667,3.98,0.21868166198062422
2025-03-27,Naples,3.209,3.654,3.975,0.031172069825435855
2025-03-28,Naples,3.206,3.653,3.972,-0.09348706762231096
2025-03-29,Naples,3.192,3.645,3.959,-0.4366812227074135
2025-03-30,Naples,3.189,3.632,3.945,-0.09398496240602405
2025-03-31,Naples,3.179,3.623,3.946,-0.3135779241141501
2025-04-02,Naples,3.259,3.72,4.024,2.516514627241273
2025-04-03,Naples,3.287,3.744,4.051,0.8591592513040869
2025-04-04,Naples,3.287,3.731,4.044,0.0
2025-04-05,Naples,3.276,3.723,4.035,-0.33465165804685837
2025-04-06,Naples,3.269,3.723,4.035,-0.2136752136752018
2025-04-07,Naples,3.269,3.73,4.027,0.0
2025-04-08,Naples,3.269,3.731,4.048,0.0
2025-04-09,Naples,3.27,3.721,4.039,0.030590394616081262
2025-04-10,Naples,3.253,3.704,4.017,-0.519877675840974
2025-04-11,Naples,3.237,3.688,4.003,-0.4918536735321277
2025-04-12,Naples,3.215,3.677,3.981,-0.6796416434970753
2025-04-13,Naples,3.211,3.673,3.978,-0.12441679626750135
2025-04-14,Naples,3.207,3.65,3.968,-0.1245717844908123
2025-04-15,Naples,3.185,3.619,3.955,-0.6859993763641992
2025-04-16,Naples,3.159,3.602,3.937,-0.8163265306122547
2025-04-17,Naples,3.134,3.589,3.892,-0.7913896802785647
2025-04-18,Naples,3.106,3.564,3.885,-0.8934269304403331
2025-04-19,Naples,3.09,3.532,3.865,-0.5151320025756578
2025-04-20,Naples,3.067,3.499,3.836,-0.7443365695792736
2025-04-21,Naples,3.052,3.479,3.804,-0.48907727420932634
2025-04-22,Naples,3.165,3.611,3.927,3.7024901703800683
2025-04-23,Naples,3.201,3.648,3.952,1.1374407582938506
2025-04-24,Naples,3.191,3.645,3.946,-0.3124023742580473
2025-04-25,Naples,3.167,3.631,3.93,-0.7521153243497336
2025-04-26,Naples,3.134,3.58,3.908,-1.0419955794126912
2025-04-27,Naples,3.122,3.565,3.882,-0.38289725590300305
2025-04-28,Naples,3.114,3.551,3.871,-0.2562459961563124
2025-04-29,Naples,3.157,3.623,3.929,1.3808606294155368
2025-04-30,Naples,3.257,3.717,4.026,3.1675641431738955
2025-05-01,Naples,3.269,3.726,4.028,0.3684372121584234
2025-05-02,Naples,3.236,3.691,4.0,-1.0094830223309814
2025-05-03,Naples,3.206,3.664,3.966,-0.9270704573547617
2025-05-04,Naples,3.187,3.645,3.949,-0.5926388022457929
2025-05-05,Naples,3.175,3.633,3.946,-0.376529651710078
2025-05-06,Naples,3.135,3.58,3.911,-1.2598425196850394
2025-05-07,Naples,3.111,3.549,3.89,-0.765550239234436
2025-05-08,Naples,3.083,3.537,3.842,-0.9000321440051473
2025-05-09,Naples,3.053,3.496,3.804,-0.9730781706130509
2025-05-10,Naples,3.047,3.471,3.798,-0.196528005240737
2025-05-11,Naples,3.036,3.476,3.781,-0.3610108303249149
2025-05-12,Naples,3.02,3.455,3.769,-0.5270092226614009
2025-05-13,Naples,3.142,3.622,3.935,4.039735099337749
2025-05-14,Naples,3.196,3.636,3.964,1.7186505410566655
2025-05-15,Naples,3.19,3.628,3.954,-0.1877346683354264
2025-05-16,Naples,3.174,3.629,3.928,-0.5015673981191182
2025-05-17,Naples,3.157,3.616,3.897,-0.5356017643352251
2025-05-18,Naples,3.137,3.579,3.877,-0.6335128286347858
2025-05-19,Naples,3.125,3.572,3.871,-0.3825310806503057
2025-05-20,Naples,3.097,3.541,3.862,-0.8959999999999968
2025-05-21,Naples,3.182,3.64,3.953,2.744591540200192
2025-05-22,Naples,3.202,3.652,3.963,0.628535512256434
2025-05-23,Naples,3.206,3.648,3.958,0.12492192379762734
2025-05-24,Naples,3.188,3.632,3.936,-0.5614472863381126
2025-05-25,Naples,3.169,3.613,3.92,-0.5959849435382747
2025-05-26,Naples,3.156,3.601,3.895,-0.4102240454401995
2025-05-27,Naples,3.142,3.594,3.889,-0.44359949302915647
2025-05-28,Naples,3.114,3.555,3.866,-0.8911521323997418
2025-05-29,Naples,3.174,3.628,3.936,1.9267822736030782
2025-05-30,Naples,3.213,3.645,3.951,1.2287334593572785
2025-05-31,Naples,3.19,3.622,3.938,-0.7158418923124854
2025-06-01,Naples,3.171,3.616,3.923,-0.5956112852664619
2025-06-02,Naples,3.163,3.609,3.914,-0.2522863450015733
2025-06-03,Naples,3.141,3.589,3.891,-0.6955422067657202
2025-06-04,Naples,3.116,3.563,3.875,-0.7959248646927652
2025-06-05,Naples,3.167,3.634,3.933,1.6367137355584038
2025-06-07,Naples,3.194,3.636,3.945,0.8525418377012928
2025-06-08,Naples,3.189,3.639,3.944,-0.15654351909830666
2025-06-09,Naples,3.169,3.629,3.926,-0.6271558482282891
2025-06-10,Naples,3.143,3.595,3.907,-0.8204480908804102
2025-06-11,Naples,3.118,3.561,3.892,-0.795418390073177
2025-06-13,Naples,3.06,3.502,3.812,-1.8601667735728022
2025-06-14,Naples,3.031,3.473,3.78,-0.9477124183006502
2025-06-15,Naples,3.035,3.454,3.777,0.1319696469811893
2025-06-16,Naples,3.033,3.448,3.773,-0.06589785831960793
2025-06-17,Naples,3.2,3.623,3.942,5.506099571381484
2025-06-18,Naples,3.217,3.66,3.964,0.5312500000000053
2025-06-19,Naples,3.227,3.677,3.971,0.31084861672365793
2025-06-20,Naples,3.214,3.663,3.965,-0.4028509451502904
2025-06-21,Naples,3.193,3.637,3.946,-0.6533914125700035
2025-06-22,Naples,3.182,3.633,3.935,-0.3445036016285652
2025-06-23,Naples,3.173,3.607,3.916,-0.2828409805153975
2025-06-24,Naples,3.157,3.588,3.887,-0.5042546485975463
2025-06-25,Naples,3.137,3.57,3.88,-0.6335128286347858
2025-06-26,Naples,3.109,3.544,3.85,-0.8925725215173763
2025-06-27,Naples,3.071,3.508,3.809,-1.2222579607590767
2025-06-28,Naples,3.051,3.497,3.788,-0.651253663301854
2025-06-29,Naples,3.036,3.48,3.783,-0.4916420845624381
2025-06-30,Naples,3.021,3.458,3.759,-0.49407114624506754
2025-07-01,Naples,3.149,3.629,3.933,4.237007613373067
2025-07-02,Naples,3.195,3.646,3.971,1.4607812003810672
2025-07-03,Naples,3.211,3.649,3.956,0.500782472613448
2025-07-04,Naples,3.191,3.637,3.921,-0.6228589224540615
2025-07-05,Naples,3.171,3.611,3.909,-0.6267627702914447
2025-07-06,Naples,3.155,3.583,3.887,-0.5045726900031577
2025-07-07,Naples,3.145,3.58,3.876,-0.31695721077653616
2025-07-08,Naples,3.121,3.564,3.855,-0.7631160572337037
2025-07-09,Naples,3.088,3.54,3.828,-1.057353412367823
2025-07-10,Naples,3.072,3.499,3.82,-0.5181347150259086
2025-07-11,Naples,3.039,3.465,3.793,-1.07421875
2025-07-12,Naples,3.018,3.465,3.751,-0.6910167818361401
2025-07-13,Naples,2.995,3.453,3.731,-0.7620941020543337
2025-07-14,Naples,2.991,3.419,3.719,-0.13355592654423765
2025-07-15,Naples,3.011,3.447,3.732,0.6686726847208391
2025-07-16,Naples,3.168,3.624,3.93,5.214214546662244
2025-07-17,Naples,3.209,3.627,3.956,1.2941919191919116
2025-07-18,Naples,3.187,3.632,3.941,-0.6855718292303026
2025-07-19,Naples,3.177,3.611,3.911,-0.3137747097583854
2025-07-20,Naples,3.161,3.593,3.891,-0.503619767075858
2025-07-21,Naples,3.14,3.569,3.876,-0.6643467257197111
2025-07-22,Naples,3.105,3.538,3.846,-1.1146496815286677
2025-07-23,Naples,3.071,3.511,3.818,-1.0950080515297889
2025-07-24,Naples,3.165,3.628,3.94,3.060892217518729
2025-07-25,Naples,3.209,3.646,3.97,1.3902053712480322
2025-07-26,Naples,3.2,3.648,3.954,-0.2804612028669329
2025-07-27,Naples,3.181,3.626,3.935,-0.593750000000004
2025-07-28,Naples,3.162,3.588,3.905,-0.597296447657969
2025-07-29,Naples,3.123,3.561,3.874,-1.2333965844402162
2025-07-30,Naples,3.1,3.544,3.846,-0.7364713416586621
2025-07-31,Naples,3.08,3.525,3.842,-0.6451612903225823
2025-08-01,Naples,3.056,3.505,3.819,-0.7792207792207795
2025-08-02,Naples,3.028,3.474,3.793,-0.9162303664921434
2025-08-03,Naples,3.015,3.451,3.766,-0.4293262879788595
2025-08-04,Naples,2.998,3.426,3.76,-0.563847429519071
2025-08-05,Naples,3.174,3.624,3.94,5.8705803869246065
2025-08-06,Naples,3.193,3.646,3.953,0.5986137366099653
2025-08-07,Naples,3.185,3.65,3.95,-0.25054807391168277
2025-08-08,Naples,3.175,3.63,3.919,-0.31397174254317317
2025-08-09,Naples,3.15,3.585,3.9,-0.7874015748031482
2025-08-10,Naples,3.13,3.56,3.883,-0.6349206349206327
2025-08-11,Naples,3.124,3.552,3.879,-0.1916932907348179
2025-08-12,Naples,3.088,3.522,3.854,-1.1523687580025643
2025-08-13,Naples,3.168,3.637,3.948,2.590673575129543
2025-08-14,Naples,3.214,3.655,3.96,1.4520202020201989
2025-08-15,Naples,3.21,3.651,3.96,-0.12445550715619591
2025-08-16,Naples,3.186,3.632,3.943,-0.747663551401867
2025-08-17,Naples,3.165,3.604,3.913,-0.6591337099811634
2025-08-18,Naples,3.137,3.557,3.88,-0.8846761453396579
2025-08-19,Naples,3.106,3.541,3.861,-0.9882052916799555
2025-08-20,Naples,3.08,3.513,3.832,-0.8370895041854398
2025-08-21,Naples,3.059,3.495,3.813,-0.6818181818181834
2025-08-22,Naples,3.037,3.479,3.778,-0.7191892775416875
2025-08-23,Naples,3.021,3.444,3.765,-0.5268356931182105
2025-08-24,Naples,3.018,3.441,3.756,-0.09930486593843213
2025-08-25,Naples,3.0,3.427,3.73,-0.5964214711729587
2025-08-26,Naples,3.168,3.634,3.94,5.600000000000005
2025-08-27,Naples,3.199,3.642,3.956,0.9785353535353369
2025-08-28,Naples,3.194,3.653,3.959,-0.15629884338855815
2025-08-29,Naples,3.179,3.635,3.955,-0.4696305572949311
2025-08-30,Naples,3.149,3.601,3.917,-0.9436929852154718
2025-08-31,Naples,3.135,3.577,3.883,-0.44458558272467696
2025-09-01,Naples,3.117,3.561,3.87,-0.574162679425827
2025-09-02,Naples,3.104,3.547,3.864,-0.41706769329483695
2025-09-03,Naples,3.189,3.66,3.952,2.7384020618556715
2025-09-04,Naples,3.214,3.663,3.963,0.7839448102853641
2025-09-05,Naples,3.201,3.66,3.946,-0.40448039825762283
2025-09-06,Naples,3.182,3.636,3.931,-0.5935645110902832
2025-09-07,Naples,3.154,3.606,3.89,-0.8799497171590231
2025-09-08,Naples,3.139,3.587,3.884,-0.47558655675333794
2025-09-09,Naples,3.117,3.553,3.858,-0.7008601465434805
2025-09-10,Naples,3.102,3.529,3.836,-0.4812319538017418
2025-09-11,Naples,3.075,3.506,3.82,-0.8704061895551174
2025-09-12,Naples,3.048,3.476,3.806,-0.8780487804878057
2025-09-13,Naples,3.026,3.459,3.786,-0.7217847769028896
2025-09-14,Naples,3.004,3.454,3.751,-0.7270323859880912
2025-09-15,Naples,3.059,3.491,3.819,1.8308921438082715
2025-09-16,Naples,3.248,3.71,4.02,6.178489702517154
2025-09-17,Naples,3.28,3.74,4.036,0.9852216748768239
2025-09-18,Naples,3.275,3.732,4.042,-0.1524390243902385
2025-09-19,Naples,3.252,3.697,4.022,-0.7022900763358764
2025-09-20,Naples,3.223,3.67,3.982,-0.8917589175891694
2025-09-21,Naples,3.195,3.653,3.975,-0.8687558175612842
2025-09-22,Naples,3.184,3.621,3.932,-0.34428794992173994
2025-09-23,Naples,3.147,3.59,3.926,-1.1620603015075504
2025-09-24,Naples,3.128,3.571,3.902,-0.6037496027962996
2025-09-25,Naples,3.103,3.551,3.877,-0.7992327365728857
2025-09-26,Naples,3.067,3.514,3.846,-1.1601675797615174
2025-09-27,Naples,3.016,3.462,3.776,-1.6628627323117096
2025-09-28,Naples,2.992,3.41,3.757,-0.7957559681697646
2025-09-29,Naples,3.022,3.471,3.808,1.0026737967914423
2025-09-30,Naples,3.184,3.654,3.949,5.360688285903392
2025-10-01,Naples,3.208,3.648,3.956,0.7537688442211143
2025-10-02,Naples,3.191,3.646,3.933,-0.5299251870324317
2025-10-03,Naples,3.176,3.627,3.924,-0.4700720777185752
2025-10-04,Naples,3.141,3.582,3.89,-1.10201511335013
2025-10-05,Naples,3.117,3.557,3.881,-0.764087870105068
2025-10-06,Naples,3.098,3.536,3.853,-0.6095604748155292
2025-10-07,Naples,3.075,3.491,3.827,-0.7424144609425309
2025-10-08,Naples,3.041,3.48,3.818,-1.1056910569105738
2025-10-09,Naples,3.06,3.505,3.829,0.6247944755014778
2025-10-10,Naples,3.008,3.446,3.762,-1.6993464052287632
2025-10-11,Naples,2.985,3.434,3.727,-0.7646276595744683
2025-10-12,Naples,2.973,3.418,3.713,-0.4020100502512558
2025-10-13,Naples,2.971,3.402,3.702,-0.06727211570802805
2025-10-14,Naples,3.023,3.474,3.78,1.7502524402558173
2025-10-15,Naples,3.036,3.475,3.793,0.4300363876943436
2025-10-16,Naples,3.032,3.478,3.782,-0.13175230566534468
2025-10-17,Naples,3.019,3.464,3.77,-0.42875989445909646
2025-10-18,Naples,3.003,3.441,3.747,-0.5299768135144101
2025-10-19,Naples,2.982,3.423,3.735,-0.6993006993006978
2025-10-20,Naples,2.969,3.407,3.75,-0.4359490274983391
2025-10-21,Naples,2.933,3.394,3.706,-1.2125294712024282
2025-10-22,Naples,3.013,3.484,3.782,2.7275826798499825
2025-10-23,Naples,3.02,3.459,3.773,0.23232658479921398
2025-10-24,Naples,3.006,3.45,3.759,-0.46357615894040416
2025-10-25,Naples,2.99,3.44,3.714,-0.5322687957418304
2025-10-26,Naples,2.983,3.414,3.713,-0.234113712374584
2025-10-27,Naples,2.971,3.403,3.704,-0.4022795843110938
2025-10-28,Naples,2.941,3.382,3.676,-1.0097610232245091
2025-11-01,Naples,3.069,3.491,3.82,4.352261135668134
2025-11-03,Naples,3.048,3.494,3.806,-0.6842619745845546
2025-11-07,Naples,2.952,3.372,3.707,-3.149606299212604
2025-11-08,Naples,2.932,3.385,3.689,-0.6775067750677488
2025-11-09,Naples,2.922,3.371,3.675,-0.3410641200545683
2025-11-11,Naples,2.996,3.465,3.772,2.532511978097185
2025-11-14,Naples,3.001,3.452,3.756,0.16688918558076526
2025-11-15,Naples,2.98,3.437,3.747,-0.6997667444185285
2025-11-16,Naples,2.974,3.425,3.739,-0.201342281879191
2025-11-17,Naples,2.96,3.414,3.743,-0.470746469401484
2025-11-21,Naples,3.208,3.658,3.961,8.378378378378383
2025-11-24,Naples,3.192,3.653,3.954,-0.4987531172069848
2025-12-02,Naples,3.107,3.554,3.879,-2.6629072681704224
2025-12-04,Naples,3.09,3.527,3.848,-0.547151593176709
2025-12-11,Naples,2.931,3.363,3.702,-5.145631067961154
2025-12-17,Naples,2.983,3.429,3.768,1.7741385192767023
2025-12-22,Naples,2.937,3.396,3.723,-1.5420717398592076
2025-12-23,Naples,2.937,3.368,3.697,0.0
2025-12-26,Naples,2.874,3.298,3.644,-2.1450459652706755
2025-12-27,Naples,2.841,3.267,3.618,-1.1482254697286032
2025-12-29,Naples,2.814,3.248,3.591,-0.9503695881731833
2025-12-30,Naples,2.896,3.358,3.698,2.9140014214640964
2022-01-28,Ocala,3.364,3.721,3.983,
2022-01-28,Ocala,3.364,3.721,3.983,0.0
2022-03-07,Ocala,4.011,4.305,4.658,19.23305588585018
2022-03-07,Ocala,4.011,4.305,4.658,0.0
2022-03-08,Ocala,4.011,4.305,4.658,0.0
2022-03-08,Ocala,4.011,4.305,4.658,0.0
2022-03-22,Ocala,4.133,4.521,4.83,3.0416355023684893
2022-03-22,Ocala,4.133,4.521,4.83,0.0
2022-04-01,Ocala,4.202,4.583,4.856,1.6694894749576639
2022-04-01,Ocala,4.202,4.583,4.856,0.0
2022-04-14,Ocala,4.002,4.393,4.719,-4.759638267491672
2022-04-19,Ocala,4.063,4.457,4.784,1.5242378810594648
2022-05-11,Ocala,4.312,4.644,4.98,6.128476495200608
2022-05-25,Ocala,4.581,4.926,5.284,6.238404452690172
2022-05-29,Ocala,4.607,4.957,5.304,0.5675616677581319
2022-05-31,Ocala,4.596,4.937,5.292,-0.23876709355329373
2022-06-06,Ocala,4.785,5.121,5.457,4.112271540469981
2022-06-09,Ocala,4.774,5.123,5.452,-0.22988505747126853
2022-06-25,Ocala,4.623,5.043,5.351,-3.1629660661918635
2022-06-26,Ocala,4.609,5.028,5.309,-0.302833657797974
2022-06-27,Ocala,4.609,5.028,5.309,0.0
2022-06-29,Ocala,4.547,4.937,5.279,-1.3451941852896554
2022-06-30,Ocala,4.57,4.959,5.296,0.5058280184737418
2022-07-02,Ocala,4.549,4.927,5.277,-0.4595185995623585
2022-07-10,Ocala,4.349,4.739,5.088,-4.396570674873601
2022-08-01,Ocala,3.749,4.137,4.454,-13.796275005748448
2022-09-22,Ocala,3.35,3.734,4.044,-10.64283809015738
2022-09-23,Ocala,3.364,3.742,4.023,0.4179104477611828
2022-09-27,Ocala,3.396,3.783,4.114,0.9512485136742077
2022-10-02,Ocala,3.279,3.63,3.987,-3.445229681978801
2022-10-03,Ocala,3.249,3.569,3.978,-0.9149130832570851
2022-10-04,Ocala,3.221,3.557,3.945,-0.8618036318867373
2022-11-05,Ocala,3.427,3.779,4.142,6.395529338714678
2022-11-10,Ocala,3.601,3.946,4.352,5.077327108257945
2022-11-21,Ocala,3.459,3.803,4.189,-3.9433490697028617
2022-11-26,Ocala,3.397,3.771,4.111,-1.7924255565192282
2022-11-28,Ocala,3.381,3.727,4.087,-0.4710038269060912
2022-11-30,Ocala,3.369,3.744,4.077,-0.3549245785270494
2022-12-01,Ocala,3.344,3.72,4.055,-0.7420599584446519
2022-12-05,Ocala,3.261,3.641,4.003,-2.4820574162679354
2022-12-07,Ocala,3.246,3.61,3.971,-0.4599816007359703
2022-12-08,Ocala,3.191,3.561,3.926,-1.6943930991990208
2022-12-10,Ocala,3.171,3.522,3.818,-0.6267627702914447
2023-01-19,Ocala,3.431,3.804,4.151,8.19930621255125
2023-03-23,Ocala,3.443,3.809,4.147,0.34975225881668237
2023-03-27,Ocala,3.377,3.725,4.081,-1.9169329073482455
2023-03-30,Ocala,3.468,3.845,4.209,2.6946994373704625
2023-04-02,Ocala,3.497,3.877,4.2,0.8362168396770508
2023-04-03,Ocala,3.483,3.86,4.186,-0.40034315127250863
2023-05-15,Ocala,3.456,3.829,4.147,-0.7751937984496138
2023-05-16,Ocala,3.445,3.83,4.153,-0.3182870370370461
2023-05-17,Ocala,3.435,3.814,4.168,-0.2902757619738683
2023-05-18,Ocala,3.426,3.801,4.143,-0.26200873362445254
2023-05-22,Ocala,3.364,3.731,4.071,-1.8096906012843084
2023-05-24,Ocala,3.356,3.731,4.069,-0.23781212841854638
2023-05-25,Ocala,3.344,3.728,4.051,-0.35756853396901045
2023-05-26,Ocala,3.343,3.667,3.99,-0.029904306220096544
2023-05-30,Ocala,3.369,3.727,4.1,0.7777445408315931
2023-05-31,Ocala,3.361,3.719,4.082,-0.2374591867022824
2023-06-01,Ocala,3.342,3.715,4.051,-0.565307944064275
2023-06-06,Ocala,3.294,3.647,3.98,-1.4362657091561926
2023-06-07,Ocala,3.281,3.635,4.002,-0.3946569520340004
2023-06-09,Ocala,3.346,3.706,4.053,1.9811033221578844
2023-06-10,Ocala,3.346,3.706,4.053,0.0
2023-06-13,Ocala,3.498,3.867,4.216,4.542737597130908
2023-06-14,Ocala,3.487,3.863,4.205,-0.3144654088050314
2023-06-16,Ocala,3.451,3.816,4.186,-1.0324060797246903
2023-06-23,Ocala,3.352,3.713,4.065,-2.8687337003767133
2023-07-04,Ocala,3.241,3.593,3.934,-3.3114558472553624
2023-11-11,Ocala,3.231,3.622,4.011,-0.3085467448318502
2023-11-29,Ocala,3.194,3.555,3.873,-1.1451562983596397
2024-01-18,Ocala,3.028,3.432,3.785,-5.197244834063863
2024-02-21,Ocala,3.346,3.734,4.067,10.501981505944524
2024-02-26,Ocala,3.303,3.667,4.032,-1.285116557083088
2024-02-27,Ocala,3.281,3.648,4.001,-0.6660611565243668
2024-02-28,Ocala,3.339,3.719,4.085,1.767753733617794
2024-03-01,Ocala,3.384,3.765,4.134,1.3477088948786964
2024-03-02,Ocala,3.359,3.729,4.094,-0.7387706855791931
2024-03-04,Ocala,3.345,3.704,4.076,-0.41679071152127545
2024-03-05,Ocala,3.312,3.694,4.038,-0.9865470852018055
2024-04-11,Ocala,3.596,3.964,4.335,8.574879227053156
2024-04-22,Ocala,3.583,3.948,4.299,-0.3615127919911032
2024-04-23,Ocala,3.583,3.948,4.299,0.0
2024-05-06,Ocala,3.632,3.984,4.322,1.3675690761931314
2024-05-19,Ocala,3.462,3.847,4.191,-4.680616740088106
2024-05-24,Ocala,3.581,3.968,4.327,3.4373194685153097
2024-05-31,Ocala,3.519,3.905,4.258,-1.7313599553197334
2024-06-03,Ocala,3.457,3.819,4.167,-1.7618641659562506
2024-06-12,Ocala,3.295,3.687,4.03,-4.686144055539487
2024-06-16,Ocala,3.27,3.656,4.013,-0.7587253414264028
2024-06-20,Ocala,3.388,3.777,4.105,3.6085626911315005
2024-06-21,Ocala,3.388,3.777,4.105,0.0
2024-06-23,Ocala,3.399,3.788,4.139,0.32467532467532756
2024-06-29,Ocala,3.428,3.806,4.183,0.8531921153280386
2024-07-04,Ocala,3.56,3.959,4.316,3.850641773628949
2024-07-09,Ocala,3.505,3.884,4.248,-1.54494382022472
2024-07-10,Ocala,3.505,3.884,4.248,0.0
2024-07-12,Ocala,3.588,3.977,4.348,2.3680456490727586
2024-07-18,Ocala,3.492,3.884,4.217,-2.6755852842809347
2024-07-22,Ocala,3.359,3.719,4.101,-3.8087056128293217
2024-07-24,Ocala,3.494,3.896,4.218,4.019053289669561
2024-07-25,Ocala,3.494,3.896,4.218,0.0
2024-08-01,Ocala,3.441,3.854,4.192,-1.516886090440761
2024-08-11,Ocala,3.342,3.71,4.072,-2.8770706190060946
2024-08-16,Ocala,3.358,3.758,4.098,0.4787552363854086
2024-08-17,Ocala,3.358,3.758,4.098,0.0
2024-08-18,Ocala,3.307,3.673,4.036,-1.5187611673615264
2024-08-19,Ocala,3.28,3.636,4.022,-0.8164499546416737
2024-08-20,Ocala,3.28,3.636,4.022,0.0
2024-09-07,Ocala,3.265,3.643,4.012,-0.45731707317072656
2024-09-09,Ocala,3.208,3.58,3.951,-1.7457886676875978
2024-09-16,Ocala,3.131,3.538,3.912,-2.4002493765586164
2024-09-19,Ocala,3.197,3.587,3.971,2.1079527307569457
2024-09-21,Ocala,3.155,3.56,3.947,-1.313731623396941
2024-09-23,Ocala,3.155,3.56,3.947,0.0
2024-09-24,Ocala,3.143,3.546,3.897,-0.38034865293185005
2024-09-25,Ocala,3.143,3.546,3.897,0.0
2024-09-26,Ocala,3.2,3.602,3.971,1.8135539293668623
2024-09-27,Ocala,3.209,3.618,3.967,0.28124999999998845
2024-10-01,Ocala,3.2,3.614,3.979,-0.2804612028669329
2024-10-02,Ocala,3.193,3.613,3.959,-0.2187500000000009
2024-10-04,Ocala,3.17,3.561,3.955,-0.7203257124960838
2024-10-06,Ocala,3.151,3.555,3.9,-0.5993690851735067
2024-10-09,Ocala,3.167,3.575,3.968,0.5077753094255844
2024-10-13,Ocala,3.142,3.514,3.86,-0.7893905904641563
2024-10-21,Ocala,3.125,3.507,3.865,-0.5410566518141313
2024-11-01,Ocala,3.126,3.522,3.892,0.031999999999987594
2024-11-02,Ocala,3.126,3.522,3.892,0.0
2024-11-04,Ocala,3.074,3.47,3.828,-1.6634676903390933
2024-11-05,Ocala,3.128,3.548,3.898,1.7566688353936266
2024-11-06,Ocala,3.168,3.571,3.934,1.278772378516635
2024-11-07,Ocala,3.183,3.58,3.956,0.47348484848483974
2024-11-08,Ocala,3.176,3.578,3.945,-0.21991831605402412
2024-11-10,Ocala,3.139,3.539,3.897,-1.1649874055415732
2024-11-11,Ocala,3.114,3.502,3.866,-0.7964319847085011
2024-11-12,Ocala,3.093,3.451,3.834,-0.674373795761074
2024-11-13,Ocala,3.061,3.438,3.807,-1.034594245069509
2024-11-14,Ocala,3.037,3.431,3.778,-0.7840574975498171
2024-11-15,Ocala,3.112,3.528,3.913,2.4695423114916126
2024-11-16,Ocala,3.157,3.584,3.953,1.4460154241645151
2024-11-17,Ocala,3.159,3.583,3.938,0.06335128286347746
2024-11-18,Ocala,3.143,3.538,3.922,-0.5064893953782845
2024-11-19,Ocala,3.122,3.529,3.901,-0.6681514476614692
2024-11-20,Ocala,3.094,3.488,3.854,-0.8968609865470878
2024-11-21,Ocala,3.058,3.435,3.805,-1.1635423400129241
2024-11-22,Ocala,3.015,3.396,3.743,-1.406147809025493
2024-11-24,Ocala,3.13,3.564,3.923,3.814262023217241
2024-11-25,Ocala,3.152,3.563,3.898,0.7028753993610248
2024-11-26,Ocala,3.142,3.543,3.864,-0.31725888324873885
2024-11-27,Ocala,3.167,3.592,3.905,0.7956715467854814
2024-11-28,Ocala,3.169,3.593,3.909,0.0631512472371476
2024-12-01,Ocala,3.148,3.554,3.914,-0.6626696118649411
2024-12-02,Ocala,3.131,3.533,3.889,-0.5400254129606208
2024-12-03,Ocala,3.119,3.499,3.869,-0.38326413286488004
2024-12-05,Ocala,3.051,3.45,3.785,-2.180185957037517
2024-12-06,Ocala,3.014,3.416,3.762,-1.212717141920694
2024-12-07,Ocala,3.066,3.515,3.857,1.725282017252816
2024-12-08,Ocala,3.116,3.555,3.891,1.6307893020221842
2024-12-09,Ocala,3.159,3.57,3.908,1.3799743260590303
2024-12-10,Ocala,3.156,3.54,3.899,-0.09496676163341933
2024-12-11,Ocala,3.121,3.516,3.867,-1.1089987325728856
2024-12-12,Ocala,3.091,3.502,3.822,-0.9612303748798401
2024-12-13,Ocala,3.061,3.466,3.803,-0.9705596894209023
2024-12-16,Ocala,3.165,3.592,3.948,3.3975824893825557
2024-12-17,Ocala,3.159,3.581,3.935,-0.18957345971564177
2024-12-18,Ocala,3.129,3.535,3.877,-0.9496676163342821
2024-12-19,Ocala,3.106,3.511,3.843,-0.7350591243208693
2024-12-20,Ocala,3.08,3.503,3.837,-0.8370895041854398
2024-12-23,Ocala,3.029,3.424,3.774,-1.655844155844166
2024-12-24,Ocala,3.095,3.554,3.886,2.1789369428854455
2024-12-27,Ocala,3.155,3.569,3.905,1.9386106623586308
2024-12-28,Ocala,3.135,3.544,3.901,-0.6339144215530945
2024-12-29,Ocala,3.121,3.513,3.89,-0.44657097288675063
2024-12-30,Ocala,3.095,3.472,3.842,-0.8330663248958592
2025-01-01,Ocala,3.119,3.528,3.881,0.7754442649434479
2025-01-02,Ocala,3.167,3.591,3.908,1.5389547932029402
2025-01-03,Ocala,3.184,3.584,3.912,0.5367856015156436
2025-01-05,Ocala,3.162,3.57,3.938,-0.6909547738693567
2025-01-06,Ocala,3.16,3.562,3.883,-0.06325110689436864
2025-01-07,Ocala,3.142,3.557,3.886,-0.56962025316456
2025-01-08,Ocala,3.128,3.532,3.882,-0.4455760661998709
2025-01-09,Ocala,3.148,3.584,3.932,0.6393861892583175
2025-01-11,Ocala,3.176,3.583,3.952,0.8894536213468918
2025-01-13,Ocala,3.158,3.556,3.899,-0.5667506297229341
2025-01-14,Ocala,3.198,3.641,3.957,1.266624445851816
2025-01-15,Ocala,3.262,3.686,4.021,2.001250781738584
2025-01-16,Ocala,3.282,3.683,4.041,0.6131207847946074
2025-01-17,Ocala,3.276,3.682,4.025,-0.1828153564899515
2025-01-18,Ocala,3.263,3.656,4.006,-0.3968253968253954
2025-01-19,Ocala,3.262,3.651,3.999,-0.030646644192455774
2025-01-20,Ocala,3.245,3.628,3.99,-0.5211526670754085
2025-01-21,Ocala,3.224,3.601,3.961,-0.6471494607087847
2025-01-23,Ocala,3.145,3.547,3.881,-2.450372208436735
2025-01-24,Ocala,3.197,3.633,3.963,1.6534181240063672
2025-01-26,Ocala,3.256,3.657,4.019,1.8454801376290186
2025-01-27,Ocala,3.245,3.641,3.999,-0.33783783783782884
2025-01-28,Ocala,3.226,3.626,3.971,-0.5855161787365226
2025-01-30,Ocala,3.178,3.586,3.933,-1.4879107253564783
2025-02-01,Ocala,3.099,3.496,3.845,-2.4858401510383765
2025-02-02,Ocala,3.076,3.461,3.811,-0.7421748951274676
2025-02-03,Ocala,3.046,3.408,3.779,-0.9752925877763441
2025-02-04,Ocala,3.173,3.593,3.933,4.169402495075514
2025-02-06,Ocala,3.276,3.691,4.034,3.246139300346673
2025-02-07,Ocala,3.276,3.691,4.034,0.0
2025-02-09,Ocala,3.24,3.653,3.992,-1.098901098901084
2025-02-10,Ocala,3.215,3.626,3.964,-0.7716049382716195
2025-02-11,Ocala,3.207,3.601,3.935,-0.2488335925349916
2025-02-12,Ocala,3.183,3.581,3.922,-0.7483629560336769
2025-02-13,Ocala,3.161,3.562,3.876,-0.6911718504555409
2025-02-15,Ocala,3.093,3.49,3.847,-2.1512179689971545
2025-02-16,Ocala,3.069,3.448,3.822,-0.7759456838021372
2025-02-17,Ocala,3.058,3.425,3.802,-0.35842293906810374
2025-02-18,Ocala,3.139,3.586,3.919,2.648790058862005
2025-02-19,Ocala,3.189,3.628,3.967,1.5928639694170244
2025-02-20,Ocala,3.199,3.625,3.967,0.3135779241141279
2025-02-21,Ocala,3.183,3.612,3.949,-0.5001562988433905
2025-02-22,Ocala,3.172,3.602,3.952,-0.3455859252277649
2025-02-23,Ocala,3.158,3.57,3.92,-0.4413619167717653
2025-02-25,Ocala,3.165,3.59,3.914,0.2216592780240667
2025-02-26,Ocala,3.191,3.621,3.947,0.8214849921011069
2025-02-27,Ocala,3.179,3.597,3.94,-0.3760576621748668
2025-02-28,Ocala,3.16,3.566,3.932,-0.5976722239697918
2025-03-01,Ocala,3.14,3.543,3.904,-0.6329113924050667
2025-03-02,Ocala,3.119,3.524,3.868,-0.6687898089171918
2025-03-03,Ocala,3.118,3.509,3.863,-0.03206155819174272
2025-03-04,Ocala,3.084,3.479,3.831,-1.0904425914047389
2025-03-06,Ocala,3.168,3.591,3.918,2.723735408560324
2025-03-07,Ocala,3.172,3.61,3.939,0.12626262626262985
2025-03-08,Ocala,3.16,3.605,3.922,-0.3783102143757877
2025-03-09,Ocala,3.141,3.572,3.915,-0.6012658227848133
2025-03-10,Ocala,3.123,3.545,3.879,-0.5730659025787954
2025-03-11,Ocala,3.091,3.505,3.865,-1.024655779699013
2025-03-12,Ocala,3.065,3.472,3.832,-0.8411517308314576
2025-03-13,Ocala,3.037,3.458,3.811,-0.9135399673735778
2025-03-14,Ocala,3.11,3.581,3.901,2.403687849851832
2025-03-15,Ocala,3.158,3.598,3.936,1.5434083601286286
2025-03-16,Ocala,3.153,3.564,3.923,-0.15832805573147146
2025-03-17,Ocala,3.142,3.548,3.883,-0.34887408817000365
2025-03-18,Ocala,3.111,3.511,3.852,-0.9866327180139911
2025-03-19,Ocala,3.082,3.47,3.819,-0.9321761491482006
2025-03-20,Ocala,3.039,3.44,3.784,-1.395197923426339
2025-03-21,Ocala,3.016,3.416,3.762,-0.7568279039157688
2025-03-22,Ocala,3.001,3.391,3.756,-0.49734748010610286
2025-03-24,Ocala,2.97,3.352,3.7,-1.03298900366543
2025-03-25,Ocala,3.121,3.551,3.888,5.084175084175069
2025-03-26,Ocala,3.182,3.576,3.919,1.9545017622556893
2025-03-27,Ocala,3.186,3.589,3.931,0.12570710245127792
2025-03-28,Ocala,3.186,3.606,3.928,0.0
2025-03-29,Ocala,3.176,3.593,3.912,-0.3138731952291196
2025-03-30,Ocala,3.162,3.566,3.887,-0.4408060453400586
2025-03-31,Ocala,3.152,3.563,3.885,-0.3162555344718432
2025-04-02,Ocala,3.21,3.636,3.961,1.840101522842641
2025-04-03,Ocala,3.245,3.662,3.998,1.0903426791277315
2025-04-04,Ocala,3.263,3.654,4.016,0.5546995377503805
2025-04-05,Ocala,3.251,3.667,4.019,-0.3677597303095359
2025-04-06,Ocala,3.242,3.654,3.974,-0.2768378960319895
2025-04-07,Ocala,3.224,3.621,3.933,-0.5552128315854388
2025-04-08,Ocala,3.245,3.646,3.985,0.6513647642679921
2025-04-09,Ocala,3.253,3.679,4.0,0.24653312788907034
2025-04-10,Ocala,3.244,3.659,3.971,-0.27666769136182046
2025-04-11,Ocala,3.225,3.636,3.953,-0.5856966707768252
2025-04-12,Ocala,3.199,3.611,3.937,-0.8062015503876085
2025-04-13,Ocala,3.185,3.579,3.905,-0.4376367614879584
2025-04-14,Ocala,3.168,3.559,3.887,-0.5337519623233922
2025-04-15,Ocala,3.149,3.547,3.871,-0.5997474747474807
2025-04-16,Ocala,3.132,3.534,3.858,-0.5398539218799625
2025-04-17,Ocala,3.107,3.534,3.848,-0.7982120051085562
2025-04-18,Ocala,3.088,3.511,3.855,-0.6115223688445526
2025-04-19,Ocala,3.078,3.5,3.851,-0.32383419689120396
2025-04-20,Ocala,3.07,3.481,3.815,-0.2599090318388564
2025-04-21,Ocala,3.061,3.458,3.784,-0.2931596091205191
2025-04-22,Ocala,3.131,3.56,3.904,2.2868343678536407
2025-04-23,Ocala,3.163,3.586,3.931,1.022037687639732
2025-04-24,Ocala,3.173,3.587,3.927,0.3161555485298839
2025-04-25,Ocala,3.163,3.569,3.899,-0.31515915537346784
2025-04-26,Ocala,3.146,3.537,3.903,-0.5374644325007893
2025-04-27,Ocala,3.13,3.529,3.881,-0.5085823267641509
2025-04-28,Ocala,3.117,3.521,3.85,-0.41533546325878135
2025-04-29,Ocala,3.098,3.491,3.846,-0.6095604748155292
2025-04-30,Ocala,3.185,3.605,3.989,2.8082633957391856
2025-05-01,Ocala,3.229,3.649,3.988,1.3814756671899575
2025-05-02,Ocala,3.218,3.621,3.933,-0.34066274388355744
2025-05-03,Ocala,3.19,3.601,3.927,-0.8701056556867592
2025-05-04,Ocala,3.166,3.561,3.905,-0.7523510971786829
2025-05-05,Ocala,3.146,3.537,3.862,-0.6317119393556503
2025-05-06,Ocala,3.123,3.527,3.825,-0.7310870947234482
2025-05-07,Ocala,3.1,3.5,3.823,-0.7364713416586621
2025-05-08,Ocala,3.072,3.459,3.809,-0.903225806451613
2025-05-09,Ocala,3.042,3.432,3.775,-0.9765625000000111
2025-05-10,Ocala,3.009,3.396,3.729,-1.0848126232741562
2025-05-11,Ocala,2.99,3.36,3.69,-0.6314390162844741
2025-05-12,Ocala,2.964,3.327,3.697,-0.8695652173913104
2025-05-13,Ocala,3.09,3.542,3.892,4.251012145748989
2025-05-14,Ocala,3.159,3.577,3.915,2.233009708737854
2025-05-15,Ocala,3.166,3.587,3.929,0.22158911047800434
2025-05-16,Ocala,3.159,3.572,3.912,-0.22109917877448648
2025-05-17,Ocala,3.144,3.532,3.91,-0.47483380816712994
2025-05-18,Ocala,3.13,3.518,3.87,-0.4452926208651453
2025-05-19,Ocala,3.124,3.502,3.848,-0.1916932907348179
2025-05-20,Ocala,3.09,3.485,3.846,-1.0883482714468706
2025-05-21,Ocala,3.147,3.583,3.945,1.844660194174752
2025-05-22,Ocala,3.183,3.595,3.961,1.1439466158245981
2025-05-23,Ocala,3.186,3.608,3.957,0.09425070688029447
2025-05-24,Ocala,3.165,3.581,3.91,-0.6591337099811634
2025-05-25,Ocala,3.153,3.557,3.895,-0.37914691943128354
2025-05-26,Ocala,3.134,3.519,3.862,-0.602600697748179
2025-05-27,Ocala,3.123,3.503,3.835,-0.35098915124440744
2025-05-28,Ocala,3.102,3.494,3.817,-0.6724303554274891
2025-05-29,Ocala,3.143,3.579,3.914,1.3217279174726038
2025-05-30,Ocala,3.171,3.614,3.929,0.8908685968819663
2025-05-31,Ocala,3.158,3.589,3.923,-0.40996531062755803
2025-06-01,Ocala,3.146,3.545,3.902,-0.37998733375553817
2025-06-02,Ocala,3.132,3.518,3.856,-0.4450095359186168
2025-06-03,Ocala,3.108,3.496,3.837,-0.7662835249042099
2025-06-04,Ocala,3.075,3.482,3.82,-1.061776061776054
2025-06-05,Ocala,3.127,3.558,3.891,1.6910569105690998
2025-06-07,Ocala,3.159,3.57,3.914,1.0233450591621285
2025-06-08,Ocala,3.142,3.54,3.888,-0.538144982589428
2025-06-09,Ocala,3.125,3.514,3.841,-0.5410566518141313
2025-06-10,Ocala,3.103,3.514,3.844,-0.7039999999999935
2025-06-11,Ocala,3.078,3.488,3.826,-0.8056719303899618
2025-06-13,Ocala,3.027,3.437,3.771,-1.6569200779727011
2025-06-14,Ocala,3.006,3.419,3.751,-0.693756194251749
2025-06-15,Ocala,2.993,3.402,3.73,-0.43246839654025315
2025-06-16,Ocala,2.994,3.379,3.715,0.03341129301706047
2025-06-17,Ocala,3.109,3.533,3.87,3.841015364061451
2025-06-18,Ocala,3.181,3.592,3.922,2.3158571888066914
2025-06-19,Ocala,3.196,3.603,3.952,0.4715498270984053
2025-06-20,Ocala,3.19,3.604,3.947,-0.1877346683354264
2025-06-21,Ocala,3.178,3.582,3.931,-0.37617554858934144
2025-06-22,Ocala,3.163,3.556,3.912,-0.4719949653870348
2025-06-23,Ocala,3.148,3.543,3.897,-0.4742333227948037
2025-06-24,Ocala,3.135,3.519,3.887,-0.41296060991106165
2025-06-25,Ocala,3.105,3.509,3.865,-0.9569377990430561
2025-06-26,Ocala,3.067,3.491,3.867,-1.2238325281803464
2025-06-27,Ocala,3.04,3.422,3.825,-0.8803390935767874
2025-06-28,Ocala,3.015,3.401,3.804,-0.8223684210526327
2025-06-29,Ocala,2.996,3.407,3.745,-0.6301824212271989
2025-06-30,Ocala,2.978,3.388,3.724,-0.6008010680907838
2025-07-01,Ocala,3.084,3.526,3.877,3.559435862995297
2025-07-02,Ocala,3.138,3.587,3.925,1.7509727626459082
2025-07-03,Ocala,3.153,3.574,3.914,0.47801147227533036
2025-07-04,Ocala,3.134,3.557,3.909,-0.602600697748179
2025-07-05,Ocala,3.118,3.515,3.899,-0.51052967453733
2025-07-06,Ocala,3.104,3.509,3.873,-0.4490057729313546
2025-07-07,Ocala,3.095,3.498,3.845,-0.2899484536082464
2025-07-08,Ocala,3.077,3.476,3.821,-0.5815831987076026
2025-07-09,Ocala,3.049,3.451,3.79,-0.9099772505687387
2025-07-10,Ocala,3.031,3.425,3.769,-0.5903574942604073
2025-07-11,Ocala,3.014,3.4,3.75,-0.5608709996700822
2025-07-12,Ocala,2.997,3.369,3.722,-0.5640345056403429
2025-07-13,Ocala,2.981,3.357,3.717,-0.5338672005338663
2025-07-14,Ocala,2.969,3.335,3.695,-0.4025494800402596
2025-07-15,Ocala,2.978,3.369,3.717,0.30313236780061814
2025-07-16,Ocala,3.121,3.545,3.907,4.801880456682328
2025-07-17,Ocala,3.179,3.578,3.931,1.8583787247677064
2025-07-18,Ocala,3.186,3.586,3.939,0.2201950298836186
2025-07-19,Ocala,3.155,3.556,3.908,-0.9730069052102941
2025-07-20,Ocala,3.134,3.536,3.883,-0.6656101426307459
2025-07-21,Ocala,3.104,3.498,3.855,-0.957243139757491
2025-07-22,Ocala,3.072,3.462,3.836,-1.0309278350515427
2025-07-23,Ocala,3.044,3.44,3.806,-0.911458333333337
2025-07-24,Ocala,3.116,3.56,3.919,2.365308804205002
2025-07-25,Ocala,3.168,3.59,3.946,1.6688061617458283
2025-07-26,Ocala,3.171,3.597,3.966,0.09469696969695018
2025-07-27,Ocala,3.158,3.584,3.934,-0.40996531062755803
2025-07-28,Ocala,3.15,3.57,3.912,-0.2533248891703588
2025-07-29,Ocala,3.124,3.531,3.9,-0.825396825396818
2025-07-30,Ocala,3.108,3.523,3.886,-0.5121638924455829
2025-07-31,Ocala,3.082,3.503,3.858,-0.8365508365508423
2025-08-01,Ocala,3.064,3.477,3.835,-0.5840363400389292
2025-08-02,Ocala,3.043,3.445,3.828,-0.6853785900783227
2025-08-03,Ocala,3.022,3.416,3.775,-0.6901084456128914
2025-08-04,Ocala,3.0,3.388,3.742,-0.7279947054930402
2025-08-05,Ocala,3.101,3.561,3.906,3.3666666666666734
2025-08-06,Ocala,3.173,3.594,3.946,2.3218316672041217
2025-08-07,Ocala,3.176,3.597,3.945,0.09454774661203924
2025-08-08,Ocala,3.158,3.59,3.927,-0.5667506297229341
2025-08-09,Ocala,3.135,3.572,3.906,-0.7283090563647954
2025-08-10,Ocala,3.118,3.554,3.9,-0.5422647527910662
2025-08-11,Ocala,3.105,3.515,3.853,-0.41693393200769036
2025-08-12,Ocala,3.087,3.506,3.857,-0.5797101449275255
2025-08-13,Ocala,3.128,3.587,3.928,1.3281503077421375
2025-08-14,Ocala,3.165,3.617,3.957,1.182864450127874
2025-08-15,Ocala,3.164,3.602,3.948,-0.03159557661926993
2025-08-16,Ocala,3.144,3.578,3.934,-0.6321112515802807
2025-08-17,Ocala,3.121,3.546,3.901,-0.73155216284988
2025-08-18,Ocala,3.103,3.496,3.864,-0.5767382249278974
2025-08-19,Ocala,3.071,3.46,3.831,-1.0312600708991315
2025-08-20,Ocala,3.046,3.448,3.813,-0.8140670791273341
2025-08-21,Ocala,3.024,3.432,3.787,-0.7222586999343306
2025-08-22,Ocala,3.003,3.413,3.77,-0.694444444444442
2025-08-23,Ocala,2.988,3.389,3.742,-0.4995004995005048
2025-08-24,Ocala,2.979,3.404,3.747,-0.3012048192771011
2025-08-25,Ocala,2.958,3.361,3.74,-0.7049345417925457
2025-08-26,Ocala,3.087,3.548,3.899,4.361054766734274
2025-08-27,Ocala,3.177,3.589,3.926,2.915451895043719
2025-08-28,Ocala,3.182,3.594,3.94,0.15738117721120215
2025-08-29,Ocala,3.163,3.589,3.931,-0.5971087366436256
2025-08-30,Ocala,3.145,3.566,3.917,-0.5690799873537711
2025-08-31,Ocala,3.133,3.552,3.907,-0.3815580286168574
2025-09-01,Ocala,3.122,3.524,3.883,-0.3511011809766984
2025-09-02,Ocala,3.108,3.501,3.852,-0.4484304932735328
2025-09-03,Ocala,3.149,3.572,3.94,1.3191763191763073
2025-09-04,Ocala,3.181,3.606,3.962,1.0161956176564013
2025-09-05,Ocala,3.174,3.597,3.943,-0.22005658597925581
2025-09-06,Ocala,3.139,3.561,3.934,-1.1027095148078203
2025-09-07,Ocala,3.12,3.542,3.915,-0.6052883083784599
2025-09-08,Ocala,3.101,3.524,3.875,-0.6089743589743679
2025-09-09,Ocala,3.077,3.505,3.836,-0.7739438890680406
2025-09-10,Ocala,3.055,3.473,3.82,-0.7149821254468613
2025-09-11,Ocala,3.03,3.444,3.798,-0.8183306055646544
2025-09-12,Ocala,3.005,3.405,3.763,-0.8250825082508184
2025-09-13,Ocala,2.982,3.378,3.764,-0.7653910149750365
2025-09-14,Ocala,2.967,3.379,3.751,-0.5030181086519203
2025-09-15,Ocala,2.966,3.386,3.748,-0.03370407819345278
2025-09-16,Ocala,3.169,3.608,3.97,6.8442346594740355
2025-09-17,Ocala,3.25,3.669,4.03,2.556011360050481
2025-09-18,Ocala,3.259,3.682,4.033,0.2769230769230635
2025-09-19,Ocala,3.241,3.652,4.008,-0.5523166615526209
2025-09-20,Ocala,3.208,3.628,3.998,-1.0182042579450767
2025-09-21,Ocala,3.188,3.597,3.972,-0.6234413965087282
2025-09-22,Ocala,3.172,3.578,3.931,-0.5018820577164407
2025-09-23,Ocala,3.137,3.551,3.908,-1.1034047919293855
2025-09-24,Ocala,3.097,3.514,3.874,-1.275103602167682
2025-09-25,Ocala,3.084,3.511,3.869,-0.4197610590894407
2025-09-26,Ocala,3.035,3.452,3.805,-1.5888456549935093
2025-09-27,Ocala,2.997,3.396,3.762,-1.252059308072495
2025-09-28,Ocala,2.978,3.358,3.754,-0.633967300633953
2025-09-29,Ocala,2.979,3.371,3.748,0.0335795836131636
2025-09-30,Ocala,3.111,3.566,3.899,4.431017119838865
2025-10-01,Ocala,3.157,3.584,3.916,1.478624236579873
2025-10-02,Ocala,3.147,3.565,3.914,-0.3167564143173984
2025-10-03,Ocala,3.116,3.532,3.889,-0.9850651414045064
2025-10-04,Ocala,3.087,3.534,3.866,-0.9306803594351654
2025-10-05,Ocala,3.076,3.508,3.848,-0.3563330093942385
2025-10-06,Ocala,3.061,3.478,3.837,-0.4876462938881665
2025-10-07,Ocala,3.033,3.46,3.814,-0.9147337471414607
2025-10-08,Ocala,3.007,3.439,3.789,-0.8572370590174683
2025-10-09,Ocala,3.029,3.476,3.84,0.7316262055204525
2025-10-10,Ocala,2.97,3.366,3.75,-1.9478375701551531
2025-10-11,Ocala,2.945,3.349,3.715,-0.8417508417508546
2025-10-12,Ocala,2.936,3.346,3.712,-0.3056027164685893
2025-10-13,Ocala,2.916,3.337,3.709,-0.6811989100817484
2025-10-14,Ocala,2.975,3.419,3.764,2.0233196159122224
2025-10-15,Ocala,3.0,3.43,3.777,0.8403361344537785
2025-10-16,Ocala,2.981,3.394,3.778,-0.6333333333333413
2025-10-17,Ocala,2.949,3.352,3.717,-1.073465280107344
2025-10-18,Ocala,2.908,3.309,3.653,-1.3903017972193954
2025-10-19,Ocala,2.881,3.291,3.658,-0.9284731774415467
2025-10-20,Ocala,2.865,3.278,3.633,-0.5553627212773193
2025-10-21,Ocala,2.838,3.221,3.581,-0.9424083769633551
2025-10-22,Ocala,2.928,3.372,3.74,3.1712473572938604
2025-10-23,Ocala,2.974,3.406,3.779,1.5710382513661303
2025-10-24,Ocala,2.978,3.399,3.767,0.13449899125757003
2025-10-25,Ocala,2.961,3.371,3.727,-0.5708529214237812
2025-10-26,Ocala,2.937,3.356,3.706,-0.8105369807497431
2025-10-27,Ocala,2.924,3.335,3.68,-0.44262853251616496
2025-10-28,Ocala,2.897,3.305,3.643,-0.9233926128590975
2025-11-01,Ocala,3.013,3.426,3.781,4.004142216085604
2025-11-03,Ocala,3.001,3.414,3.781,-0.3982741453700589
2025-11-07,Ocala,2.909,3.337,3.696,-3.0656447850716417
2025-11-08,Ocala,2.893,3.327,3.678,-0.5500171880371219
2025-11-09,Ocala,2.876,3.283,3.635,-0.5876253024541978
2025-11-11,Ocala,2.95,3.405,3.748,2.5730180806676106
2025-11-14,Ocala,2.96,3.398,3.745,0.3389830508474523
2025-11-15,Ocala,2.942,3.39,3.712,-0.6081081081080963
2025-11-16,Ocala,2.931,3.371,3.711,-0.373895309313399
2025-11-17,Ocala,2.925,3.353,3.687,-0.20470829068578444
2025-11-21,Ocala,3.179,3.605,3.967,8.683760683760688
2025-11-24,Ocala,3.156,3.577,3.937,-0.7234979553318532
2025-12-02,Ocala,3.032,3.475,3.814,-3.92902408111534
2025-12-04,Ocala,3.026,3.476,3.796,-0.19788918205805306
2025-12-11,Ocala,2.87,3.312,3.673,-5.155320555188359
2025-12-17,Ocala,2.905,3.354,3.682,1.21951219512193
2025-12-22,Ocala,2.871,3.285,3.612,-1.1703958691910432
2025-12-23,Ocala,2.831,3.231,3.583,-1.393242772553116
2025-12-26,Ocala,2.748,3.156,3.523,-2.9318262098198433
2025-12-27,Ocala,2.703,3.089,3.468,-1.6375545851528561
2025-12-29,Ocala,2.677,3.062,3.439,-0.9618941916389123
2025-12-30,Ocala,2.815,3.252,3.622,5.155024280911458
2022-01-28,Orlando,3.348,3.709,3.984,
2022-01-28,Orlando,3.348,3.709,3.984,0.0
2022-03-07,Orlando,3.983,4.306,4.597,18.966547192353644
2022-03-07,Orlando,3.983,4.306,4.597,0.0
2022-03-08,Orlando,3.983,4.306,4.597,0.0
2022-03-08,Orlando,3.983,4.306,4.597,0.0
2022-03-22,Orlando,4.053,4.432,4.724,1.7574692442882123
2022-03-22,Orlando,4.053,4.432,4.724,0.0
2022-04-01,Orlando,4.175,4.544,4.82,3.0101159634838393
2022-04-01,Orlando,4.175,4.544,4.82,0.0
2022-04-14,Orlando,3.957,4.331,4.627,-5.221556886227541
2022-04-19,Orlando,4.053,4.425,4.718,2.426080363912053
2022-05-11,Orlando,4.297,4.643,4.942,6.0202319269676785
2022-05-25,Orlando,4.585,4.934,5.228,6.702350477077035
2022-05-29,Orlando,4.588,4.941,5.237,0.0654307524536657
2022-05-31,Orlando,4.58,4.937,5.223,-0.17436791630339732
2022-06-06,Orlando,4.758,5.101,5.392,3.8864628820960645
2022-06-09,Orlando,4.743,5.093,5.391,-0.31525851197982124
2022-06-25,Orlando,4.628,5.007,5.295,-2.424625764284216
2022-06-26,Orlando,4.606,4.977,5.274,-0.4753673292999139
2022-06-27,Orlando,4.606,4.977,5.274,0.0
2022-06-29,Orlando,4.546,4.922,5.216,-1.3026487190620828
2022-06-30,Orlando,4.545,4.928,5.223,-0.02199736031677224
2022-07-02,Orlando,4.51,4.888,5.179,-0.7700770077007757
2022-07-10,Orlando,4.336,4.722,5.021,-3.8580931263857976
2022-08-01,Orlando,3.852,4.253,4.547,-11.162361623616246
2022-09-22,Orlando,3.344,3.727,4.018,-13.187954309449633
2022-09-23,Orlando,3.329,3.709,3.994,-0.44856459330142595
2022-09-27,Orlando,3.347,3.721,4.015,0.540702913787916
2022-10-02,Orlando,3.223,3.575,3.871,-3.7048102778607706
2022-10-03,Orlando,3.193,3.549,3.858,-0.9308098045299307
2022-10-04,Orlando,3.166,3.529,3.837,-0.8455997494519307
2022-11-05,Orlando,3.413,3.773,4.068,7.801642451042312
2022-11-10,Orlando,3.579,3.946,4.242,4.8637562261939715
2022-11-21,Orlando,3.429,3.814,4.091,-4.191114836546528
2022-11-26,Orlando,3.37,3.762,4.041,-1.7206182560513206
2022-11-28,Orlando,3.36,3.752,4.028,-0.29673590504452063
2022-11-30,Orlando,3.339,3.733,4.019,-0.6249999999999978
2022-12-01,Orlando,3.311,3.7,3.997,-0.8385744234800874
2022-12-05,Orlando,3.215,3.596,3.89,-2.8994261552401146
2022-12-07,Orlando,3.189,3.576,3.867,-0.8087091757387199
2022-12-08,Orlando,3.14,3.532,3.819,-1.5365318281592932
2022-12-10,Orlando,3.124,3.505,3.779,-0.5095541401273884
2023-01-19,Orlando,3.388,3.759,4.063,8.450704225352101
2023-03-23,Orlando,3.388,3.769,4.059,0.0
2023-03-27,Orlando,3.322,3.699,3.987,-1.9480519480519431
2023-03-30,Orlando,3.467,3.85,4.146,4.3648404575556965
2023-04-02,Orlando,3.477,3.857,4.151,0.2884338044418788
2023-04-03,Orlando,3.472,3.852,4.143,-0.1438021282714974
2023-05-15,Orlando,3.461,3.845,4.131,-0.31682027649769795
2023-05-16,Orlando,3.451,3.833,4.131,-0.28893383415197205
2023-05-17,Orlando,3.437,3.826,4.125,-0.40567951318458695
2023-05-18,Orlando,3.419,3.809,4.106,-0.5237125400058162
2023-05-22,Orlando,3.359,3.745,4.03,-1.7548990933021313
2023-05-24,Orlando,3.327,3.718,4.007,-0.952664483477228
2023-05-25,Orlando,3.309,3.7,3.997,-0.5410279531109063
2023-05-26,Orlando,3.347,3.689,3.986,1.1483831973405856
2023-05-30,Orlando,3.378,3.764,4.062,0.9262025694652065
2023-05-31,Orlando,3.372,3.763,4.056,-0.1776198934280715
2023-06-01,Orlando,3.359,3.754,4.048,-0.38552787663107546
2023-06-06,Orlando,3.277,3.671,3.956,-2.4412027389103863
2023-06-07,Orlando,3.256,3.653,3.937,-0.6408300274641565
2023-06-09,Orlando,3.372,3.751,4.032,3.5626535626535727
2023-06-10,Orlando,3.372,3.751,4.032,0.0
2023-06-13,Orlando,3.474,3.867,4.153,3.0249110320284878
2023-06-14,Orlando,3.461,3.856,4.147,-0.37420840529649446
2023-06-16,Orlando,3.427,3.824,4.112,-0.9823750361167227
2023-06-23,Orlando,3.317,3.708,4.0,-3.209804493726287
2023-07-04,Orlando,3.166,3.567,3.853,-4.552306300874287
2023-11-11,Orlando,3.217,3.626,3.923,1.6108654453569127
2023-11-29,Orlando,3.169,3.57,3.855,-1.4920733602735492
2024-01-18,Orlando,2.988,3.395,3.691,-5.71158094035974
2024-02-21,Orlando,3.352,3.72,4.016,12.182061579651936
2024-02-26,Orlando,3.288,3.685,3.983,-1.9093078758949944
2024-02-27,Orlando,3.256,3.657,3.958,-0.9732360097323589
2024-02-28,Orlando,3.346,3.711,4.008,2.7641277641277773
2024-03-01,Orlando,3.37,3.775,4.065,0.7172743574417328
2024-03-02,Orlando,3.342,3.752,4.052,-0.8308605341246333
2024-03-04,Orlando,3.323,3.731,4.027,-0.5685218432076589
2024-03-05,Orlando,3.277,3.676,3.98,-1.38429130303942
2024-04-11,Orlando,3.572,3.974,4.267,9.002136100091551
2024-04-22,Orlando,3.546,3.948,4.244,-0.7278835386338223
2024-04-23,Orlando,3.546,3.948,4.244,0.0
2024-05-06,Orlando,3.591,4.002,4.29,1.2690355329949332
2024-05-19,Orlando,3.424,3.841,4.13,-4.650515176830972
2024-05-24,Orlando,3.555,3.979,4.261,3.8259345794392496
2024-05-31,Orlando,3.48,3.906,4.191,-2.1097046413502185
2024-06-03,Orlando,3.421,3.827,4.117,-1.695402298850579
2024-06-12,Orlando,3.23,3.638,3.93,-5.583162817889498
2024-06-16,Orlando,3.194,3.612,3.897,-1.1145510835913308
2024-06-20,Orlando,3.375,3.772,4.051,5.666875391358794
2024-06-21,Orlando,3.375,3.772,4.051,0.0
2024-06-23,Orlando,3.362,3.777,4.068,-0.3851851851851773
2024-06-29,Orlando,3.392,3.812,4.112,0.8923259964306984
2024-07-04,Orlando,3.563,3.971,4.256,5.04127358490567
2024-07-09,Orlando,3.496,3.912,4.207,-1.8804378332865634
2024-07-10,Orlando,3.496,3.912,4.207,0.0
2024-07-12,Orlando,3.572,3.995,4.281,2.1739130434782705
2024-07-18,Orlando,3.473,3.889,4.183,-2.771556550951848
2024-07-22,Orlando,3.333,3.746,4.039,-4.031097034264319
2024-07-24,Orlando,3.47,3.897,4.181,4.110411041104101
2024-07-25,Orlando,3.47,3.897,4.181,0.0
2024-08-01,Orlando,3.404,3.83,4.119,-1.9020172910662936
2024-08-11,Orlando,3.292,3.704,4.008,-3.290246768507643
2024-08-16,Orlando,3.334,3.753,4.058,1.2758201701093652
2024-08-17,Orlando,3.334,3.753,4.058,0.0
2024-08-18,Orlando,3.268,3.684,3.996,-1.9796040791841718
2024-08-19,Orlando,3.25,3.654,3.972,-0.5507955936352449
2024-08-20,Orlando,3.25,3.654,3.972,0.0
2024-09-07,Orlando,3.196,3.62,3.921,-1.6615384615384587
2024-09-09,Orlando,3.125,3.529,3.834,-2.221526908635796
2024-09-16,Orlando,3.066,3.474,3.782,-1.8880000000000008
2024-09-19,Orlando,3.184,3.605,3.911,3.8486627527723583
2024-09-21,Orlando,3.144,3.572,3.874,-1.2562814070351758
2024-09-23,Orlando,3.144,3.572,3.874,0.0
2024-09-24,Orlando,3.155,3.553,3.852,0.3498727735368856
2024-09-25,Orlando,3.155,3.553,3.852,0.0
2024-09-26,Orlando,3.185,3.612,3.91,0.9508716323296529
2024-09-27,Orlando,3.187,3.615,3.915,0.06279434850862131
2024-10-01,Orlando,3.175,3.607,3.906,-0.376529651710078
2024-10-02,Orlando,3.156,3.586,3.888,-0.5984251968503829
2024-10-04,Orlando,3.128,3.556,3.86,-0.8871989860583018
2024-10-06,Orlando,3.096,3.514,3.819,-1.0230179028132946
2024-10-09,Orlando,3.096,3.515,3.84,0.0
2024-10-13,Orlando,3.075,3.483,3.778,-0.6782945736434121
2024-10-21,Orlando,3.07,3.48,3.787,-0.1626016260162677
2024-11-01,Orlando,3.043,3.461,3.768,-0.8794788273615572
2024-11-02,Orlando,3.043,3.461,3.768,0.0
2024-11-04,Orlando,2.973,3.38,3.681,-2.300361485376279
2024-11-05,Orlando,3.127,3.561,3.858,5.179952909519003
2024-11-06,Orlando,3.164,3.591,3.887,1.1832427246562416
2024-11-07,Orlando,3.178,3.602,3.899,0.4424778761061843
2024-11-08,Orlando,3.161,3.59,3.888,-0.5349276274386416
2024-11-10,Orlando,3.122,3.547,3.84,-1.2337867763366095
2024-11-11,Orlando,3.107,3.529,3.82,-0.48046124279307323
2024-11-12,Orlando,3.078,3.494,3.798,-0.9333762471837925
2024-11-13,Orlando,3.043,3.469,3.776,-1.1371020142949884
2024-11-14,Orlando,3.009,3.434,3.737,-1.1173184357541999
2024-11-15,Orlando,3.119,3.504,3.809,3.655699567962789
2024-11-16,Orlando,3.162,3.587,3.889,1.3786470022443043
2024-11-17,Orlando,3.153,3.586,3.884,-0.2846299810246644
2024-11-18,Orlando,3.143,3.563,3.861,-0.31715826197272756
2024-11-19,Orlando,3.107,3.522,3.832,-1.1454024817053599
2024-11-20,Orlando,3.064,3.484,3.778,-1.3839716768587085
2024-11-21,Orlando,3.014,3.43,3.732,-1.6318537859007942
2024-11-22,Orlando,2.97,3.385,3.688,-1.4598540145985273
2024-11-24,Orlando,3.163,3.589,3.87,6.498316498316492
2024-11-25,Orlando,3.169,3.59,3.871,0.1896933291179348
2024-11-26,Orlando,3.151,3.572,3.86,-0.5680025244556686
2024-11-27,Orlando,3.16,3.578,3.863,0.2856236115518884
2024-11-28,Orlando,3.162,3.588,3.879,0.06329113924050667
2024-12-01,Orlando,3.129,3.553,3.833,-1.0436432637571103
2024-12-02,Orlando,3.118,3.538,3.815,-0.3515500159795515
2024-12-03,Orlando,3.073,3.499,3.786,-1.4432328415651008
2024-12-05,Orlando,2.994,3.406,3.717,-2.5707777416205557
2024-12-06,Orlando,2.954,3.364,3.678,-1.3360053440213737
2024-12-07,Orlando,3.056,3.507,3.813,3.452945159106302
2024-12-08,Orlando,3.137,3.57,3.87,2.650523560209428
2024-12-09,Orlando,3.167,3.596,3.889,0.9563277016257477
2024-12-10,Orlando,3.147,3.569,3.871,-0.6315124723713317
2024-12-11,Orlando,3.107,3.527,3.838,-1.2710517953606448
2024-12-12,Orlando,3.061,3.478,3.789,-1.4805278403604794
2024-12-13,Orlando,3.017,3.435,3.747,-1.4374387455080018
2024-12-16,Orlando,3.174,3.603,3.902,5.203844879018904
2024-12-17,Orlando,3.156,3.579,3.88,-0.5671077504725841
2024-12-18,Orlando,3.118,3.541,3.842,-1.2040557667934215
2024-12-19,Orlando,3.074,3.502,3.8,-1.4111610006414366
2024-12-20,Orlando,3.036,3.46,3.763,-1.2361743656473578
2024-12-23,Orlando,2.966,3.373,3.684,-2.305665349143604
2024-12-24,Orlando,3.108,3.546,3.85,4.787592717464606
2024-12-27,Orlando,3.134,3.559,3.859,0.8365508365508312
2024-12-28,Orlando,3.106,3.53,3.827,-0.8934269304403331
2024-12-29,Orlando,3.091,3.512,3.812,-0.4829362524146674
2024-12-30,Orlando,3.081,3.498,3.8,-0.3235198964736452
2025-01-01,Orlando,3.137,3.576,3.876,1.8175916910094125
2025-01-02,Orlando,3.159,3.588,3.89,0.7013069811922179
2025-01-03,Orlando,3.167,3.596,3.897,0.2532446976891478
2025-01-05,Orlando,3.137,3.564,3.859,-0.947268708556992
2025-01-06,Orlando,3.126,3.544,3.844,-0.35065349059612005
2025-01-07,Orlando,3.089,3.505,3.812,-1.1836212412028146
2025-01-08,Orlando,3.051,3.468,3.779,-1.2301715765619892
2025-01-09,Orlando,3.141,3.579,3.884,2.9498525073746285
2025-01-11,Orlando,3.147,3.574,3.882,0.19102196752625034
2025-01-13,Orlando,3.109,3.522,3.826,-1.2074992055926215
2025-01-14,Orlando,3.22,3.662,3.961,3.5702798327436502
2025-01-15,Orlando,3.262,3.688,3.993,1.304347826086949
2025-01-16,Orlando,3.266,3.689,3.994,0.12262415695891704
2025-01-17,Orlando,3.245,3.667,3.971,-0.642988364972441
2025-01-18,Orlando,3.218,3.639,3.947,-0.8320493066255819
2025-01-19,Orlando,3.201,3.621,3.929,-0.5282784338098145
2025-01-20,Orlando,3.179,3.59,3.896,-0.6872852233677063
2025-01-21,Orlando,3.149,3.564,3.866,-0.9436929852154718
2025-01-23,Orlando,3.104,3.514,3.822,-1.4290250873293053
2025-01-24,Orlando,3.214,3.656,3.961,3.543814432989678
2025-01-26,Orlando,3.239,3.66,3.967,0.7778469197261995
2025-01-27,Orlando,3.227,3.642,3.946,-0.3704847175054038
2025-01-28,Orlando,3.202,3.623,3.924,-0.7747133560582542
2025-01-30,Orlando,3.159,3.576,3.892,-1.342910680824494
2025-02-01,Orlando,3.111,3.529,3.845,-1.5194681861348425
2025-02-02,Orlando,3.097,3.511,3.827,-0.4500160720025792
2025-02-03,Orlando,3.084,3.491,3.805,-0.4197610590894407
2025-02-04,Orlando,3.228,3.654,3.953,4.669260700389111
2025-02-06,Orlando,3.27,3.694,3.997,1.3011152416356753
2025-02-07,Orlando,3.27,3.694,3.997,0.0
2025-02-09,Orlando,3.206,3.627,3.934,-1.957186544342504
2025-02-10,Orlando,3.195,3.607,3.914,-0.34310667498440584
2025-02-11,Orlando,3.167,3.582,3.89,-0.8763693270735562
2025-02-12,Orlando,3.144,3.566,3.876,-0.7262393432270198
2025-02-13,Orlando,3.109,3.528,3.842,-1.1132315521628522
2025-02-15,Orlando,3.051,3.463,3.776,-1.8655516243164971
2025-02-16,Orlando,3.035,3.438,3.754,-0.5244182235332628
2025-02-17,Orlando,3.018,3.421,3.733,-0.5601317957166452
2025-02-18,Orlando,3.145,3.585,3.888,4.208084824387015
2025-02-19,Orlando,3.175,3.602,3.907,0.9538950715421324
2025-02-20,Orlando,3.175,3.602,3.911,0.0
2025-02-21,Orlando,3.162,3.587,3.898,-0.40944881889763973
2025-02-22,Orlando,3.138,3.562,3.869,-0.7590132827324458
2025-02-23,Orlando,3.12,3.538,3.845,-0.5736137667303964
2025-02-25,Orlando,3.158,3.588,3.896,1.2179487179487136
2025-02-26,Orlando,3.182,3.603,3.913,0.7599746675110763
2025-02-27,Orlando,3.163,3.586,3.892,-0.5971087366436256
2025-02-28,Orlando,3.138,3.557,3.867,-0.7903888713246876
2025-03-01,Orlando,3.116,3.53,3.849,-0.7010834926704845
2025-03-02,Orlando,3.1,3.511,3.828,-0.5134788189987138
2025-03-03,Orlando,3.088,3.501,3.806,-0.3870967741935516
2025-03-04,Orlando,3.06,3.475,3.788,-0.90673575129534
2025-03-06,Orlando,3.17,3.597,3.902,3.5947712418300526
2025-03-07,Orlando,3.166,3.591,3.899,-0.12618296529968154
2025-03-08,Orlando,3.144,3.571,3.879,-0.6948831332912131
2025-03-09,Orlando,3.128,3.553,3.858,-0.5089058524173073
2025-03-10,Orlando,3.113,3.535,3.836,-0.4795396419437381
2025-03-11,Orlando,3.088,3.504,3.807,-0.8030838419531006
2025-03-12,Orlando,3.061,3.479,3.785,-0.8743523316062207
2025-03-13,Orlando,3.037,3.445,3.763,-0.7840574975498171
2025-03-14,Orlando,3.145,3.582,3.891,3.5561409285479018
2025-03-15,Orlando,3.151,3.573,3.878,0.1907790143084176
2025-03-16,Orlando,3.143,3.566,3.87,-0.2538876547127922
2025-03-17,Orlando,3.133,3.55,3.856,-0.31816735602926416
2025-03-18,Orlando,3.105,3.524,3.826,-0.8937120970315959
2025-03-19,Orlando,3.071,3.499,3.799,-1.0950080515297889
2025-03-20,Orlando,3.036,3.455,3.766,-1.13969391077825
2025-03-21,Orlando,3.006,3.424,3.727,-0.988142292490124
2025-03-22,Orlando,2.981,3.392,3.701,-0.8316699933466398
2025-03-24,Orlando,2.954,3.357,3.657,-0.9057363300905674
2025-03-25,Orlando,3.147,3.582,3.879,6.53351387948542
2025-03-26,Orlando,3.175,3.597,3.91,0.8897362567524603
2025-03-27,Orlando,3.185,3.607,3.916,0.31496062992126816
2025-03-28,Orlando,3.179,3.596,3.903,-0.18838304552590834
2025-03-29,Orlando,3.154,3.573,3.883,-0.7864108210128951
2025-03-30,Orlando,3.133,3.548,3.858,-0.665821179454662
2025-03-31,Orlando,3.118,3.526,3.832,-0.4787743376955089
2025-04-02,Orlando,3.232,3.669,3.969,3.656189865298276
2025-04-03,Orlando,3.272,3.688,3.991,1.2376237623762165
2025-04-04,Orlando,3.267,3.688,3.992,-0.15281173594131614
2025-04-05,Orlando,3.246,3.665,3.97,-0.6427915518824601
2025-04-06,Orlando,3.228,3.646,3.95,-0.554528650646946
2025-04-07,Orlando,3.215,3.626,3.924,-0.4027261462205778
2025-04-08,Orlando,3.239,3.661,3.958,0.7465007776049859
2025-04-09,Orlando,3.242,3.668,3.966,0.09262117937636205
2025-04-10,Orlando,3.216,3.638,3.941,-0.8019740900678585
2025-04-11,Orlando,3.192,3.61,3.917,-0.7462686567164201
2025-04-12,Orlando,3.158,3.569,3.878,-1.06516290726818
2025-04-13,Orlando,3.138,3.545,3.854,-0.633312222925908
2025-04-14,Orlando,3.12,3.525,3.834,-0.5736137667303964
2025-04-15,Orlando,3.095,3.51,3.816,-0.8012820512820484
2025-04-16,Orlando,3.065,3.477,3.784,-0.9693053311793265
2025-04-17,Orlando,3.039,3.452,3.762,-0.8482871125611635
2025-04-18,Orlando,3.035,3.456,3.764,-0.1316222441592685
2025-04-19,Orlando,3.027,3.439,3.749,-0.2635914332784206
2025-04-20,Orlando,3.012,3.419,3.726,-0.49554013875123815
2025-04-21,Orlando,2.998,3.404,3.717,-0.4648074369189792
2025-04-22,Orlando,3.131,3.572,3.879,4.436290860573711
2025-04-23,Orlando,3.168,3.593,3.905,1.1817310763334588
2025-04-24,Orlando,3.156,3.586,3.889,-0.37878787878787845
2025-04-25,Orlando,3.133,3.555,3.858,-0.7287705956907531
2025-04-26,Orlando,3.097,3.513,3.819,-1.1490584104691948
2025-04-27,Orlando,3.077,3.493,3.795,-0.6457862447529883
2025-04-28,Orlando,3.056,3.467,3.772,-0.682482937926554
2025-04-29,Orlando,3.108,3.546,3.857,1.7015706806282838
2025-04-30,Orlando,3.225,3.663,3.97,3.7644787644787625
2025-05-01,Orlando,3.249,3.673,3.978,0.7441860465116301
2025-05-02,Orlando,3.222,3.644,3.944,-0.8310249307479256
2025-05-03,Orlando,3.184,3.609,3.91,-1.1793916821849715
2025-05-04,Orlando,3.163,3.586,3.888,-0.6595477386934778
2025-05-05,Orlando,3.146,3.566,3.858,-0.5374644325007893
2025-05-06,Orlando,3.103,3.515,3.826,-1.3668150031786341
2025-05-07,Orlando,3.065,3.478,3.794,-1.2246213341927215
2025-05-08,Orlando,3.025,3.441,3.747,-1.3050570962479635
2025-05-09,Orlando,2.99,3.407,3.715,-1.157024793388417
2025-05-10,Orlando,2.96,3.377,3.687,-1.0033444816053616
2025-05-11,Orlando,2.944,3.357,3.671,-0.5405405405405461
2025-05-12,Orlando,2.926,3.326,3.635,-0.6114130434782594
2025-05-13,Orlando,3.119,3.561,3.865,6.596035543403955
2025-05-14,Orlando,3.159,3.586,3.89,1.2824623276691094
2025-05-15,Orlando,3.161,3.585,3.893,0.06331117442228695
2025-05-16,Orlando,3.137,3.56,3.866,-0.7592534008225238
2025-05-17,Orlando,3.104,3.527,3.832,-1.0519604717883269
2025-05-18,Orlando,3.076,3.493,3.801,-0.9020618556700999
2025-05-19,Orlando,3.055,3.463,3.769,-0.6827048114434353
2025-05-20,Orlando,3.019,3.434,3.74,-1.1783960720130993
2025-05-21,Orlando,3.145,3.584,3.891,4.17356740642596
2025-05-22,Orlando,3.172,3.601,3.907,0.8585055643879125
2025-05-23,Orlando,3.162,3.592,3.894,-0.31525851197983235
2025-05-24,Orlando,3.13,3.563,3.859,-1.0120177103099315
2025-05-25,Orlando,3.103,3.528,3.828,-0.8626198083066972
2025-05-26,Orlando,3.078,3.491,3.791,-0.8056719303899618
2025-05-27,Orlando,3.058,3.468,3.774,-0.649772579597141
2025-05-28,Orlando,3.02,3.435,3.742,-1.2426422498364897
2025-05-29,Orlando,3.14,3.579,3.891,3.9735099337748325
2025-05-30,Orlando,3.169,3.598,3.902,0.9235668789808971
2025-05-31,Orlando,3.15,3.584,3.887,-0.5995582202587557
2025-06-01,Orlando,3.13,3.556,3.866,-0.6349206349206327
2025-06-02,Orlando,3.111,3.526,3.835,-0.6070287539935992
2025-06-03,Orlando,3.077,3.497,3.808,-1.0928961748634003
2025-06-04,Orlando,3.038,3.46,3.772,-1.267468313292175
2025-06-05,Orlando,3.137,3.583,3.89,3.2587228439763027
2025-06-07,Orlando,3.145,3.577,3.882,0.25502072043352975
2025-06-08,Orlando,3.119,3.544,3.846,-0.8267090620031725
2025-06-09,Orlando,3.091,3.506,3.808,-0.8977236293683855
2025-06-10,Orlando,3.048,3.467,3.775,-1.391135554836631
2025-06-11,Orlando,3.004,3.425,3.741,-1.4435695538057791
2025-06-13,Orlando,2.94,3.36,3.666,-2.130492676431428
2025-06-14,Orlando,2.922,3.338,3.65,-0.6122448979591799
2025-06-15,Orlando,2.917,3.325,3.64,-0.17111567419576534
2025-06-16,Orlando,2.92,3.322,3.637,0.1028453890983938
2025-06-17,Orlando,3.125,3.564,3.871,7.02054794520548
2025-06-18,Orlando,3.166,3.596,3.899,1.312000000000002
2025-06-19,Orlando,3.172,3.596,3.905,0.18951358180669953
2025-06-20,Orlando,3.148,3.569,3.883,-0.7566204287515754
2025-06-21,Orlando,3.121,3.539,3.855,-0.8576874205845075
2025-06-22,Orlando,3.101,3.52,3.833,-0.6408202499198934
2025-06-23,Orlando,3.086,3.5,3.81,-0.4837149306675337
2025-06-24,Orlando,3.06,3.471,3.785,-0.8425145819831448
2025-06-25,Orlando,3.029,3.447,3.767,-1.013071895424844
2025-06-26,Orlando,2.983,3.4,3.725,-1.5186530207989324
2025-06-27,Orlando,2.947,3.367,3.685,-1.2068387529332925
2025-06-28,Orlando,2.913,3.338,3.654,-1.1537156430268203
2025-06-29,Orlando,2.896,3.318,3.633,-0.5835907998626766
2025-06-30,Orlando,2.874,3.297,3.611,-0.7596685082872812
2025-07-01,Orlando,3.108,3.553,3.858,8.141962421711902
2025-07-02,Orlando,3.154,3.58,3.902,1.4800514800514808
2025-07-03,Orlando,3.152,3.574,3.889,-0.06341154090043766
2025-07-04,Orlando,3.124,3.546,3.858,-0.8883248730964466
2025-07-05,Orlando,3.099,3.519,3.829,-0.8002560819462157
2025-07-06,Orlando,3.075,3.49,3.796,-0.7744433688286589
2025-07-07,Orlando,3.054,3.466,3.778,-0.6829268292683044
2025-07-08,Orlando,3.025,3.434,3.743,-0.9495743287491809
2025-07-09,Orlando,2.991,3.405,3.717,-1.1239669421487575
2025-07-10,Orlando,2.958,3.372,3.682,-1.1033099297893645
2025-07-11,Orlando,2.934,3.348,3.664,-0.8113590263691739
2025-07-12,Orlando,2.906,3.319,3.634,-0.9543285616905206
2025-07-13,Orlando,2.894,3.299,3.619,-0.4129387474191337
2025-07-14,Orlando,2.88,3.277,3.595,-0.4837595024188013
2025-07-15,Orlando,2.907,3.302,3.617,0.9375000000000133
2025-07-16,Orlando,3.115,3.561,3.87,7.155142758857935
2025-07-17,Orlando,3.154,3.581,3.896,1.252006420545726
2025-07-18,Orlando,3.145,3.575,3.888,-0.28535193405199166
2025-07-19,Orlando,3.108,3.534,3.849,-1.17647058823529
2025-07-20,Orlando,3.081,3.5,3.815,-0.8687258687258725
2025-07-21,Orlando,3.055,3.466,3.778,-0.8438818565400741
2025-07-22,Orlando,3.014,3.426,3.734,-1.3420621931260368
2025-07-23,Orlando,2.982,3.397,3.708,-1.0617120106171107
2025-07-24,Orlando,3.135,3.576,3.883,5.130784708249481
2025-07-25,Orlando,3.165,3.589,3.901,0.9569377990430672
2025-07-26,Orlando,3.148,3.577,3.886,-0.5371248025276443
2025-07-27,Orlando,3.122,3.545,3.858,-0.8259212198221122
2025-07-28,Orlando,3.106,3.525,3.831,-0.5124919923126248
2025-07-29,Orlando,3.063,3.481,3.793,-1.384417256922077
2025-07-30,Orlando,3.024,3.441,3.757,-1.2732615083251742
2025-07-31,Orlando,2.988,3.402,3.715,-1.1904761904761862
2025-08-01,Orlando,2.96,3.372,3.687,-0.9370816599732268
2025-08-02,Orlando,2.93,3.339,3.657,-1.0135135135135087
2025-08-03,Orlando,2.914,3.318,3.637,-0.546075085324238
2025-08-04,Orlando,2.895,3.296,3.62,-0.6520247083047437
2025-08-05,Orlando,3.12,3.56,3.875,7.772020725388606
2025-08-06,Orlando,3.156,3.582,3.89,1.1538461538461497
2025-08-07,Orlando,3.148,3.578,3.883,-0.25348542458808465
2025-08-08,Orlando,3.124,3.552,3.859,-0.7623888182973326
2025-08-09,Orlando,3.092,3.512,3.824,-1.0243277848911658
2025-08-10,Orlando,3.071,3.488,3.799,-0.6791720569210846
2025-08-11,Orlando,3.053,3.464,3.777,-0.5861282969716775
2025-08-12,Orlando,3.021,3.436,3.748,-1.0481493612839787
2025-08-13,Orlando,3.142,3.578,3.892,4.005296259516711
2025-08-14,Orlando,3.168,3.595,3.908,0.8274984086569237
2025-08-15,Orlando,3.162,3.591,3.9,-0.18939393939394478
2025-08-16,Orlando,3.133,3.562,3.873,-0.917141049968373
2025-08-17,Orlando,3.11,3.536,3.847,-0.7341206511331078
2025-08-18,Orlando,3.093,3.512,3.822,-0.5466237942122198
2025-08-19,Orlando,3.052,3.471,3.785,-1.3255738764953118
2025-08-20,Orlando,3.019,3.438,3.758,-1.081258191349932
2025-08-21,Orlando,2.983,3.397,3.723,-1.192447830407417
2025-08-22,Orlando,2.95,3.365,3.684,-1.106268856855508
2025-08-23,Orlando,2.922,3.341,3.655,-0.9491525423728775
2025-08-24,Orlando,2.908,3.327,3.631,-0.479123887748123
2025-08-25,Orlando,2.895,3.296,3.617,-0.4470426409903694
2025-08-26,Orlando,3.111,3.553,3.865,7.46113989637307
2025-08-27,Orlando,3.157,3.578,3.886,1.478624236579873
2025-08-28,Orlando,3.156,3.582,3.889,-0.03167564143173873
2025-08-29,Orlando,3.131,3.559,3.869,-0.792141951837777
2025-08-30,Orlando,3.103,3.528,3.834,-0.8942829766847571
2025-08-31,Orlando,3.083,3.503,3.81,-0.6445375443119516
2025-09-01,Orlando,3.063,3.473,3.785,-0.6487187804086969
2025-09-02,Orlando,3.043,3.455,3.764,-0.6529546196539338
2025-09-03,Orlando,3.151,3.587,3.894,3.549129148866248
2025-09-04,Orlando,3.17,3.6,3.911,0.6029831799428731
2025-09-05,Orlando,3.156,3.585,3.895,-0.44164037854889093
2025-09-06,Orlando,3.133,3.56,3.876,-0.7287705956907531
2025-09-07,Orlando,3.113,3.537,3.852,-0.6383657835939971
2025-09-08,Orlando,3.101,3.518,3.829,-0.3854802441374927
2025-09-09,Orlando,3.068,3.483,3.799,-1.0641728474685586
2025-09-10,Orlando,3.035,3.451,3.767,-1.0756192959582744
2025-09-11,Orlando,3.003,3.422,3.733,-1.0543657331136713
2025-09-12,Orlando,2.97,3.382,3.7,-1.098901098901095
2025-09-13,Orlando,2.938,3.349,3.669,-1.077441077441077
2025-09-14,Orlando,2.915,3.324,3.642,-0.7828454731109602
2025-09-15,Orlando,3.013,3.454,3.768,3.3619210977701597
2025-09-16,Orlando,3.2,3.65,3.963,6.206438765350164
2025-09-17,Orlando,3.247,3.678,3.98,1.4687499999999964
2025-09-18,Orlando,3.237,3.669,3.975,-0.3079765937788692
2025-09-19,Orlando,3.203,3.634,3.94,-1.0503552672227467
2025-09-20,Orlando,3.163,3.589,3.902,-1.248829222603809
2025-09-21,Orlando,3.138,3.559,3.877,-0.7903888713246876
2025-09-22,Orlando,3.119,3.539,3.852,-0.6054811982154185
2025-09-23,Orlando,3.078,3.496,3.812,-1.3145238858608632
2025-09-24,Orlando,3.038,3.456,3.777,-1.299545159194282
2025-09-25,Orlando,3.037,3.454,3.779,-0.03291639236339128
2025-09-26,Orlando,2.985,3.403,3.72,-1.7122160026341815
2025-09-27,Orlando,2.936,3.35,3.665,-1.6415410385259621
2025-09-28,Orlando,2.917,3.326,3.646,-0.6471389645776648
2025-09-29,Orlando,3.01,3.454,3.764,3.1882070620500524
2025-09-30,Orlando,3.135,3.579,3.892,4.152823920265791
2025-10-01,Orlando,3.159,3.584,3.9,0.7655502392344582
2025-10-02,Orlando,3.138,3.56,3.874,-0.6647673314339908
2025-10-03,Orlando,3.105,3.526,3.839,-1.051625239005738
2025-10-04,Orlando,3.067,3.491,3.81,-1.2238325281803464
2025-10-05,Orlando,3.048,3.465,3.785,-0.6194978806651541
2025-10-06,Orlando,3.03,3.442,3.762,-0.5905511811023723
2025-10-07,Orlando,2.995,3.415,3.734,-1.1551155115511413
2025-10-08,Orlando,2.969,3.388,3.71,-0.8681135225375725
2025-10-09,Orlando,2.987,3.419,3.739,0.6062647356012141
2025-10-10,Orlando,2.938,3.358,3.679,-1.6404419149648408
2025-10-11,Orlando,2.924,3.346,3.665,-0.47651463580667963
2025-10-12,Orlando,2.917,3.343,3.655,-0.2393980848153232
2025-10-13,Orlando,2.914,3.336,3.647,-0.1028453890983827
2025-10-14,Orlando,2.974,3.405,3.718,2.05902539464653
2025-10-15,Orlando,2.983,3.414,3.722,0.302622730329527
2025-10-16,Orlando,2.969,3.399,3.714,-0.4693261816962835
2025-10-17,Orlando,2.948,3.379,3.695,-0.7073088582014164
2025-10-18,Orlando,2.921,3.348,3.659,-0.915875169606517
2025-10-19,Orlando,2.906,3.327,3.647,-0.5135227661759556
2025-10-20,Orlando,2.891,3.307,3.624,-0.5161734342739255
2025-10-21,Orlando,2.869,3.288,3.607,-0.7609823590453035
2025-10-22,Orlando,2.959,3.402,3.713,3.1369815266643286
2025-10-23,Orlando,2.976,3.408,3.722,0.5745184183845842
2025-10-24,Orlando,2.962,3.395,3.707,-0.47043010752687575
2025-10-25,Orlando,2.945,3.382,3.691,-0.5739365293720544
2025-10-26,Orlando,2.94,3.369,3.682,-0.1697792869269965
2025-10-27,Orlando,2.935,3.356,3.671,-0.170068027210879
2025-10-28,Orlando,2.909,3.335,3.649,-0.8858603066439596
2025-11-01,Orlando,3.004,3.426,3.744,3.2657270539704353
2025-11-03,Orlando,2.983,3.408,3.713,-0.6990679094540542
2025-11-07,Orlando,2.891,3.314,3.626,-3.084143479718404
2025-11-08,Orlando,2.87,3.296,3.611,-0.7263922518159771
2025-11-09,Orlando,2.858,3.275,3.592,-0.4181184668989535
2025-11-11,Orlando,2.957,3.394,3.707,3.4639608117564613
2025-11-14,Orlando,2.959,3.388,3.697,0.0676361176868534
2025-11-15,Orlando,2.946,3.376,3.687,-0.439337614058799
2025-11-16,Orlando,2.941,3.367,3.68,-0.16972165648337922
2025-11-17,Orlando,2.937,3.357,3.668,-0.13600816048963127
2025-11-21,Orlando,3.16,3.598,3.907,7.592781750085131
2025-11-24,Orlando,3.149,3.58,3.891,-0.34810126582278667
2025-12-02,Orlando,3.051,3.481,3.792,-3.1120990790727165
2025-12-04,Orlando,3.039,3.472,3.788,-0.3933136676499527
2025-12-11,Orlando,2.843,3.264,3.587,-6.44948996380389
2025-12-17,Orlando,2.932,3.369,3.689,3.1304959549771416
2025-12-22,Orlando,2.892,3.313,3.623,-1.3642564802182844
2025-12-23,Orlando,2.861,3.285,3.6,-1.0719225449515757
2025-12-26,Orlando,2.809,3.233,3.543,-1.8175463124781577
2025-12-27,Orlando,2.772,3.193,3.497,-1.317194731221083
2025-12-29,Orlando,2.738,3.15,3.466,-1.2265512265512202
2025-12-30,Orlando,2.853,3.289,3.595,4.200146092037982
2022-01-28,Panama City,3.211,3.557,3.891,
2022-01-28,Panama City,3.211,3.557,3.891,0.0
2022-03-07,Panama City,4.039,4.288,4.581,25.786359389598257
2022-03-07,Panama City,4.039,4.288,4.581,0.0
2022-03-08,Panama City,4.039,4.288,4.581,0.0
2022-03-08,Panama City,4.039,4.288,4.581,0.0
2022-03-22,Panama City,4.116,4.44,4.803,1.906412478336228
2022-03-22,Panama City,4.116,4.44,4.803,0.0
2022-04-01,Panama City,4.102,4.434,4.764,-0.340136054421758
2022-04-01,Panama City,4.102,4.434,4.764,0.0
2022-04-14,Panama City,3.871,4.227,4.586,-5.631399317406149
2022-04-19,Panama City,3.983,4.265,4.654,2.893309222423146
2022-05-11,Panama City,4.233,4.526,4.919,6.276675872457926
2022-05-25,Panama City,4.404,4.763,5.141,4.039688164422395
2022-05-29,Panama City,4.397,4.705,5.096,-0.15894641235240092
2022-05-31,Panama City,4.388,4.731,5.104,-0.204685012508532
2022-06-06,Panama City,4.603,4.905,5.245,4.8997265268915235
2022-06-09,Panama City,4.715,5.0,5.379,2.433195741907457
2022-06-25,Panama City,4.579,5.014,5.344,-2.884411452810187
2022-06-26,Panama City,4.568,4.955,5.295,-0.2402271238261644
2022-06-27,Panama City,4.568,4.955,5.295,0.0
2022-06-29,Panama City,4.524,4.846,5.242,-0.9632224168126036
2022-06-30,Panama City,4.508,4.836,5.261,-0.35366931918655586
2022-07-02,Panama City,4.465,4.819,5.173,-0.9538598047914904
2022-07-10,Panama City,4.296,4.738,5.078,-3.784994400895847
2022-08-01,Panama City,3.752,4.152,4.512,-12.662942271880828
2022-09-22,Panama City,3.264,3.621,3.984,-13.006396588486147
2022-09-23,Panama City,3.257,3.596,3.984,-0.21446078431371918
2022-09-27,Panama City,3.263,3.65,4.022,0.1842186060792006
2022-10-02,Panama City,3.146,3.524,3.865,-3.585657370517925
2022-10-03,Panama City,3.104,3.476,3.825,-1.3350286077558726
2022-10-04,Panama City,3.071,3.434,3.759,-1.0631443298969034
2022-11-05,Panama City,3.32,3.654,4.04,8.108108108108091
2022-11-10,Panama City,3.346,3.671,4.101,0.7831325301204783
2022-11-21,Panama City,3.211,3.57,3.908,-4.034668260609687
2022-11-26,Panama City,3.123,3.466,3.882,-2.7405792587978706
2022-11-28,Panama City,3.112,3.438,3.78,-0.352225424271535
2022-11-30,Panama City,3.097,3.46,3.795,-0.4820051413881754
2022-12-01,Panama City,3.075,3.412,3.762,-0.7103648692282749
2022-12-05,Panama City,3.0,3.292,3.677,-2.4390243902439046
2022-12-07,Panama City,2.997,3.311,3.654,-0.10000000000000009
2022-12-08,Panama City,2.973,3.359,3.621,-0.800800800800805
2022-12-10,Panama City,2.968,3.354,3.633,-0.16818028927009232
2023-01-19,Panama City,3.173,3.514,3.867,6.9070080862533745
2023-03-23,Panama City,3.16,3.513,3.894,-0.409706901985496
2023-03-27,Panama City,3.176,3.523,3.873,0.5063291139240533
2023-03-30,Panama City,3.215,3.505,3.893,1.2279596977329943
2023-04-02,Panama City,3.232,3.57,3.961,0.5287713841368724
2023-04-03,Panama City,3.236,3.563,3.934,0.12376237623761277
2023-05-15,Panama City,3.154,3.501,3.768,-2.533992583436351
2023-05-16,Panama City,3.151,3.503,3.834,-0.09511731135066759
2023-05-17,Panama City,3.15,3.507,3.899,-0.03173595683909625
2023-05-18,Panama City,3.127,3.495,3.871,-0.7301587301587364
2023-05-22,Panama City,3.15,3.505,3.821,0.7355292612727826
2023-05-24,Panama City,3.205,3.582,3.969,1.746031746031762
2023-05-25,Panama City,3.231,3.6,4.004,0.8112324492979717
2023-05-26,Panama City,3.27,3.595,3.975,1.20705663881151
2023-05-30,Panama City,3.285,3.654,4.001,0.4587155963302836
2023-05-31,Panama City,3.292,3.664,4.032,0.21308980213088358
2023-06-01,Panama City,3.284,3.686,4.005,-0.2430133657351119
2023-06-06,Panama City,3.256,3.608,3.999,-0.8526187576126665
2023-06-07,Panama City,3.249,3.597,3.957,-0.2149877149877022
2023-06-09,Panama City,3.227,3.623,3.975,-0.6771314250538674
2023-06-10,Panama City,3.227,3.623,3.975,0.0
2023-06-13,Panama City,3.237,3.61,3.987,0.30988534242331056
2023-06-14,Panama City,3.228,3.609,3.991,-0.278035217794248
2023-06-16,Panama City,3.221,3.594,3.955,-0.21685254027261625
2023-06-23,Panama City,3.313,3.708,4.078,2.856255821173548
2023-07-04,Panama City,3.264,3.601,3.979,-1.4790220344099159
2023-11-11,Panama City,3.071,3.457,3.838,-5.912990196078416
2023-11-29,Panama City,2.917,3.288,3.683,-5.014653207424303
2024-01-18,Panama City,2.823,3.225,3.581,-3.2224888584161726
2024-02-21,Panama City,3.071,3.473,3.865,8.784980517180308
2024-02-26,Panama City,3.058,3.467,3.855,-0.4233148811462195
2024-02-27,Panama City,3.075,3.423,3.842,0.5559189012426469
2024-02-28,Panama City,3.073,3.419,3.836,-0.06504065040651152
2024-03-01,Panama City,3.121,3.472,3.855,1.5619915392125039
2024-03-02,Panama City,3.126,3.493,3.875,0.1602050624799789
2024-03-04,Panama City,3.116,3.52,3.892,-0.31989763275751537
2024-03-05,Panama City,3.119,3.469,3.883,0.09627727856227342
2024-04-11,Panama City,3.257,3.607,4.018,4.424495030458475
2024-04-22,Panama City,3.301,3.667,4.068,1.350936444580908
2024-04-23,Panama City,3.301,3.667,4.068,0.0
2024-05-06,Panama City,3.37,3.752,4.14,2.0902756740381667
2024-05-19,Panama City,3.247,3.677,4.012,-3.649851632047485
2024-05-24,Panama City,3.237,3.632,4.058,-0.3079765937788692
2024-05-31,Panama City,3.188,3.568,3.985,-1.5137472968798193
2024-06-03,Panama City,3.172,3.581,3.91,-0.5018820577164407
2024-06-12,Panama City,3.083,3.505,3.869,-2.8058007566204246
2024-06-16,Panama City,3.069,3.505,3.886,-0.45410314628608894
2024-06-20,Panama City,3.11,3.484,3.905,1.3359400456174564
2024-06-21,Panama City,3.11,3.484,3.905,0.0
2024-06-23,Panama City,3.111,3.52,3.936,0.032154340836032524
2024-06-29,Panama City,3.211,3.598,3.979,3.214400514304061
2024-07-04,Panama City,3.212,3.652,4.019,0.031142946122719728
2024-07-09,Panama City,3.214,3.576,3.992,0.062266500622665255
2024-07-10,Panama City,3.214,3.576,3.992,0.0
2024-07-12,Panama City,3.214,3.596,3.999,0.0
2024-07-18,Panama City,3.195,3.579,3.977,-0.5911636589919111
2024-07-22,Panama City,3.183,3.578,3.976,-0.3755868544600971
2024-07-24,Panama City,3.163,3.573,3.965,-0.6283380458686816
2024-07-25,Panama City,3.163,3.573,3.965,0.0
2024-08-01,Panama City,3.156,3.555,3.945,-0.22130888397090542
2024-08-11,Panama City,3.126,3.506,3.906,-0.9505703422053258
2024-08-16,Panama City,3.156,3.583,3.945,0.9596928982725572
2024-08-17,Panama City,3.156,3.583,3.945,0.0
2024-08-18,Panama City,3.137,3.539,3.954,-0.6020278833967052
2024-08-19,Panama City,3.129,3.51,3.961,-0.25502072043354085
2024-08-20,Panama City,3.129,3.51,3.961,0.0
2024-09-07,Panama City,2.966,3.369,3.762,-5.209332054969629
2024-09-09,Panama City,2.943,3.343,3.709,-0.7754551584625791
2024-09-16,Panama City,2.859,3.224,3.636,-2.854230377166156
2024-09-19,Panama City,2.855,3.267,3.613,-0.13990905911157592
2024-09-21,Panama City,2.877,3.283,3.645,0.7705779334500784
2024-09-23,Panama City,2.877,3.283,3.645,0.0
2024-09-24,Panama City,2.894,3.318,3.709,0.590893291623229
2024-09-25,Panama City,2.894,3.318,3.709,0.0
2024-09-26,Panama City,2.917,3.344,3.725,0.7947477539737235
2024-09-27,Panama City,2.929,3.366,3.73,0.411381556393553
2024-10-01,Panama City,2.898,3.323,3.652,-1.058381700238975
2024-10-02,Panama City,2.878,3.288,3.669,-0.6901311249137287
2024-10-04,Panama City,2.857,3.236,3.627,-0.729673384294649
2024-10-06,Panama City,2.852,3.232,3.636,-0.17500875043753306
2024-10-09,Panama City,2.901,3.28,3.651,1.718092566619922
2024-10-13,Panama City,2.902,3.293,3.648,0.03447087211307931
2024-10-21,Panama City,2.882,3.284,3.6,-0.6891798759476209
2024-11-01,Panama City,2.829,3.225,3.626,-1.8390006939625225
2024-11-02,Panama City,2.829,3.225,3.626,0.0
2024-11-04,Panama City,2.801,3.197,3.53,-0.9897490279250576
2024-11-05,Panama City,2.804,3.182,3.513,0.1071046054980318
2024-11-06,Panama City,2.815,3.245,3.549,0.3922967189728954
2024-11-07,Panama City,2.813,3.212,3.583,-0.0710479573712175
2024-11-08,Panama City,2.803,3.157,3.524,-0.3554923569143331
2024-11-10,Panama City,2.794,3.206,3.582,-0.3210845522654271
2024-11-11,Panama City,2.79,3.149,3.575,-0.14316392269148048
2024-11-12,Panama City,2.788,3.182,3.561,-0.07168458781362519
2024-11-13,Panama City,2.772,3.154,3.553,-0.5738880918220945
2024-11-14,Panama City,2.766,3.143,3.492,-0.21645021645020357
2024-11-15,Panama City,2.766,3.177,3.489,0.0
2024-11-16,Panama City,2.763,3.133,3.458,-0.10845986984816536
2024-11-17,Panama City,2.751,3.085,3.471,-0.43431053203040193
2024-11-18,Panama City,2.752,3.11,3.462,0.036350418029806875
2024-11-19,Panama City,2.755,3.095,3.436,0.10901162790697416
2024-11-20,Panama City,2.76,3.123,3.49,0.1814882032667775
2024-11-21,Panama City,2.766,3.165,3.54,0.21739130434783593
2024-11-22,Panama City,2.775,3.169,3.53,0.32537960954446277
2024-11-24,Panama City,2.766,3.131,3.522,-0.324324324324321
2024-11-25,Panama City,2.767,3.128,3.556,0.03615328994939215
2024-11-26,Panama City,2.761,3.115,3.527,-0.21684134441632974
2024-11-27,Panama City,2.766,3.16,3.561,0.1810938065918144
2024-11-28,Panama City,2.753,3.157,3.545,-0.4699927693420092
2024-12-01,Panama City,2.748,3.097,3.533,-0.18162005085361477
2024-12-02,Panama City,2.74,3.063,3.479,-0.29112081513827937
2024-12-03,Panama City,2.756,3.107,3.433,0.5839416058394109
2024-12-05,Panama City,2.79,3.137,3.581,1.2336719883889735
2024-12-06,Panama City,2.795,3.154,3.593,0.17921146953405742
2024-12-07,Panama City,2.787,3.187,3.603,-0.2862254025044697
2024-12-08,Panama City,2.789,3.209,3.59,0.07176175098673188
2024-12-09,Panama City,2.775,3.206,3.558,-0.5019720329867416
2024-12-10,Panama City,2.768,3.127,3.524,-0.2522522522522608
2024-12-11,Panama City,2.764,3.117,3.528,-0.14450867052022698
2024-12-12,Panama City,2.764,3.181,3.555,0.0
2024-12-13,Panama City,2.757,3.162,3.555,-0.25325615050649786
2024-12-16,Panama City,2.753,3.108,3.485,-0.14508523757708058
2024-12-17,Panama City,2.74,3.103,3.505,-0.4722121322193962
2024-12-18,Panama City,2.767,3.159,3.577,0.9854014598539962
2024-12-19,Panama City,2.787,3.2,3.567,0.7228044813877954
2024-12-20,Panama City,2.807,3.192,3.565,0.7176175098672521
2024-12-23,Panama City,2.796,3.184,3.59,-0.3918774492340571
2024-12-24,Panama City,2.795,3.19,3.565,-0.03576537911301747
2024-12-27,Panama City,2.794,3.16,3.535,-0.03577817531305039
2024-12-28,Panama City,2.79,3.205,3.556,-0.14316392269148048
2024-12-29,Panama City,2.788,3.183,3.559,-0.07168458781362519
2024-12-30,Panama City,2.788,3.183,3.508,0.0
2025-01-01,Panama City,2.792,3.179,3.571,0.1434720229555264
2025-01-02,Panama City,2.794,3.185,3.537,0.07163323782235498
2025-01-03,Panama City,2.8,3.201,3.562,0.21474588403720407
2025-01-05,Panama City,2.822,3.263,3.569,0.7857142857143007
2025-01-06,Panama City,2.821,3.258,3.597,-0.035435861091415166
2025-01-07,Panama City,2.825,3.195,3.502,0.14179369018079147
2025-01-08,Panama City,2.86,3.261,3.621,1.2389380530973382
2025-01-09,Panama City,2.856,3.273,3.64,-0.13986013986013734
2025-01-11,Panama City,2.844,3.264,3.655,-0.42016806722688926
2025-01-13,Panama City,2.841,3.259,3.635,-0.10548523206750371
2025-01-14,Panama City,2.839,3.225,3.561,-0.07039774727209958
2025-01-15,Panama City,2.895,3.301,3.682,1.972525537160963
2025-01-16,Panama City,2.922,3.362,3.713,0.932642487046631
2025-01-17,Panama City,2.94,3.367,3.696,0.6160164271047153
2025-01-18,Panama City,2.94,3.337,3.736,0.0
2025-01-19,Panama City,2.939,3.349,3.739,-0.03401360544217358
2025-01-20,Panama City,2.94,3.348,3.72,0.03402517863217991
2025-01-21,Panama City,2.933,3.324,3.726,-0.23809523809523725
2025-01-23,Panama City,2.931,3.321,3.718,-0.06818956699624623
2025-01-24,Panama City,2.93,3.304,3.717,-0.03411804844762889
2025-01-26,Panama City,2.92,3.277,3.68,-0.34129692832765013
2025-01-27,Panama City,2.925,3.297,3.707,0.1712328767123239
2025-01-28,Panama City,2.913,3.267,3.651,-0.41025641025641546
2025-01-30,Panama City,2.891,3.284,3.648,-0.7552351527634671
2025-02-01,Panama City,2.875,3.238,3.661,-0.5534417156693228
2025-02-02,Panama City,2.874,3.222,3.624,-0.03478260869564931
2025-02-03,Panama City,2.865,3.264,3.577,-0.31315240083507057
2025-02-04,Panama City,2.861,3.253,3.572,-0.13961605584642545
2025-02-06,Panama City,2.874,3.283,3.613,0.45438657811953664
2025-02-07,Panama City,2.874,3.283,3.613,0.0
2025-02-09,Panama City,2.843,3.239,3.589,-1.0786360473208134
2025-02-10,Panama City,2.845,3.237,3.611,0.0703482237073505
2025-02-11,Panama City,2.845,3.224,3.6,0.0
2025-02-12,Panama City,2.838,3.236,3.644,-0.2460456942003586
2025-02-13,Panama City,2.866,3.316,3.728,0.9866102889358741
2025-02-15,Panama City,2.872,3.283,3.663,0.20935101186321248
2025-02-16,Panama City,2.874,3.279,3.656,0.0696378830083555
2025-02-17,Panama City,2.865,3.265,3.664,-0.31315240083507057
2025-02-18,Panama City,2.851,3.264,3.671,-0.48865619546248906
2025-02-19,Panama City,2.865,3.265,3.672,0.4910557699053131
2025-02-20,Panama City,2.844,3.267,3.649,-0.732984293193728
2025-02-21,Panama City,2.842,3.262,3.621,-0.07032348804499877
2025-02-22,Panama City,2.833,3.241,3.634,-0.3166783954961283
2025-02-23,Panama City,2.83,3.224,3.606,-0.10589481115426125
2025-02-25,Panama City,2.83,3.229,3.606,0.0
2025-02-26,Panama City,2.843,3.279,3.621,0.45936395759715865
2025-02-27,Panama City,2.86,3.267,3.661,0.5979599015124792
2025-02-28,Panama City,2.854,3.276,3.668,-0.20979020979020602
2025-03-01,Panama City,2.855,3.271,3.652,0.03503854239663706
2025-03-02,Panama City,2.84,3.25,3.628,-0.5253940455341555
2025-03-03,Panama City,2.836,3.203,3.561,-0.14084507042253502
2025-03-04,Panama City,2.826,3.233,3.596,-0.35260930888574293
2025-03-06,Panama City,2.811,3.211,3.598,-0.5307855626326963
2025-03-07,Panama City,2.785,3.206,3.582,-0.9249377445748719
2025-03-08,Panama City,2.788,3.177,3.58,0.10771992818670029
2025-03-09,Panama City,2.785,3.155,3.579,-0.10760401721663371
2025-03-10,Panama City,2.786,3.158,3.516,0.035906642728900096
2025-03-11,Panama City,2.774,3.171,3.55,-0.4307250538406304
2025-03-12,Panama City,2.812,3.239,3.628,1.3698630136986134
2025-03-13,Panama City,2.835,3.276,3.627,0.8179231863442382
2025-03-14,Panama City,2.834,3.259,3.62,-0.03527336860670305
2025-03-15,Panama City,2.825,3.251,3.625,-0.317572335920957
2025-03-16,Panama City,2.822,3.238,3.627,-0.10619469026549311
2025-03-17,Panama City,2.812,3.237,3.611,-0.3543586109142516
2025-03-18,Panama City,2.813,3.237,3.585,0.03556187766715624
2025-03-19,Panama City,2.82,3.227,3.57,0.24884464984000765
2025-03-20,Panama City,2.829,3.253,3.643,0.31914893617022155
2025-03-21,Panama City,2.833,3.26,3.639,0.14139271827500188
2025-03-22,Panama City,2.84,3.257,3.615,0.24708789269325404
2025-03-24,Panama City,2.834,3.25,3.63,-0.21126760563379143
2025-03-25,Panama City,2.849,3.235,3.641,0.5292872265349358
2025-03-26,Panama City,2.874,3.287,3.647,0.8775008775008697
2025-03-27,Panama City,2.884,3.307,3.691,0.3479471120389599
2025-03-28,Panama City,2.88,3.285,3.67,-0.1386962552011095
2025-03-29,Panama City,2.892,3.29,3.686,0.4166666666666652
2025-03-30,Panama City,2.892,3.279,3.691,0.0
2025-03-31,Panama City,2.891,3.317,3.682,-0.03457814661134151
2025-04-02,Panama City,2.913,3.363,3.698,0.7609823590453146
2025-04-03,Panama City,2.946,3.379,3.748,1.1328527291452284
2025-04-04,Panama City,2.954,3.382,3.747,0.27155465037338455
2025-04-05,Panama City,2.936,3.367,3.752,-0.6093432633717089
2025-04-06,Panama City,2.929,3.344,3.729,-0.23841961852861804
2025-04-07,Panama City,2.929,3.338,3.738,0.0
2025-04-08,Panama City,2.921,3.331,3.743,-0.27313076135200287
2025-04-09,Panama City,2.912,3.345,3.724,-0.3081136597055778
2025-04-10,Panama City,2.895,3.313,3.741,-0.5837912087912067
2025-04-11,Panama City,2.883,3.336,3.713,-0.4145077720207224
2025-04-12,Panama City,2.876,3.301,3.706,-0.24280263614291364
2025-04-13,Panama City,2.873,3.265,3.683,-0.10431154381084218
2025-04-14,Panama City,2.87,3.271,3.668,-0.10442046641142566
2025-04-15,Panama City,2.85,3.297,3.665,-0.6968641114982632
2025-04-16,Panama City,2.848,3.287,3.641,-0.07017543859649811
2025-04-17,Panama City,2.845,3.269,3.642,-0.1053370786516683
2025-04-18,Panama City,2.833,3.265,3.614,-0.4217926186291798
2025-04-19,Panama City,2.828,3.237,3.633,-0.17649135192376875
2025-04-20,Panama City,2.831,3.234,3.651,0.10608203677511252
2025-04-21,Panama City,2.831,3.203,3.61,0.0
2025-04-22,Panama City,2.814,3.209,3.606,-0.6004945249028615
2025-04-23,Panama City,2.822,3.218,3.642,0.2842928216062468
2025-04-24,Panama City,2.832,3.264,3.682,0.3543586109142405
2025-04-25,Panama City,2.84,3.295,3.677,0.28248587570620654
2025-04-26,Panama City,2.842,3.286,3.654,0.07042253521127861
2025-04-27,Panama City,2.835,3.272,3.653,-0.24630541871921707
2025-04-28,Panama City,2.83,3.228,3.619,-0.17636684303350414
2025-04-29,Panama City,2.822,3.229,3.602,-0.2826855123674865
2025-04-30,Panama City,2.811,3.224,3.625,-0.38979447200567785
2025-05-01,Panama City,2.82,3.24,3.617,0.32017075773744796
2025-05-02,Panama City,2.803,3.2,3.61,-0.6028368794326222
2025-05-03,Panama City,2.798,3.209,3.61,-0.17838030681411876
2025-05-04,Panama City,2.795,3.203,3.624,-0.10721944245890569
2025-05-05,Panama City,2.793,3.203,3.574,-0.07155635062611188
2025-05-06,Panama City,2.774,3.183,3.551,-0.6802721088435382
2025-05-07,Panama City,2.778,3.221,3.599,0.14419610670513006
2025-05-08,Panama City,2.811,3.222,3.604,1.1879049676025932
2025-05-09,Panama City,2.813,3.225,3.577,0.07114905727498844
2025-05-10,Panama City,2.797,3.225,3.586,-0.5687877710629174
2025-05-11,Panama City,2.787,3.206,3.598,-0.3575259206292536
2025-05-12,Panama City,2.782,3.178,3.56,-0.17940437746680749
2025-05-13,Panama City,2.779,3.166,3.552,-0.10783608914450848
2025-05-14,Panama City,2.793,3.203,3.622,0.5037783375315019
2025-05-15,Panama City,2.814,3.212,3.651,0.7518796992481258
2025-05-16,Panama City,2.817,3.243,3.625,0.10660980810235365
2025-05-17,Panama City,2.799,3.239,3.601,-0.6389776357827559
2025-05-18,Panama City,2.786,3.19,3.579,-0.46445158985352064
2025-05-19,Panama City,2.777,3.178,3.56,-0.3230437903804728
2025-05-20,Panama City,2.772,3.194,3.57,-0.180050414115962
2025-05-21,Panama City,2.758,3.187,3.593,-0.5050505050504972
2025-05-22,Panama City,2.757,3.175,3.582,-0.03625815808556698
2025-05-23,Panama City,2.76,3.185,3.565,0.10881392818280489
2025-05-24,Panama City,2.756,3.202,3.567,-0.14492753623188692
2025-05-25,Panama City,2.746,3.168,3.533,-0.36284470246733536
2025-05-26,Panama City,2.746,3.131,3.545,0.0
2025-05-27,Panama City,2.744,3.129,3.555,-0.07283321194463399
2025-05-28,Panama City,2.739,3.143,3.565,-0.1822157434402505
2025-05-29,Panama City,2.758,3.165,3.591,0.6936838262139533
2025-05-30,Panama City,2.768,3.174,3.572,0.36258158085569203
2025-05-31,Panama City,2.774,3.178,3.606,0.21676300578035157
2025-06-01,Panama City,2.761,3.184,3.552,-0.4686373467916338
2025-06-02,Panama City,2.758,3.154,3.545,-0.10865628395508864
2025-06-03,Panama City,2.757,3.175,3.571,-0.03625815808556698
2025-06-04,Panama City,2.762,3.214,3.597,0.18135654697133408
2025-06-05,Panama City,2.791,3.225,3.644,1.0499637943519158
2025-06-07,Panama City,2.781,3.226,3.601,-0.35829451809386015
2025-06-08,Panama City,2.777,3.198,3.56,-0.14383315354189463
2025-06-09,Panama City,2.777,3.18,3.547,0.0
2025-06-10,Panama City,2.753,3.175,3.56,-0.8642419877565755
2025-06-11,Panama City,2.742,3.164,3.533,-0.39956411187795915
2025-06-13,Panama City,2.789,3.249,3.616,1.7140773158278666
2025-06-14,Panama City,2.792,3.222,3.613,0.10756543564001131
2025-06-15,Panama City,2.797,3.21,3.622,0.17908309455587634
2025-06-16,Panama City,2.796,3.213,3.602,-0.03575259206293202
2025-06-17,Panama City,2.807,3.236,3.619,0.3934191702432033
2025-06-18,Panama City,2.805,3.223,3.632,-0.07125044531527402
2025-06-19,Panama City,2.825,3.237,3.628,0.7130124777183555
2025-06-20,Panama City,2.869,3.304,3.696,1.5575221238938175
2025-06-21,Panama City,2.916,3.325,3.762,1.6382014639247044
2025-06-22,Panama City,2.928,3.334,3.778,0.4115226337448652
2025-06-23,Panama City,2.946,3.358,3.751,0.6147540983606703
2025-06-24,Panama City,2.941,3.374,3.738,-0.16972165648337922
2025-06-25,Panama City,2.936,3.372,3.775,-0.1700102006120363
2025-06-26,Panama City,2.919,3.35,3.732,-0.5790190735694756
2025-06-27,Panama City,2.904,3.33,3.721,-0.5138746145940454
2025-06-28,Panama City,2.895,3.338,3.729,-0.30991735537190257
2025-06-29,Panama City,2.886,3.334,3.687,-0.31088082901553626
2025-06-30,Panama City,2.875,3.303,3.672,-0.3811503811503858
2025-07-01,Panama City,2.857,3.261,3.673,-0.626086956521732
2025-07-02,Panama City,2.855,3.278,3.692,-0.07000350017501988
2025-07-03,Panama City,2.854,3.284,3.692,-0.03502626970227629
2025-07-04,Panama City,2.839,3.294,3.653,-0.5255781359495448
2025-07-05,Panama City,2.841,3.254,3.62,0.07044734061290026
2025-07-06,Panama City,2.845,3.296,3.619,0.14079549454417695
2025-07-07,Panama City,2.842,3.269,3.618,-0.10544815465729496
2025-07-08,Panama City,2.83,3.255,3.636,-0.4222378606615118
2025-07-09,Panama City,2.849,3.302,3.679,0.6713780918727874
2025-07-10,Panama City,2.874,3.325,3.697,0.8775008775008697
2025-07-11,Panama City,2.867,3.332,3.704,-0.2435629784272808
2025-07-12,Panama City,2.858,3.308,3.669,-0.31391698639692267
2025-07-13,Panama City,2.852,3.293,3.647,-0.20993701889433503
2025-07-14,Panama City,2.859,3.25,3.639,0.24544179523142695
2025-07-15,Panama City,2.852,3.258,3.679,-0.24484085344526063
2025-07-16,Panama City,2.872,3.306,3.648,0.7012622720897532
2025-07-17,Panama City,2.91,3.353,3.689,1.3231197771587766
2025-07-18,Panama City,2.915,3.36,3.706,0.1718213058419238
2025-07-19,Panama City,2.914,3.375,3.735,-0.034305317324179185
2025-07-20,Panama City,2.9,3.326,3.745,-0.48043925875086435
2025-07-21,Panama City,2.9,3.309,3.684,0.0
2025-07-22,Panama City,2.89,3.312,3.691,-0.34482758620688614
2025-07-23,Panama City,2.869,3.326,3.664,-0.726643598615917
2025-07-24,Panama City,2.865,3.347,3.681,-0.13942140118508028
2025-07-25,Panama City,2.88,3.362,3.753,0.5235602094240788
2025-07-26,Panama City,2.885,3.34,3.721,0.17361111111111605
2025-07-27,Panama City,2.886,3.304,3.678,0.03466204506066273
2025-07-28,Panama City,2.875,3.286,3.685,-0.3811503811503858
2025-07-29,Panama City,2.87,3.278,3.662,-0.17391304347825765
2025-07-30,Panama City,2.88,3.322,3.686,0.34843205574912606
2025-07-31,Panama City,2.902,3.374,3.718,0.7638888888888973
2025-08-01,Panama City,2.899,3.346,3.71,-0.1033769813921448
2025-08-02,Panama City,2.889,3.335,3.687,-0.34494653328734914
2025-08-03,Panama City,2.889,3.315,3.67,0.0
2025-08-04,Panama City,2.879,3.314,3.709,-0.346140533056416
2025-08-05,Panama City,2.871,3.305,3.721,-0.27787426189649356
2025-08-06,Panama City,2.883,3.33,3.699,0.4179728317659448
2025-08-07,Panama City,2.916,3.349,3.726,1.144640998959412
2025-08-08,Panama City,2.901,3.356,3.707,-0.5144032921810759
2025-08-09,Panama City,2.889,3.345,3.699,-0.4136504653567741
2025-08-10,Panama City,2.872,3.338,3.681,-0.5884389061959094
2025-08-11,Panama City,2.87,3.29,3.646,-0.06963788300834439
2025-08-12,Panama City,2.861,3.28,3.648,-0.3135888501742179
2025-08-13,Panama City,2.869,3.307,3.722,0.27962250961202084
2025-08-14,Panama City,2.881,3.299,3.703,0.41826420355524085
2025-08-15,Panama City,2.875,3.314,3.703,-0.20826102047899475
2025-08-16,Panama City,2.878,3.314,3.678,0.10434782608697013
2025-08-17,Panama City,2.869,3.27,3.658,-0.3127171646977067
2025-08-18,Panama City,2.852,3.259,3.652,-0.5925409550366134
2025-08-19,Panama City,2.845,3.252,3.606,-0.24544179523140475
2025-08-20,Panama City,2.839,3.241,3.632,-0.2108963093145899
2025-08-21,Panama City,2.83,3.24,3.663,-0.31701303275800674
2025-08-22,Panama City,2.821,3.203,3.658,-0.31802120141342094
2025-08-23,Panama City,2.819,3.205,3.62,-0.07089684509040683
2025-08-24,Panama City,2.829,3.194,3.611,0.3547357218872005
2025-08-25,Panama City,2.828,3.223,3.595,-0.03534817956876157
2025-08-26,Panama City,2.819,3.217,3.605,-0.31824611032531536
2025-08-27,Panama City,2.886,3.339,3.698,2.376729336644212
2025-08-28,Panama City,2.91,3.348,3.726,0.8316008316008316
2025-08-29,Panama City,2.897,3.344,3.721,-0.44673539518901295
2025-08-30,Panama City,2.884,3.332,3.715,-0.4487400759406235
2025-08-31,Panama City,2.876,3.307,3.685,-0.277392510402219
2025-09-01,Panama City,2.867,3.292,3.678,-0.31293463143253764
2025-09-02,Panama City,2.848,3.281,3.666,-0.662713637949075
2025-09-03,Panama City,2.874,3.318,3.707,0.9129213483146215
2025-09-04,Panama City,2.939,3.346,3.765,2.261656228253295
2025-09-05,Panama City,2.925,3.327,3.73,-0.47635250085064085
2025-09-06,Panama City,2.903,3.308,3.699,-0.752136752136745
2025-09-07,Panama City,2.885,3.305,3.701,-0.6200482259731355
2025-09-08,Panama City,2.88,3.312,3.692,-0.17331022530329143
2025-09-09,Panama City,2.847,3.292,3.656,-1.1458333333333348
2025-09-10,Panama City,2.866,3.32,3.707,0.6673691605198595
2025-09-11,Panama City,2.894,3.323,3.698,0.976971388695036
2025-09-12,Panama City,2.887,3.329,3.702,-0.2418797512094062
2025-09-13,Panama City,2.873,3.311,3.72,-0.48493245583650646
2025-09-14,Panama City,2.87,3.314,3.717,-0.10442046641142566
2025-09-15,Panama City,2.857,3.261,3.645,-0.45296167247386165
2025-09-16,Panama City,2.84,3.255,3.633,-0.5950297514875857
2025-09-17,Panama City,2.863,3.284,3.664,0.809859154929593
2025-09-18,Panama City,2.897,3.336,3.699,1.1875654907439692
2025-09-19,Panama City,2.881,3.341,3.69,-0.5522954780807776
2025-09-20,Panama City,2.867,3.315,3.68,-0.4859423811176655
2025-09-21,Panama City,2.864,3.275,3.691,-0.10463899546564459
2025-09-22,Panama City,2.864,3.269,3.68,0.0
2025-09-23,Panama City,2.838,3.264,3.64,-0.9078212290502763
2025-09-24,Panama City,2.845,3.296,3.65,0.24665257223397408
2025-09-25,Panama City,2.837,3.268,3.646,-0.2811950790861162
2025-09-26,Panama City,2.826,3.274,3.661,-0.38773352132535077
2025-09-27,Panama City,2.819,3.244,3.638,-0.2476999292285953
2025-09-28,Panama City,2.813,3.261,3.634,-0.21284143313230475
2025-09-29,Panama City,2.808,3.256,3.608,-0.1777461784571721
2025-09-30,Panama City,2.81,3.252,3.62,0.07122507122507837
2025-10-01,Panama City,2.844,3.289,3.653,1.2099644128113818
2025-10-02,Panama City,2.868,3.289,3.668,0.8438818565400741
2025-10-03,Panama City,2.867,3.245,3.678,-0.034867503486746276
2025-10-04,Panama City,2.858,3.237,3.663,-0.31391698639692267
2025-10-05,Panama City,2.846,3.234,3.638,-0.41987403778865895
2025-10-06,Panama City,2.832,3.227,3.589,-0.49191848208012257
2025-10-07,Panama City,2.81,3.215,3.556,-0.7768361581920846
2025-10-08,Panama City,2.827,3.236,3.625,0.6049822064056798
2025-10-09,Panama City,2.844,3.272,3.664,0.6013441811107079
2025-10-10,Panama City,2.838,3.264,3.648,-0.21097046413501852
2025-10-11,Panama City,2.822,3.227,3.636,-0.5637773079633535
2025-10-12,Panama City,2.811,3.212,3.614,-0.38979447200567785
2025-10-13,Panama City,2.799,3.169,3.575,-0.4268943436499417
2025-10-14,Panama City,2.795,3.161,3.563,-0.14290818149339524
2025-10-15,Panama City,2.797,3.211,3.634,0.07155635062612298
2025-10-16,Panama City,2.798,3.217,3.635,0.03575259206292092
2025-10-17,Panama City,2.791,3.187,3.618,-0.25017869907076884
2025-10-18,Panama City,2.768,3.167,3.612,-0.8240773916159183
2025-10-19,Panama City,2.764,3.166,3.573,-0.14450867052022698
2025-10-20,Panama City,2.741,3.122,3.528,-0.8321273516642469
2025-10-21,Panama City,2.724,3.126,3.534,-0.6202116016052472
2025-10-22,Panama City,2.727,3.132,3.563,0.11013215859030367
2025-10-23,Panama City,2.732,3.19,3.548,0.1833516685001868
2025-10-24,Panama City,2.734,3.171,3.551,0.07320644216690653
2025-10-25,Panama City,2.731,3.158,3.571,-0.1097293343087058
2025-10-26,Panama City,2.722,3.116,3.481,-0.3295496155254485
2025-10-27,Panama City,2.707,3.05,3.43,-0.5510653930933196
2025-10-28,Panama City,2.694,3.057,3.517,-0.48023642408570044
2025-11-01,Panama City,2.736,3.16,3.508,1.5590200445434466
2025-11-03,Panama City,2.712,3.079,3.498,-0.8771929824561431
2025-11-07,Panama City,2.756,3.181,3.578,1.6224188790560312
2025-11-08,Panama City,2.736,3.139,3.56,-0.7256894049346707
2025-11-09,Panama City,2.727,3.121,3.469,-0.328947368421062
2025-11-11,Panama City,2.698,3.118,3.469,-1.063439677301059
2025-11-14,Panama City,2.78,3.225,3.626,3.039288361749448
2025-11-15,Panama City,2.78,3.209,3.599,0.0
2025-11-16,Panama City,2.773,3.18,3.575,-0.25179856115106203
2025-11-17,Panama City,2.761,3.184,3.568,-0.43274432023079346
2025-11-21,Panama City,2.774,3.201,3.603,0.47084389713871744
2025-11-24,Panama City,2.741,3.097,3.53,-1.1896178803172286
2025-12-02,Panama City,2.643,3.063,3.46,-3.5753374680773553
2025-12-04,Panama City,2.665,3.108,3.468,0.832387438516835
2025-12-11,Panama City,2.713,3.128,3.524,1.801125703564721
2025-12-17,Panama City,2.633,3.067,3.439,-2.9487652045705914
2025-12-22,Panama City,2.582,2.996,3.426,-1.9369540448158085
2025-12-23,Panama City,2.566,2.968,3.389,-0.6196746707978318
2025-12-26,Panama City,2.577,2.961,3.388,0.4286827747467026
2025-12-27,Panama City,2.576,2.948,3.313,-0.038804811796655514
2025-12-29,Panama City,2.572,2.939,3.397,-0.15527950310558758
2025-12-30,Panama City,2.591,3.022,3.453,0.7387247278382691
2022-01-28,Pensacola,3.231,3.546,3.866,
2022-01-28,Pensacola,3.231,3.546,3.866,0.0
2022-03-07,Pensacola,4.043,4.334,4.614,25.131538223460236
2022-03-07,Pensacola,4.043,4.334,4.614,0.0
2022-03-08,Pensacola,4.043,4.334,4.614,0.0
2022-03-08,Pensacola,4.043,4.334,4.614,0.0
2022-03-22,Pensacola,4.077,4.449,4.765,0.8409596834034083
2022-03-22,Pensacola,4.077,4.449,4.765,0.0
2022-04-01,Pensacola,4.004,4.36,4.673,-1.7905322541084234
2022-04-01,Pensacola,4.004,4.36,4.673,0.0
2022-04-14,Pensacola,3.855,4.221,4.545,-3.721278721278709
2022-04-19,Pensacola,3.889,4.236,4.551,0.88197146562905
2022-05-11,Pensacola,4.17,4.492,4.79,7.225507842633072
2022-05-25,Pensacola,4.372,4.695,5.017,4.844124700239805
2022-05-29,Pensacola,4.377,4.715,5.028,0.11436413540713009
2022-05-31,Pensacola,4.381,4.725,5.042,0.09138679460818366
2022-06-06,Pensacola,4.574,4.881,5.206,4.4053868979685
2022-06-09,Pensacola,4.676,4.994,5.329,2.229995627459558
2022-06-25,Pensacola,4.553,4.935,5.276,-2.6304533789563767
2022-06-26,Pensacola,4.546,4.919,5.261,-0.15374478365911548
2022-06-27,Pensacola,4.546,4.919,5.261,0.0
2022-06-29,Pensacola,4.512,4.896,5.229,-0.7479102507699231
2022-06-30,Pensacola,4.504,4.875,5.222,-0.17730496453900457
2022-07-02,Pensacola,4.471,4.866,5.207,-0.7326820603907547
2022-07-10,Pensacola,4.356,4.766,5.117,-2.572131514202647
2022-08-01,Pensacola,3.821,4.236,4.613,-12.281910009182727
2022-09-22,Pensacola,3.176,3.554,3.929,-16.880397801622614
2022-09-23,Pensacola,3.18,3.556,3.897,0.12594458438286438
2022-09-27,Pensacola,3.163,3.55,3.89,-0.5345911949685589
2022-10-02,Pensacola,3.065,3.436,3.807,-3.098324375592787
2022-10-03,Pensacola,3.035,3.442,3.782,-0.9787928221859588
2022-10-04,Pensacola,2.961,3.413,3.742,-2.4382207578253823
2022-11-05,Pensacola,3.297,3.634,3.984,11.34751773049647
2022-11-10,Pensacola,3.345,3.713,4.043,1.4558689717925288
2022-11-21,Pensacola,3.219,3.583,3.932,-3.7668161434977643
2022-11-26,Pensacola,3.128,3.5,3.85,-2.826964895930406
2022-11-28,Pensacola,3.1,3.493,3.823,-0.8951406649616356
2022-11-30,Pensacola,3.085,3.464,3.817,-0.4838709677419395
2022-12-01,Pensacola,3.073,3.45,3.783,-0.3889789303079372
2022-12-05,Pensacola,3.002,3.381,3.72,-2.310445818418494
2022-12-07,Pensacola,2.981,3.37,3.695,-0.6995336442371713
2022-12-08,Pensacola,2.963,3.366,3.68,-0.6038242200603783
2022-12-10,Pensacola,2.947,3.344,3.649,-0.5399932500843696
2023-01-19,Pensacola,3.202,3.553,3.898,8.652867322701052
2023-03-23,Pensacola,3.217,3.611,3.954,0.46845721424111364
2023-03-27,Pensacola,3.259,3.659,3.989,1.30556419023935
2023-03-30,Pensacola,3.269,3.647,3.989,0.30684258975146594
2023-04-02,Pensacola,3.266,3.637,3.967,-0.0917711838482771
2023-04-03,Pensacola,3.264,3.639,3.962,-0.06123698714023407
2023-05-15,Pensacola,3.139,3.526,3.852,-3.829656862745101
2023-05-16,Pensacola,3.173,3.566,3.896,1.083147499203574
2023-05-17,Pensacola,3.197,3.584,3.922,0.7563819728963139
2023-05-18,Pensacola,3.217,3.592,3.94,0.625586487331864
2023-05-22,Pensacola,3.217,3.585,3.936,0.0
2023-05-24,Pensacola,3.32,3.68,4.021,3.2017407522536345
2023-05-25,Pensacola,3.337,3.707,4.052,0.5120481927710863
2023-05-26,Pensacola,3.312,3.624,3.976,-0.7491759065028525
2023-05-30,Pensacola,3.314,3.703,4.019,0.06038647342996306
2023-05-31,Pensacola,3.301,3.694,4.03,-0.39227519613759254
2023-06-01,Pensacola,3.289,3.679,4.028,-0.36352620418055315
2023-06-06,Pensacola,3.232,3.623,3.958,-1.7330495591365125
2023-06-07,Pensacola,3.225,3.612,3.946,-0.21658415841584455
2023-06-09,Pensacola,3.219,3.603,3.962,-0.18604651162791308
2023-06-10,Pensacola,3.219,3.603,3.962,0.0
2023-06-13,Pensacola,3.265,3.637,3.998,1.429015222118668
2023-06-14,Pensacola,3.284,3.648,3.994,0.5819295558958659
2023-06-16,Pensacola,3.29,3.672,4.016,0.1827040194884333
2023-06-23,Pensacola,3.308,3.687,4.037,0.5471124620060719
2023-07-04,Pensacola,3.214,3.59,3.947,-2.841596130592494
2023-11-11,Pensacola,2.986,3.398,3.766,-7.093963907902923
2023-11-29,Pensacola,2.964,3.353,3.747,-0.7367716008037539
2024-01-18,Pensacola,2.868,3.269,3.628,-3.238866396761142
2024-02-21,Pensacola,3.099,3.499,3.863,8.054393305439334
2024-02-26,Pensacola,3.064,3.467,3.823,-1.129396579541797
2024-02-27,Pensacola,3.075,3.46,3.821,0.35900783289817273
2024-02-28,Pensacola,3.089,3.468,3.826,0.45528455284551406
2024-03-01,Pensacola,3.125,3.52,3.881,1.1654257041113558
2024-03-02,Pensacola,3.122,3.521,3.883,-0.09600000000000719
2024-03-04,Pensacola,3.119,3.518,3.891,-0.0960922485586102
2024-03-05,Pensacola,3.162,3.553,3.914,1.3786470022443043
2024-04-11,Pensacola,3.359,3.769,4.146,6.230234029095505
2024-04-22,Pensacola,3.318,3.716,4.086,-1.2206013694551876
2024-04-23,Pensacola,3.318,3.716,4.086,0.0
2024-05-06,Pensacola,3.364,3.757,4.108,1.3863773357444265
2024-05-19,Pensacola,3.246,3.632,3.997,-3.5077288941736007
2024-05-24,Pensacola,3.297,3.694,4.061,1.5711645101663674
2024-05-31,Pensacola,3.23,3.644,4.02,-2.032150439793756
2024-06-03,Pensacola,3.205,3.626,4.001,-0.7739938080495334
2024-06-12,Pensacola,3.09,3.497,3.871,-3.588143525741039
2024-06-16,Pensacola,3.069,3.476,3.849,-0.6796116504854344
2024-06-20,Pensacola,3.139,3.539,3.907,2.2808732486151895
2024-06-21,Pensacola,3.139,3.539,3.907,0.0
2024-06-23,Pensacola,3.123,3.518,3.893,-0.5097164702134283
2024-06-29,Pensacola,3.18,3.591,3.981,1.8251681075888593
2024-07-04,Pensacola,3.242,3.649,4.0,1.9496855345911834
2024-07-09,Pensacola,3.221,3.634,3.988,-0.6477483035163489
2024-07-10,Pensacola,3.221,3.634,3.988,0.0
2024-07-12,Pensacola,3.246,3.652,4.02,0.7761564731449733
2024-07-18,Pensacola,3.201,3.624,3.975,-1.3863216266173706
2024-07-22,Pensacola,3.174,3.585,3.946,-0.8434864104967188
2024-07-24,Pensacola,3.153,3.58,3.943,-0.6616257088846833
2024-07-25,Pensacola,3.153,3.58,3.943,0.0
2024-08-01,Pensacola,3.122,3.525,3.88,-0.9831906121154477
2024-08-11,Pensacola,3.085,3.48,3.853,-1.1851377322229295
2024-08-16,Pensacola,3.172,3.577,3.944,2.820097244732578
2024-08-17,Pensacola,3.172,3.577,3.944,0.0
2024-08-18,Pensacola,3.145,3.561,3.916,-0.8511979823455307
2024-08-19,Pensacola,3.14,3.558,3.914,-0.15898251192368873
2024-08-20,Pensacola,3.14,3.558,3.914,0.0
2024-09-07,Pensacola,2.962,3.4,3.732,-5.668789808917197
2024-09-09,Pensacola,2.932,3.36,3.712,-1.0128291694800895
2024-09-16,Pensacola,2.825,3.252,3.601,-3.6493860845838944
2024-09-19,Pensacola,2.854,3.287,3.644,1.0265486725663742
2024-09-21,Pensacola,2.857,3.274,3.653,0.10511562718991119
2024-09-23,Pensacola,2.857,3.274,3.653,0.0
2024-09-24,Pensacola,2.913,3.335,3.693,1.9600980049002237
2024-09-25,Pensacola,2.913,3.335,3.693,0.0
2024-09-26,Pensacola,2.946,3.364,3.712,1.1328527291452284
2024-09-27,Pensacola,2.95,3.382,3.728,0.13577732518670338
2024-10-01,Pensacola,2.9,3.335,3.705,-1.6949152542372947
2024-10-02,Pensacola,2.885,3.324,3.691,-0.5172413793103514
2024-10-04,Pensacola,2.859,3.298,3.66,-0.9012131715771199
2024-10-06,Pensacola,2.856,3.296,3.66,-0.10493179433368471
2024-10-09,Pensacola,2.912,3.35,3.708,1.9607843137254832
2024-10-13,Pensacola,2.912,3.346,3.697,0.0
2024-10-21,Pensacola,2.883,3.292,3.654,-0.9958791208791173
2024-11-01,Pensacola,2.871,3.294,3.649,-0.41623309053069324
2024-11-02,Pensacola,2.871,3.294,3.649,0.0
2024-11-04,Pensacola,2.857,3.296,3.662,-0.48763497039358006
2024-11-05,Pensacola,2.842,3.283,3.64,-0.5250262513125659
2024-11-06,Pensacola,2.885,3.343,3.683,1.5130190007037303
2024-11-07,Pensacola,2.916,3.347,3.699,1.0745233968804113
2024-11-08,Pensacola,2.926,3.359,3.718,0.3429355281207247
2024-11-10,Pensacola,2.912,3.357,3.689,-0.4784688995215336
2024-11-11,Pensacola,2.907,3.346,3.695,-0.1717032967032961
2024-11-12,Pensacola,2.894,3.343,3.7,-0.44719642242861957
2024-11-13,Pensacola,2.878,3.332,3.691,-0.5528680027643396
2024-11-14,Pensacola,2.864,3.306,3.651,-0.48644892286310304
2024-11-15,Pensacola,2.853,3.286,3.623,-0.3840782122904951
2024-11-16,Pensacola,2.838,3.276,3.64,-0.5257623554153601
2024-11-17,Pensacola,2.833,3.267,3.636,-0.17618040873854657
2024-11-18,Pensacola,2.828,3.276,3.636,-0.17649135192376875
2024-11-19,Pensacola,2.813,3.27,3.635,-0.5304101838755182
2024-11-20,Pensacola,2.828,3.283,3.641,0.533238535371483
2024-11-21,Pensacola,2.84,3.289,3.646,0.4243281471004279
2024-11-22,Pensacola,2.864,3.313,3.662,0.8450704225352101
2024-11-24,Pensacola,2.859,3.312,3.654,-0.17458100558659373
2024-11-25,Pensacola,2.857,3.301,3.653,-0.06995452955578241
2024-11-26,Pensacola,2.85,3.287,3.644,-0.24501225061253074
2024-11-27,Pensacola,2.836,3.28,3.635,-0.49122807017544234
2024-11-28,Pensacola,2.829,3.274,3.645,-0.24682651622001117
2024-12-01,Pensacola,2.827,3.244,3.591,-0.07069635913751204
2024-12-02,Pensacola,2.821,3.239,3.601,-0.2122391227449505
2024-12-03,Pensacola,2.871,3.313,3.68,1.7724211272598378
2024-12-05,Pensacola,2.906,3.348,3.695,1.219087425983978
2024-12-06,Pensacola,2.903,3.347,3.684,-0.10323468685479176
2024-12-07,Pensacola,2.897,3.346,3.68,-0.20668274199104886
2024-12-08,Pensacola,2.892,3.341,3.685,-0.17259233690023468
2024-12-09,Pensacola,2.888,3.332,3.675,-0.13831258644536604
2024-12-10,Pensacola,2.877,3.318,3.658,-0.3808864265927969
2024-12-11,Pensacola,2.863,3.296,3.651,-0.48661800486616835
2024-12-12,Pensacola,2.854,3.29,3.64,-0.31435557107928336
2024-12-13,Pensacola,2.851,3.291,3.642,-0.10511562718991119
2024-12-16,Pensacola,2.838,3.273,3.616,-0.4559803577692034
2024-12-17,Pensacola,2.836,3.281,3.641,-0.07047216349542751
2024-12-18,Pensacola,2.859,3.308,3.676,0.8110014104372398
2024-12-19,Pensacola,2.861,3.302,3.661,0.06995452955580461
2024-12-20,Pensacola,2.853,3.297,3.658,-0.27962250961202084
2024-12-23,Pensacola,2.843,3.29,3.638,-0.3505082369435808
2024-12-24,Pensacola,2.832,3.281,3.64,-0.38691523039043885
2024-12-27,Pensacola,2.822,3.26,3.621,-0.3531073446327637
2024-12-28,Pensacola,2.819,3.27,3.626,-0.1063075832742788
2024-12-29,Pensacola,2.824,3.269,3.626,0.17736786094360024
2024-12-30,Pensacola,2.827,3.266,3.617,0.10623229461756978
2025-01-01,Pensacola,2.821,3.281,3.626,-0.2122391227449505
2025-01-02,Pensacola,2.82,3.273,3.625,-0.03544842254520342
2025-01-03,Pensacola,2.841,3.303,3.655,0.7446808510638503
2025-01-05,Pensacola,2.816,3.264,3.616,-0.8799718409011059
2025-01-06,Pensacola,2.812,3.25,3.602,-0.14204545454545858
2025-01-07,Pensacola,2.822,3.257,3.613,0.35561877667140696
2025-01-08,Pensacola,2.831,3.272,3.632,0.3189227498228142
2025-01-09,Pensacola,2.835,3.288,3.643,0.14129282938890597
2025-01-11,Pensacola,2.833,3.282,3.634,-0.070546737213395
2025-01-13,Pensacola,2.833,3.275,3.642,0.0
2025-01-14,Pensacola,2.841,3.283,3.654,0.2823861630780078
2025-01-15,Pensacola,2.915,3.365,3.723,2.604716649067229
2025-01-16,Pensacola,2.952,3.381,3.751,1.269296740994852
2025-01-17,Pensacola,2.965,3.403,3.769,0.4403794037940445
2025-01-18,Pensacola,2.966,3.4,3.761,0.03372681281619272
2025-01-19,Pensacola,2.965,3.411,3.765,-0.03371544167229956
2025-01-20,Pensacola,2.97,3.399,3.762,0.1686340640809636
2025-01-21,Pensacola,2.966,3.394,3.761,-0.13468013468013185
2025-01-23,Pensacola,2.966,3.384,3.721,0.0
2025-01-24,Pensacola,2.962,3.383,3.732,-0.13486176668914274
2025-01-26,Pensacola,2.943,3.382,3.748,-0.641458474004053
2025-01-27,Pensacola,2.937,3.369,3.739,-0.20387359836901986
2025-01-28,Pensacola,2.922,3.36,3.732,-0.5107252298263476
2025-01-30,Pensacola,2.934,3.388,3.754,0.4106776180698102
2025-02-01,Pensacola,2.924,3.364,3.737,-0.3408316291751978
2025-02-02,Pensacola,2.915,3.368,3.74,-0.30779753761969175
2025-02-03,Pensacola,2.909,3.352,3.722,-0.20583190394511952
2025-02-04,Pensacola,2.894,3.351,3.716,-0.5156411137847927
2025-02-06,Pensacola,2.883,3.338,3.7,-0.38009675190048275
2025-02-07,Pensacola,2.883,3.338,3.7,0.0
2025-02-09,Pensacola,2.859,3.318,3.687,-0.8324661810613976
2025-02-10,Pensacola,2.855,3.3,3.669,-0.13990905911157592
2025-02-11,Pensacola,2.85,3.279,3.644,-0.17513134851138146
2025-02-12,Pensacola,2.844,3.285,3.639,-0.21052631578948322
2025-02-13,Pensacola,2.885,3.322,3.685,1.441631504922647
2025-02-15,Pensacola,2.899,3.335,3.685,0.4852686308492338
2025-02-16,Pensacola,2.894,3.332,3.69,-0.17247326664366902
2025-02-17,Pensacola,2.891,3.324,3.688,-0.10366275051831852
2025-02-18,Pensacola,2.888,3.33,3.693,-0.10377032168800149
2025-02-19,Pensacola,2.878,3.328,3.678,-0.3462603878116255
2025-02-20,Pensacola,2.87,3.314,3.68,-0.2779708130646319
2025-02-21,Pensacola,2.863,3.311,3.682,-0.24390243902439046
2025-02-22,Pensacola,2.856,3.316,3.676,-0.24449877750611915
2025-02-23,Pensacola,2.851,3.321,3.669,-0.17507002801120386
2025-02-25,Pensacola,2.845,3.285,3.657,-0.2104524728165469
2025-02-26,Pensacola,2.894,3.35,3.715,1.7223198594024547
2025-02-27,Pensacola,2.916,3.357,3.729,0.7601935038009655
2025-02-28,Pensacola,2.922,3.359,3.72,0.2057613168724437
2025-03-01,Pensacola,2.91,3.353,3.709,-0.4106776180698102
2025-03-02,Pensacola,2.9,3.351,3.71,-0.3436426116838587
2025-03-03,Pensacola,2.888,3.342,3.712,-0.4137931034482789
2025-03-04,Pensacola,2.87,3.324,3.694,-0.6232686980609303
2025-03-06,Pensacola,2.841,3.29,3.661,-1.01045296167247
2025-03-07,Pensacola,2.83,3.267,3.651,-0.3871876099964866
2025-03-08,Pensacola,2.814,3.25,3.633,-0.5653710247349841
2025-03-09,Pensacola,2.806,3.251,3.637,-0.2842928216062579
2025-03-10,Pensacola,2.804,3.249,3.62,-0.07127583749110267
2025-03-11,Pensacola,2.797,3.244,3.63,-0.24964336661910114
2025-03-12,Pensacola,2.852,3.306,3.678,1.9663925634608503
2025-03-13,Pensacola,2.866,3.313,3.68,0.4908835904628317
2025-03-14,Pensacola,2.862,3.318,3.679,-0.13956734124215275
2025-03-15,Pensacola,2.854,3.311,3.672,-0.2795248078266921
2025-03-16,Pensacola,2.846,3.292,3.665,-0.2803083391730854
2025-03-17,Pensacola,2.845,3.291,3.653,-0.03513703443428495
2025-03-18,Pensacola,2.841,3.297,3.653,-0.14059753954306364
2025-03-19,Pensacola,2.868,3.33,3.694,0.9503695881731611
2025-03-20,Pensacola,2.886,3.329,3.692,0.6276150627615218
2025-03-21,Pensacola,2.892,3.331,3.71,0.20790020790020236
2025-03-22,Pensacola,2.898,3.346,3.715,0.20746887966804906
2025-03-24,Pensacola,2.898,3.333,3.692,0.0
2025-03-25,Pensacola,2.903,3.343,3.699,0.1725327812284405
2025-03-26,Pensacola,2.931,3.382,3.746,0.9645194626248799
2025-03-27,Pensacola,2.956,3.418,3.783,0.8529512111907112
2025-03-28,Pensacola,2.96,3.401,3.762,0.13531799729364913
2025-03-29,Pensacola,2.961,3.406,3.761,0.03378378378378066
2025-03-30,Pensacola,2.961,3.411,3.751,0.0
2025-03-31,Pensacola,2.958,3.397,3.756,-0.10131712259370262
2025-04-02,Pensacola,2.938,3.387,3.754,-0.6761325219743042
2025-04-03,Pensacola,2.95,3.401,3.765,0.4084411164057222
2025-04-04,Pensacola,2.966,3.404,3.77,0.5423728813559237
2025-04-05,Pensacola,2.961,3.393,3.76,-0.1685772083614423
2025-04-06,Pensacola,2.953,3.401,3.76,-0.2701789935832477
2025-04-07,Pensacola,2.946,3.393,3.746,-0.2370470707754757
2025-04-08,Pensacola,2.926,3.375,3.738,-0.6788866259334725
2025-04-09,Pensacola,2.909,3.363,3.721,-0.5809979494190154
2025-04-10,Pensacola,2.897,3.347,3.704,-0.4125128910278497
2025-04-11,Pensacola,2.882,3.337,3.698,-0.5177770107007151
2025-04-12,Pensacola,2.86,3.307,3.674,-0.7633587786259666
2025-04-13,Pensacola,2.853,3.297,3.67,-0.2447552447552348
2025-04-14,Pensacola,2.85,3.303,3.678,-0.1051524710830698
2025-04-15,Pensacola,2.834,3.29,3.657,-0.5614035087719293
2025-04-16,Pensacola,2.821,3.26,3.636,-0.4587155963302725
2025-04-17,Pensacola,2.805,3.261,3.618,-0.5671747607231437
2025-04-18,Pensacola,2.792,3.242,3.614,-0.4634581105169455
2025-04-19,Pensacola,2.785,3.226,3.598,-0.2507163323782091
2025-04-20,Pensacola,2.784,3.234,3.6,-0.0359066427289223
2025-04-21,Pensacola,2.785,3.225,3.6,0.035919540229900626
2025-04-22,Pensacola,2.79,3.253,3.608,0.17953321364452268
2025-04-23,Pensacola,2.84,3.333,3.695,1.7921146953404854
2025-04-24,Pensacola,2.902,3.333,3.7,2.183098591549304
2025-04-25,Pensacola,2.928,3.356,3.693,0.8959338387318994
2025-04-26,Pensacola,2.91,3.339,3.684,-0.6147540983606481
2025-04-27,Pensacola,2.893,3.338,3.697,-0.584192439862552
2025-04-28,Pensacola,2.879,3.325,3.689,-0.4839267196681596
2025-04-29,Pensacola,2.861,3.297,3.652,-0.625217089267105
2025-04-30,Pensacola,2.843,3.29,3.653,-0.6291506466270635
2025-05-01,Pensacola,2.834,3.277,3.632,-0.31656700668307725
2025-05-02,Pensacola,2.819,3.273,3.628,-0.5292872265349358
2025-05-03,Pensacola,2.802,3.243,3.616,-0.6030507272082319
2025-05-04,Pensacola,2.792,3.234,3.605,-0.35688793718773315
2025-05-05,Pensacola,2.786,3.228,3.591,-0.21489971346704273
2025-05-06,Pensacola,2.778,3.235,3.62,-0.2871500358937573
2025-05-07,Pensacola,2.811,3.281,3.661,1.1879049676025932
2025-05-08,Pensacola,2.845,3.295,3.665,1.2095339736748478
2025-05-09,Pensacola,2.855,3.3,3.668,0.35149384885764245
2025-05-10,Pensacola,2.842,3.293,3.655,-0.4553415061295918
2025-05-11,Pensacola,2.828,3.28,3.622,-0.49261083743843415
2025-05-12,Pensacola,2.819,3.278,3.622,-0.31824611032531536
2025-05-13,Pensacola,2.807,3.264,3.627,-0.4256828662646317
2025-05-14,Pensacola,2.862,3.317,3.693,1.9593872461702855
2025-05-15,Pensacola,2.888,3.342,3.734,0.9084556254367548
2025-05-16,Pensacola,2.888,3.342,3.731,0.0
2025-05-17,Pensacola,2.869,3.327,3.707,-0.6578947368420907
2025-05-18,Pensacola,2.861,3.316,3.707,-0.27884280237016057
2025-05-19,Pensacola,2.853,3.306,3.691,-0.27962250961202084
2025-05-20,Pensacola,2.837,3.29,3.673,-0.5608131791097093
2025-05-21,Pensacola,2.825,3.289,3.662,-0.4229820232640069
2025-05-22,Pensacola,2.814,3.275,3.656,-0.3893805309734599
2025-05-23,Pensacola,2.806,3.262,3.644,-0.2842928216062579
2025-05-24,Pensacola,2.798,3.245,3.63,-0.28510334996436626
2025-05-25,Pensacola,2.794,3.241,3.619,-0.14295925661186315
2025-05-26,Pensacola,2.791,3.228,3.609,-0.10737294201861314
2025-05-27,Pensacola,2.787,3.243,3.627,-0.14331780723755294
2025-05-28,Pensacola,2.782,3.24,3.631,-0.17940437746680749
2025-05-29,Pensacola,2.83,3.287,3.679,1.7253774263120025
2025-05-30,Pensacola,2.848,3.301,3.685,0.6360424028268419
2025-05-31,Pensacola,2.839,3.295,3.682,-0.3160112359550493
2025-06-01,Pensacola,2.831,3.288,3.667,-0.2817893624515677
2025-06-02,Pensacola,2.827,3.277,3.655,-0.14129282938890597
2025-06-03,Pensacola,2.817,3.274,3.66,-0.35373187124159156
2025-06-04,Pensacola,2.831,3.307,3.688,0.4969826056087978
2025-06-05,Pensacola,2.865,3.324,3.708,1.200989049805723
2025-06-07,Pensacola,2.861,3.314,3.695,-0.13961605584642545
2025-06-08,Pensacola,2.855,3.314,3.696,-0.20971688220902118
2025-06-09,Pensacola,2.85,3.303,3.684,-0.17513134851138146
2025-06-10,Pensacola,2.831,3.283,3.674,-0.666666666666671
2025-06-11,Pensacola,2.814,3.265,3.659,-0.6004945249028615
2025-06-13,Pensacola,2.886,3.324,3.718,2.558635394456288
2025-06-14,Pensacola,2.889,3.338,3.733,0.10395010395010118
2025-06-15,Pensacola,2.905,3.365,3.746,0.5538248528902834
2025-06-16,Pensacola,2.912,3.362,3.75,0.24096385542169418
2025-06-17,Pensacola,2.919,3.358,3.742,0.24038461538462563
2025-06-18,Pensacola,2.918,3.36,3.741,-0.034258307639600805
2025-06-19,Pensacola,2.916,3.357,3.743,-0.06854009595613775
2025-06-20,Pensacola,2.932,3.374,3.759,0.5486968449931462
2025-06-21,Pensacola,2.952,3.396,3.782,0.6821282401091366
2025-06-22,Pensacola,2.962,3.403,3.793,0.3387533875338855
2025-06-23,Pensacola,2.96,3.412,3.786,-0.06752194463200967
2025-06-24,Pensacola,2.949,3.399,3.787,-0.3716216216216206
2025-06-25,Pensacola,2.932,3.385,3.773,-0.5764665988470585
2025-06-26,Pensacola,2.915,3.358,3.743,-0.5798090040927684
2025-06-27,Pensacola,2.898,3.338,3.721,-0.5831903945111461
2025-06-28,Pensacola,2.875,3.316,3.7,-0.7936507936508019
2025-06-29,Pensacola,2.863,3.295,3.695,-0.417391304347825
2025-06-30,Pensacola,2.853,3.297,3.686,-0.34928396786586546
2025-07-01,Pensacola,2.882,3.338,3.723,1.0164738871363488
2025-07-02,Pensacola,2.909,3.358,3.747,0.9368494101318348
2025-07-03,Pensacola,2.918,3.359,3.762,0.3093846682708845
2025-07-04,Pensacola,2.898,3.345,3.748,-0.6854009595613442
2025-07-05,Pensacola,2.896,3.343,3.744,-0.06901311249137843
2025-07-06,Pensacola,2.881,3.327,3.731,-0.5179558011049745
2025-07-07,Pensacola,2.878,3.329,3.72,-0.10413051023948627
2025-07-08,Pensacola,2.867,3.322,3.717,-0.38220986796386747
2025-07-09,Pensacola,2.904,3.361,3.749,1.2905476107429426
2025-07-10,Pensacola,2.924,3.385,3.768,0.688705234159781
2025-07-11,Pensacola,2.923,3.374,3.768,-0.03419972640218427
2025-07-12,Pensacola,2.908,3.359,3.75,-0.5131713992473474
2025-07-13,Pensacola,2.898,3.349,3.748,-0.3438789546079679
2025-07-14,Pensacola,2.893,3.332,3.722,-0.1725327812284405
2025-07-15,Pensacola,2.878,3.332,3.725,-0.5184929139301686
2025-07-16,Pensacola,2.925,3.384,3.776,1.6330785267546721
2025-07-17,Pensacola,2.957,3.416,3.788,1.0940170940170857
2025-07-18,Pensacola,2.947,3.391,3.779,-0.3381805884342115
2025-07-19,Pensacola,2.932,3.386,3.755,-0.5089921954530063
2025-07-20,Pensacola,2.921,3.373,3.746,-0.3751705320600318
2025-07-21,Pensacola,2.913,3.363,3.748,-0.2738788086271815
2025-07-22,Pensacola,2.897,3.354,3.732,-0.5492619292825296
2025-07-23,Pensacola,2.882,3.347,3.722,-0.5177770107007151
2025-07-24,Pensacola,2.888,3.358,3.735,0.2081887578070818
2025-07-25,Pensacola,2.919,3.36,3.754,1.07340720221607
2025-07-26,Pensacola,2.907,3.361,3.74,-0.41109969167523186
2025-07-27,Pensacola,2.892,3.362,3.734,-0.515995872033026
2025-07-28,Pensacola,2.877,3.323,3.717,-0.5186721991701337
2025-07-29,Pensacola,2.853,3.302,3.705,-0.8342022940562965
2025-07-30,Pensacola,2.896,3.343,3.737,1.5071854188573264
2025-07-31,Pensacola,2.927,3.374,3.752,1.070441988950277
2025-08-01,Pensacola,2.916,3.37,3.745,-0.3758114110010258
2025-08-02,Pensacola,2.901,3.36,3.741,-0.5144032921810759
2025-08-03,Pensacola,2.895,3.349,3.722,-0.20682523267837594
2025-08-04,Pensacola,2.893,3.342,3.725,-0.0690846286701241
2025-08-05,Pensacola,2.875,3.326,3.723,-0.6221914967162068
2025-08-06,Pensacola,2.923,3.376,3.764,1.6695652173913
2025-08-07,Pensacola,2.951,3.396,3.783,0.9579199452617093
2025-08-08,Pensacola,2.932,3.391,3.776,-0.6438495425279633
2025-08-09,Pensacola,2.911,3.375,3.761,-0.716234652114589
2025-08-10,Pensacola,2.892,3.359,3.745,-0.6526966678117474
2025-08-11,Pensacola,2.882,3.328,3.709,-0.345781466113404
2025-08-12,Pensacola,2.866,3.306,3.7,-0.5551700208188737
2025-08-13,Pensacola,2.923,3.378,3.766,1.9888346127006296
2025-08-14,Pensacola,2.943,3.393,3.779,0.6842285323297892
2025-08-15,Pensacola,2.927,3.377,3.76,-0.5436629289840345
2025-08-16,Pensacola,2.898,3.36,3.742,-0.9907755380936134
2025-08-17,Pensacola,2.886,3.334,3.718,-0.41407867494823725
2025-08-18,Pensacola,2.88,3.335,3.713,-0.20790020790021346
2025-08-19,Pensacola,2.86,3.321,3.701,-0.694444444444442
2025-08-20,Pensacola,2.844,3.3,3.691,-0.5594405594405605
2025-08-21,Pensacola,2.828,3.292,3.686,-0.5625879043600568
2025-08-22,Pensacola,2.817,3.273,3.649,-0.38896746817538297
2025-08-23,Pensacola,2.812,3.258,3.645,-0.17749378771744206
2025-08-24,Pensacola,2.81,3.248,3.639,-0.07112375533427917
2025-08-25,Pensacola,2.811,3.247,3.642,0.0355871886120962
2025-08-26,Pensacola,2.806,3.254,3.641,-0.1778726431874711
2025-08-27,Pensacola,2.931,3.401,3.765,4.454739843193156
2025-08-28,Pensacola,2.971,3.422,3.801,1.3647219379051556
2025-08-29,Pensacola,2.951,3.403,3.78,-0.6731740154830024
2025-08-30,Pensacola,2.92,3.375,3.754,-1.050491358861405
2025-08-31,Pensacola,2.898,3.358,3.738,-0.7534246575342407
2025-09-01,Pensacola,2.884,3.326,3.708,-0.4830917874396268
2025-09-02,Pensacola,2.877,3.336,3.713,-0.24271844660194164
2025-09-03,Pensacola,2.936,3.408,3.774,2.0507473062217674
2025-09-04,Pensacola,2.988,3.431,3.799,1.7711171662125436
2025-09-05,Pensacola,2.977,3.431,3.794,-0.3681392235609149
2025-09-06,Pensacola,2.946,3.401,3.771,-1.0413167618407715
2025-09-07,Pensacola,2.93,3.385,3.764,-0.5431093007467802
2025-09-08,Pensacola,2.923,3.381,3.753,-0.23890784982935065
2025-09-09,Pensacola,2.898,3.358,3.742,-0.855285665412242
2025-09-10,Pensacola,2.946,3.405,3.79,1.6563146997929712
2025-09-11,Pensacola,2.954,3.395,3.784,0.27155465037338455
2025-09-12,Pensacola,2.925,3.365,3.759,-0.98171970209886
2025-09-13,Pensacola,2.888,3.347,3.73,-1.2649572649572671
2025-09-14,Pensacola,2.874,3.336,3.708,-0.4847645429362779
2025-09-15,Pensacola,2.865,3.314,3.693,-0.31315240083507057
2025-09-16,Pensacola,2.845,3.31,3.682,-0.6980802792321161
2025-09-17,Pensacola,2.879,3.351,3.734,1.19507908611598
2025-09-18,Pensacola,2.918,3.37,3.743,1.3546370267454089
2025-09-19,Pensacola,2.902,3.358,3.735,-0.5483207676490798
2025-09-20,Pensacola,2.878,3.341,3.705,-0.8270158511371473
2025-09-21,Pensacola,2.858,3.317,3.704,-0.6949270326615742
2025-09-22,Pensacola,2.85,3.286,3.701,-0.2799160251924393
2025-09-23,Pensacola,2.825,3.271,3.669,-0.877192982456132
2025-09-24,Pensacola,2.849,3.328,3.714,0.8495575221239005
2025-09-25,Pensacola,2.827,3.295,3.668,-0.7722007722007818
2025-09-26,Pensacola,2.812,3.27,3.65,-0.5305978068623984
2025-09-27,Pensacola,2.799,3.254,3.63,-0.46230440967283126
2025-09-28,Pensacola,2.794,3.25,3.638,-0.17863522686673017
2025-09-29,Pensacola,2.792,3.257,3.632,-0.07158196134574579
2025-09-30,Pensacola,2.79,3.246,3.622,-0.07163323782234388
2025-10-01,Pensacola,2.861,3.32,3.695,2.544802867383522
2025-10-02,Pensacola,2.866,3.314,3.691,0.1747640685075158
2025-10-03,Pensacola,2.843,3.311,3.671,-0.8025122121423589
2025-10-04,Pensacola,2.812,3.292,3.65,-1.090397467463955
2025-10-05,Pensacola,2.804,3.275,3.647,-0.2844950213371278
2025-10-06,Pensacola,2.8,3.257,3.634,-0.14265335235378318
2025-10-07,Pensacola,2.789,3.256,3.638,-0.39285714285712814
2025-10-08,Pensacola,2.825,3.302,3.689,1.2907852276801801
2025-10-09,Pensacola,2.832,3.293,3.676,0.2477876106194543
2025-10-10,Pensacola,2.82,3.287,3.665,-0.4237288135593209
2025-10-11,Pensacola,2.802,3.27,3.641,-0.6382978723404209
2025-10-12,Pensacola,2.794,3.267,3.622,-0.2855103497501732
2025-10-13,Pensacola,2.789,3.258,3.624,-0.17895490336434783
2025-10-14,Pensacola,2.776,3.241,3.627,-0.46611688777340454
2025-10-15,Pensacola,2.798,3.259,3.653,0.7925072046109705
2025-10-16,Pensacola,2.786,3.23,3.616,-0.42887776983560055
2025-10-17,Pensacola,2.765,3.219,3.601,-0.7537688442211032
2025-10-18,Pensacola,2.733,3.201,3.571,-1.1573236889692584
2025-10-19,Pensacola,2.714,3.171,3.552,-0.695206732528364
2025-10-20,Pensacola,2.702,3.158,3.53,-0.44215180545320587
2025-10-21,Pensacola,2.673,3.135,3.505,-1.0732790525536662
2025-10-22,Pensacola,2.708,3.173,3.552,1.3093901982790923
2025-10-23,Pensacola,2.73,3.194,3.564,0.8124076809453484
2025-10-24,Pensacola,2.716,3.167,3.541,-0.5128205128204999
2025-10-25,Pensacola,2.679,3.14,3.512,-1.3622974963181322
2025-10-26,Pensacola,2.666,3.129,3.484,-0.4852556924225371
2025-10-27,Pensacola,2.658,3.115,3.478,-0.30007501875468634
2025-10-28,Pensacola,2.643,3.103,3.474,-0.5643340857787837
2025-11-01,Pensacola,2.678,3.132,3.512,1.324252743094978
2025-11-03,Pensacola,2.66,3.127,3.487,-0.6721433905899854
2025-11-07,Pensacola,2.707,3.165,3.542,1.7669172932330612
2025-11-08,Pensacola,2.683,3.148,3.531,-0.8865903213889914
2025-11-09,Pensacola,2.672,3.135,3.51,-0.4099888184867617
2025-11-11,Pensacola,2.661,3.112,3.487,-0.41167664670659354
2025-11-14,Pensacola,2.764,3.221,3.591,3.8707252912438816
2025-11-15,Pensacola,2.742,3.191,3.587,-0.7959479015918869
2025-11-16,Pensacola,2.734,3.177,3.586,-0.29175784099197966
2025-11-17,Pensacola,2.731,3.172,3.561,-0.1097293343087058
2025-11-21,Pensacola,2.757,3.227,3.613,0.9520322226290734
2025-11-24,Pensacola,2.718,3.193,3.566,-1.4145810663764968
2025-12-02,Pensacola,2.671,3.159,3.526,-1.7292126563649757
2025-12-04,Pensacola,2.731,3.211,3.591,2.2463496817671347
2025-12-11,Pensacola,2.744,3.198,3.587,0.4760161113145589
2025-12-17,Pensacola,2.664,3.122,3.512,-2.9154518950437303
2025-12-22,Pensacola,2.627,3.096,3.482,-1.3888888888889062
2025-12-23,Pensacola,2.603,3.08,3.459,-0.9135896459839921
2025-12-26,Pensacola,2.628,3.087,3.475,0.9604302727622027
2025-12-27,Pensacola,2.622,3.074,3.458,-0.22831050228311334
2025-12-29,Pensacola,2.598,3.052,3.449,-0.9153318077803174
2025-12-30,Pensacola,2.616,3.091,3.475,0.6928406466512715
2022-01-28,Port St. Lucie,3.38,3.703,4.033,
2022-01-28,Port St. Lucie,3.38,3.703,4.033,0.0
2022-03-07,Port St. Lucie,4.025,4.309,4.642,19.082840236686405
2022-03-07,Port St. Lucie,4.025,4.309,4.642,0.0
2022-03-08,Port St. Lucie,4.025,4.309,4.642,0.0
2022-03-08,Port St. Lucie,4.025,4.309,4.642,0.0
2022-03-22,Port St. Lucie,4.187,4.551,4.869,4.02484472049689
2022-03-22,Port St. Lucie,4.187,4.551,4.869,0.0
2022-04-01,Port St. Lucie,4.208,4.614,4.899,0.5015524241700486
2022-04-01,Port St. Lucie,4.208,4.614,4.899,0.0
2022-04-14,Port St. Lucie,4.051,4.461,4.764,-3.730988593155893
2022-04-19,Port St. Lucie,4.091,4.477,4.797,0.9874105159219937
2022-05-11,Port St. Lucie,4.352,4.702,5.02,6.37985822537277
2022-05-25,Port St. Lucie,4.599,4.948,5.268,5.675551470588225
2022-05-29,Port St. Lucie,4.606,4.95,5.29,0.15220700152205335
2022-05-31,Port St. Lucie,4.599,4.944,5.281,-0.1519756838905706
2022-06-06,Port St. Lucie,4.786,5.12,5.454,4.066101326375282
2022-06-09,Port St. Lucie,4.785,5.13,5.468,-0.020894274968652482
2022-06-25,Port St. Lucie,4.696,5.114,5.452,-1.8599791013584221
2022-06-26,Port St. Lucie,4.686,5.103,5.435,-0.2129471890971013
2022-06-27,Port St. Lucie,4.686,5.103,5.435,0.0
2022-06-29,Port St. Lucie,4.631,5.057,5.402,-1.1737089201877882
2022-06-30,Port St. Lucie,4.624,5.061,5.397,-0.15115525804363372
2022-07-02,Port St. Lucie,4.599,5.011,5.361,-0.540657439446357
2022-07-10,Port St. Lucie,4.457,4.879,5.21,-3.0876277451620027
2022-08-01,Port St. Lucie,3.997,4.413,4.815,-10.320843616782593
2022-09-22,Port St. Lucie,3.422,3.803,4.152,-14.385789342006493
2022-09-23,Port St. Lucie,3.403,3.8,4.129,-0.5552308591467048
2022-09-27,Port St. Lucie,3.408,3.785,4.141,0.1469291801351691
2022-10-02,Port St. Lucie,3.289,3.686,4.038,-3.491784037558676
2022-10-03,Port St. Lucie,3.257,3.636,3.994,-0.9729401033748863
2022-10-04,Port St. Lucie,3.221,3.616,3.988,-1.1053116364752813
2022-11-05,Port St. Lucie,3.487,3.88,4.191,8.258304874262645
2022-11-10,Port St. Lucie,3.601,3.977,4.322,3.2692859191281842
2022-11-21,Port St. Lucie,3.462,3.84,4.18,-3.8600388780894113
2022-11-26,Port St. Lucie,3.382,3.797,4.12,-2.3108030040439043
2022-11-28,Port St. Lucie,3.362,3.767,4.098,-0.5913660555884048
2022-11-30,Port St. Lucie,3.345,3.743,4.077,-0.5056513979773913
2022-12-01,Port St. Lucie,3.325,3.713,4.074,-0.5979073243647215
2022-12-05,Port St. Lucie,3.231,3.637,3.952,-2.8270676691729446
2022-12-07,Port St. Lucie,3.218,3.635,3.966,-0.4023522129371626
2022-12-08,Port St. Lucie,3.174,3.602,3.902,-1.3673088875077677
2022-12-10,Port St. Lucie,3.161,3.581,3.896,-0.4095778197857558
2023-01-19,Port St. Lucie,3.445,3.812,4.147,8.984498576399869
2023-03-23,Port St. Lucie,3.469,3.88,4.21,0.6966618287373105
2023-03-27,Port St. Lucie,3.42,3.82,4.139,-1.4125108100317085
2023-03-30,Port St. Lucie,3.502,3.9,4.221,2.397660818713443
2023-04-02,Port St. Lucie,3.528,3.921,4.224,0.7424328954882986
2023-04-03,Port St. Lucie,3.521,3.909,4.211,-0.1984126984126977
2023-05-15,Port St. Lucie,3.53,3.899,4.237,0.2556092019312617
2023-05-16,Port St. Lucie,3.517,3.912,4.229,-0.36827195467421525
2023-05-17,Port St. Lucie,3.5,3.908,4.245,-0.48336650554449134
2023-05-18,Port St. Lucie,3.492,3.888,4.226,-0.22857142857143353
2023-05-22,Port St. Lucie,3.448,3.836,4.188,-1.2600229095074522
2023-05-24,Port St. Lucie,3.439,3.823,4.173,-0.2610208816705262
2023-05-25,Port St. Lucie,3.436,3.847,4.168,-0.08723466123873314
2023-05-26,Port St. Lucie,3.432,3.834,4.14,-0.11641443538998875
2023-05-30,Port St. Lucie,3.455,3.834,4.129,0.6701631701631738
2023-05-31,Port St. Lucie,3.458,3.832,4.149,0.08683068017365514
2023-06-01,Port St. Lucie,3.454,3.86,4.156,-0.11567379988433046
2023-06-06,Port St. Lucie,3.417,3.822,4.144,-1.0712217718587214
2023-06-07,Port St. Lucie,3.401,3.809,4.149,-0.4682470002926542
2023-06-09,Port St. Lucie,3.445,3.859,4.171,1.2937371361364303
2023-06-10,Port St. Lucie,3.445,3.859,4.171,0.0
2023-06-13,Port St. Lucie,3.515,3.926,4.247,2.0319303338171446
2023-06-14,Port St. Lucie,3.503,3.927,4.248,-0.3413940256045467
2023-06-16,Port St. Lucie,3.475,3.891,4.203,-0.7993148729660282
2023-06-23,Port St. Lucie,3.394,3.812,4.124,-2.3309352517985604
2023-07-04,Port St. Lucie,3.286,3.678,4.004,-3.1820860341779666
2023-11-11,Port St. Lucie,3.259,3.692,4.038,-0.8216676810712142
2023-11-29,Port St. Lucie,3.205,3.633,3.962,-1.6569499846578628
2024-01-18,Port St. Lucie,3.123,3.541,3.875,-2.5585023400935936
2024-02-21,Port St. Lucie,3.373,3.751,4.085,8.005123278898484
2024-02-26,Port St. Lucie,3.343,3.737,4.074,-0.8894159501927179
2024-02-27,Port St. Lucie,3.323,3.722,4.092,-0.5982650314089177
2024-02-28,Port St. Lucie,3.363,3.753,4.106,1.2037315678603777
2024-03-01,Port St. Lucie,3.406,3.779,4.13,1.2786202795123547
2024-03-02,Port St. Lucie,3.393,3.797,4.139,-0.3816793893129833
2024-03-04,Port St. Lucie,3.376,3.789,4.113,-0.5010315355142958
2024-03-05,Port St. Lucie,3.362,3.779,4.066,-0.4146919431279539
2024-04-11,Port St. Lucie,3.614,4.001,4.335,7.49553837001784
2024-04-22,Port St. Lucie,3.599,3.995,4.277,-0.4150525733259469
2024-04-23,Port St. Lucie,3.599,3.995,4.277,0.0
2024-05-06,Port St. Lucie,3.633,4.026,4.335,0.9447068630175082
2024-05-19,Port St. Lucie,3.475,3.881,4.241,-4.349022846132666
2024-05-24,Port St. Lucie,3.572,4.0,4.322,2.7913669064748126
2024-05-31,Port St. Lucie,3.506,3.924,4.257,-1.8477043673012394
2024-06-03,Port St. Lucie,3.449,3.887,4.196,-1.625784369652028
2024-06-12,Port St. Lucie,3.28,3.7,4.028,-4.899971006088721
2024-06-16,Port St. Lucie,3.249,3.664,3.996,-0.9451219512195075
2024-06-20,Port St. Lucie,3.4,3.787,4.109,4.647583871960603
2024-06-21,Port St. Lucie,3.4,3.787,4.109,0.0
2024-06-23,Port St. Lucie,3.391,3.788,4.139,-0.2647058823529336
2024-06-29,Port St. Lucie,3.395,3.803,4.131,0.11795930404010502
2024-07-04,Port St. Lucie,3.541,3.906,4.229,4.300441826215029
2024-07-09,Port St. Lucie,3.53,3.941,4.238,-0.3106467099689425
2024-07-10,Port St. Lucie,3.53,3.941,4.238,0.0
2024-07-12,Port St. Lucie,3.589,4.002,4.297,1.671388101983018
2024-07-18,Port St. Lucie,3.467,3.889,4.214,-3.3992755642240136
2024-07-22,Port St. Lucie,3.335,3.742,4.074,-3.8073262186328227
2024-07-24,Port St. Lucie,3.478,3.897,4.186,4.287856071964025
2024-07-25,Port St. Lucie,3.478,3.897,4.186,0.0
2024-08-01,Port St. Lucie,3.426,3.881,4.198,-1.4951121334100037
2024-08-11,Port St. Lucie,3.328,3.749,4.082,-2.860478692352608
2024-08-16,Port St. Lucie,3.366,3.793,4.126,1.1418269230769384
2024-08-17,Port St. Lucie,3.366,3.793,4.126,0.0
2024-08-18,Port St. Lucie,3.304,3.746,4.058,-1.8419489007724388
2024-08-19,Port St. Lucie,3.28,3.708,4.021,-0.7263922518159771
2024-08-20,Port St. Lucie,3.28,3.708,4.021,0.0
2024-09-07,Port St. Lucie,3.164,3.625,3.957,-3.5365853658536506
2024-09-09,Port St. Lucie,3.116,3.546,3.906,-1.5170670037926715
2024-09-16,Port St. Lucie,3.111,3.515,3.851,-0.16046213093710016
2024-09-19,Port St. Lucie,3.186,3.629,3.98,2.4108003857280513
2024-09-21,Port St. Lucie,3.147,3.596,3.937,-1.2241054613935987
2024-09-23,Port St. Lucie,3.147,3.596,3.937,0.0
2024-09-24,Port St. Lucie,3.144,3.566,3.891,-0.09532888465203504
2024-09-25,Port St. Lucie,3.144,3.566,3.891,0.0
2024-09-26,Port St. Lucie,3.189,3.599,3.934,1.4312977099236512
2024-09-27,Port St. Lucie,3.202,3.648,3.969,0.40765130134838845
2024-10-01,Port St. Lucie,3.177,3.603,3.914,-0.7807620237351598
2024-10-02,Port St. Lucie,3.163,3.618,3.937,-0.4406672961913882
2024-10-04,Port St. Lucie,3.134,3.592,3.92,-0.9168510907366367
2024-10-06,Port St. Lucie,3.113,3.554,3.902,-0.6700701978302415
2024-10-09,Port St. Lucie,3.139,3.551,3.915,0.8352071956312157
2024-10-13,Port St. Lucie,3.124,3.537,3.893,-0.47785919082509176
2024-10-21,Port St. Lucie,3.107,3.536,3.852,-0.5441741357234298
2024-11-01,Port St. Lucie,3.061,3.48,3.856,-1.4805278403604794
2024-11-02,Port St. Lucie,3.061,3.48,3.856,0.0
2024-11-04,Port St. Lucie,3.006,3.408,3.769,-1.796798431885005
2024-11-05,Port St. Lucie,3.102,3.544,3.892,3.1936127744510934
2024-11-06,Port St. Lucie,3.166,3.604,3.916,2.063185041908455
2024-11-07,Port St. Lucie,3.184,3.621,3.945,0.5685407454200986
2024-11-08,Port St. Lucie,3.17,3.628,3.939,-0.43969849246231485
2024-11-10,Port St. Lucie,3.131,3.562,3.901,-1.2302839116719255
2024-11-11,Port St. Lucie,3.117,3.547,3.879,-0.447141488342373
2024-11-12,Port St. Lucie,3.088,3.517,3.86,-0.9303817773500089
2024-11-13,Port St. Lucie,3.047,3.486,3.841,-1.3277202072538796
2024-11-14,Port St. Lucie,3.01,3.457,3.809,-1.2143091565474329
2024-11-15,Port St. Lucie,3.089,3.516,3.86,2.6245847176079806
2024-11-16,Port St. Lucie,3.156,3.588,3.933,2.168986727096156
2024-11-17,Port St. Lucie,3.159,3.599,3.931,0.0950570342205248
2024-11-18,Port St. Lucie,3.152,3.581,3.935,-0.22158911047799323
2024-11-19,Port St. Lucie,3.132,3.571,3.897,-0.6345177664974666
2024-11-20,Port St. Lucie,3.096,3.533,3.843,-1.1494252873563204
2024-11-21,Port St. Lucie,3.045,3.492,3.828,-1.6472868217054293
2024-11-22,Port St. Lucie,3.006,3.461,3.789,-1.2807881773399088
2024-11-24,Port St. Lucie,3.132,3.56,3.886,4.191616766467088
2024-11-25,Port St. Lucie,3.156,3.59,3.899,0.766283524904221
2024-11-26,Port St. Lucie,3.138,3.566,3.865,-0.5703422053232043
2024-11-27,Port St. Lucie,3.142,3.569,3.864,0.1274697259400881
2024-11-28,Port St. Lucie,3.152,3.583,3.908,0.3182686187142014
2024-12-01,Port St. Lucie,3.122,3.543,3.89,-0.9517766497462055
2024-12-02,Port St. Lucie,3.109,3.519,3.88,-0.41639974375400346
2024-12-03,Port St. Lucie,3.075,3.519,3.826,-1.0935992280475926
2024-12-05,Port St. Lucie,3.016,3.452,3.775,-1.918699186991879
2024-12-06,Port St. Lucie,2.994,3.414,3.753,-0.7294429708222694
2024-12-07,Port St. Lucie,3.051,3.524,3.847,1.9038076152304573
2024-12-08,Port St. Lucie,3.124,3.556,3.886,2.3926581448705297
2024-12-09,Port St. Lucie,3.143,3.566,3.905,0.6081946222791235
2024-12-10,Port St. Lucie,3.143,3.58,3.903,0.0
2024-12-11,Port St. Lucie,3.109,3.549,3.863,-1.0817690104995115
2024-12-12,Port St. Lucie,3.07,3.495,3.826,-1.2544226439369588
2024-12-13,Port St. Lucie,3.041,3.476,3.794,-0.944625407166122
2024-12-16,Port St. Lucie,3.171,3.6,3.901,4.274909569220653
2024-12-17,Port St. Lucie,3.154,3.593,3.888,-0.5361084831283502
2024-12-18,Port St. Lucie,3.123,3.55,3.867,-0.9828788839568725
2024-12-19,Port St. Lucie,3.09,3.522,3.843,-1.0566762728146162
2024-12-20,Port St. Lucie,3.075,3.501,3.808,-0.4854368932038722
2024-12-23,Port St. Lucie,2.994,3.435,3.761,-2.634146341463417
2024-12-24,Port St. Lucie,3.085,3.55,3.814,3.0394121576486244
2024-12-27,Port St. Lucie,3.137,3.557,3.875,1.6855753646677574
2024-12-28,Port St. Lucie,3.105,3.545,3.865,-1.0200828817341412
2024-12-29,Port St. Lucie,3.095,3.513,3.865,-0.32206119162639935
2024-12-30,Port St. Lucie,3.085,3.49,3.821,-0.3231017770597866
2025-01-01,Port St. Lucie,3.109,3.586,3.87,0.7779578606158744
2025-01-02,Port St. Lucie,3.132,3.599,3.882,0.7397877130910224
2025-01-03,Port St. Lucie,3.166,3.601,3.886,1.085568326947639
2025-01-05,Port St. Lucie,3.142,3.556,3.85,-0.758054327226787
2025-01-06,Port St. Lucie,3.117,3.525,3.818,-0.7956715467854814
2025-01-07,Port St. Lucie,3.078,3.509,3.804,-1.2512030798845108
2025-01-08,Port St. Lucie,3.04,3.458,3.785,-1.2345679012345623
2025-01-09,Port St. Lucie,3.117,3.557,3.897,2.532894736842106
2025-01-11,Port St. Lucie,3.155,3.596,3.908,1.2191209496310584
2025-01-13,Port St. Lucie,3.117,3.517,3.846,-1.204437400950864
2025-01-14,Port St. Lucie,3.187,3.643,3.949,2.2457491177414024
2025-01-15,Port St. Lucie,3.243,3.682,3.995,1.757138374647016
2025-01-16,Port St. Lucie,3.264,3.692,4.012,0.647548566142464
2025-01-17,Port St. Lucie,3.254,3.676,4.008,-0.30637254901960675
2025-01-18,Port St. Lucie,3.241,3.67,3.993,-0.39950829748002237
2025-01-19,Port St. Lucie,3.229,3.648,3.956,-0.3702560937982158
2025-01-20,Port St. Lucie,3.221,3.639,3.925,-0.24775472282440036
2025-01-21,Port St. Lucie,3.2,3.63,3.94,-0.6519714374417895
2025-01-23,Port St. Lucie,3.129,3.569,3.883,-2.2187500000000027
2025-01-24,Port St. Lucie,3.195,3.644,3.945,2.1093000958772645
2025-01-26,Port St. Lucie,3.251,3.696,4.001,1.7527386541471124
2025-01-27,Port St. Lucie,3.235,3.653,3.953,-0.4921562596124307
2025-01-28,Port St. Lucie,3.204,3.64,3.938,-0.9582689335394079
2025-01-30,Port St. Lucie,3.117,3.564,3.888,-2.7153558052434468
2025-02-01,Port St. Lucie,3.065,3.487,3.842,-1.6682707731793367
2025-02-02,Port St. Lucie,3.045,3.477,3.81,-0.6525285481239762
2025-02-03,Port St. Lucie,3.044,3.442,3.769,-0.03284072249588599
2025-02-04,Port St. Lucie,3.163,3.641,3.949,3.909329829172137
2025-02-06,Port St. Lucie,3.274,3.682,4.026,3.5093265886816383
2025-02-07,Port St. Lucie,3.274,3.682,4.026,0.0
2025-02-09,Port St. Lucie,3.198,3.639,3.95,-2.3213194868662246
2025-02-10,Port St. Lucie,3.186,3.606,3.907,-0.37523452157598447
2025-02-11,Port St. Lucie,3.154,3.587,3.896,-1.0043942247332072
2025-02-12,Port St. Lucie,3.124,3.557,3.9,-0.9511731135066537
2025-02-13,Port St. Lucie,3.099,3.534,3.888,-0.8002560819462157
2025-02-15,Port St. Lucie,3.044,3.492,3.795,-1.7747660535656684
2025-02-16,Port St. Lucie,3.03,3.482,3.773,-0.45992115637319975
2025-02-17,Port St. Lucie,3.021,3.446,3.723,-0.2970297029702973
2025-02-18,Port St. Lucie,3.111,3.591,3.892,2.9791459781529417
2025-02-19,Port St. Lucie,3.183,3.604,3.933,2.314368370298925
2025-02-20,Port St. Lucie,3.194,3.626,3.937,0.345585925227776
2025-02-21,Port St. Lucie,3.17,3.616,3.907,-0.7514088916718897
2025-02-22,Port St. Lucie,3.147,3.577,3.878,-0.7255520504731883
2025-02-23,Port St. Lucie,3.113,3.53,3.843,-1.0803940260565525
2025-02-25,Port St. Lucie,3.147,3.614,3.902,1.0921940250562034
2025-02-26,Port St. Lucie,3.192,3.65,3.931,1.4299332697807587
2025-02-27,Port St. Lucie,3.182,3.624,3.948,-0.31328320802005427
2025-02-28,Port St. Lucie,3.147,3.589,3.899,-1.0999371464487817
2025-03-01,Port St. Lucie,3.111,3.556,3.847,-1.143946615824587
2025-03-02,Port St. Lucie,3.075,3.506,3.808,-1.1571841851494735
2025-03-03,Port St. Lucie,3.059,3.48,3.752,-0.5203252032520367
2025-03-04,Port St. Lucie,3.026,3.427,3.732,-1.0787839163125312
2025-03-06,Port St. Lucie,3.171,3.62,3.898,4.791804362194307
2025-03-07,Port St. Lucie,3.166,3.609,3.902,-0.1576789656259847
2025-03-08,Port St. Lucie,3.139,3.587,3.874,-0.8528111181301368
2025-03-09,Port St. Lucie,3.114,3.534,3.845,-0.7964319847085011
2025-03-10,Port St. Lucie,3.088,3.507,3.801,-0.8349389852279954
2025-03-11,Port St. Lucie,3.047,3.471,3.77,-1.3277202072538796
2025-03-12,Port St. Lucie,3.014,3.472,3.753,-1.0830324909747446
2025-03-13,Port St. Lucie,2.982,3.432,3.727,-1.0617120106171107
2025-03-14,Port St. Lucie,3.107,3.567,3.862,4.1918175720992545
2025-03-15,Port St. Lucie,3.153,3.572,3.9,1.4805278403604794
2025-03-16,Port St. Lucie,3.142,3.581,3.887,-0.34887408817000365
2025-03-17,Port St. Lucie,3.127,3.521,3.854,-0.47740292807129103
2025-03-18,Port St. Lucie,3.11,3.514,3.847,-0.543652062679878
2025-03-19,Port St. Lucie,3.079,3.504,3.824,-0.9967845659163865
2025-03-20,Port St. Lucie,3.048,3.5,3.821,-1.006820396232544
2025-03-21,Port St. Lucie,3.024,3.466,3.792,-0.7874015748031482
2025-03-22,Port St. Lucie,3.002,3.423,3.769,-0.7275132275132323
2025-03-24,Port St. Lucie,2.987,3.377,3.741,-0.499666888740824
2025-03-25,Port St. Lucie,3.13,3.572,3.885,4.787412119183121
2025-03-26,Port St. Lucie,3.204,3.628,3.948,2.3642172523961724
2025-03-27,Port St. Lucie,3.211,3.639,3.952,0.21847690387015728
2025-03-28,Port St. Lucie,3.187,3.639,3.928,-0.7474307069448738
2025-03-29,Port St. Lucie,3.156,3.606,3.914,-0.9727016002510136
2025-03-30,Port St. Lucie,3.133,3.572,3.902,-0.7287705956907531
2025-03-31,Port St. Lucie,3.122,3.531,3.865,-0.3511011809766984
2025-04-02,Port St. Lucie,3.214,3.66,3.992,2.9468289557975647
2025-04-03,Port St. Lucie,3.274,3.699,4.02,1.8668326073428831
2025-04-04,Port St. Lucie,3.271,3.703,4.003,-0.09163103237630477
2025-04-05,Port St. Lucie,3.234,3.676,3.979,-1.1311525527361588
2025-04-06,Port St. Lucie,3.209,3.66,3.985,-0.7730364873221984
2025-04-07,Port St. Lucie,3.198,3.61,3.94,-0.3427859146151513
2025-04-08,Port St. Lucie,3.22,3.675,3.99,0.6879299562226437
2025-04-09,Port St. Lucie,3.249,3.7,4.005,0.9006211180124124
2025-04-10,Port St. Lucie,3.226,3.673,3.985,-0.707910126192679
2025-04-11,Port St. Lucie,3.186,3.612,3.96,-1.239925604463732
2025-04-12,Port St. Lucie,3.137,3.581,3.921,-1.5379786566227183
2025-04-13,Port St. Lucie,3.101,3.542,3.884,-1.147593241950906
2025-04-14,Port St. Lucie,3.078,3.49,3.862,-0.7416962270235472
2025-04-15,Port St. Lucie,3.046,3.494,3.84,-1.0396361273554255
2025-04-16,Port St. Lucie,3.01,3.468,3.808,-1.1818778726198298
2025-04-17,Port St. Lucie,2.994,3.447,3.775,-0.5315614617940057
2025-04-18,Port St. Lucie,3.019,3.496,3.84,0.8350033400133627
2025-04-19,Port St. Lucie,3.02,3.459,3.814,0.03312355084463814
2025-04-20,Port St. Lucie,3.007,3.456,3.771,-0.4304635761589348
2025-04-21,Port St. Lucie,2.994,3.426,3.756,-0.43232457598935126
2025-04-22,Port St. Lucie,3.094,3.56,3.894,3.3400133600534287
2025-04-23,Port St. Lucie,3.173,3.605,3.942,2.5533290239172723
2025-04-24,Port St. Lucie,3.156,3.577,3.938,-0.5357705641348853
2025-04-25,Port St. Lucie,3.128,3.545,3.898,-0.8871989860583018
2025-04-26,Port St. Lucie,3.085,3.536,3.875,-1.3746803069053737
2025-04-27,Port St. Lucie,3.063,3.509,3.849,-0.7131280388978811
2025-04-28,Port St. Lucie,3.051,3.456,3.81,-0.3917727717923647
2025-04-29,Port St. Lucie,3.077,3.562,3.874,0.8521796132415549
2025-04-30,Port St. Lucie,3.172,3.672,3.996,3.087422814429641
2025-05-01,Port St. Lucie,3.239,3.697,4.011,2.1122320302648045
2025-05-02,Port St. Lucie,3.214,3.674,3.964,-0.7718431614695875
2025-05-03,Port St. Lucie,3.156,3.622,3.913,-1.8046048537647685
2025-05-04,Port St. Lucie,3.124,3.579,3.904,-1.0139416983523497
2025-05-05,Port St. Lucie,3.107,3.55,3.862,-0.5441741357234298
2025-05-06,Port St. Lucie,3.076,3.501,3.834,-0.997747022851625
2025-05-07,Port St. Lucie,3.035,3.471,3.814,-1.3328998699609906
2025-05-08,Port St. Lucie,3.007,3.45,3.784,-0.9225700164744666
2025-05-09,Port St. Lucie,2.989,3.443,3.775,-0.5986032590621915
2025-05-10,Port St. Lucie,2.966,3.425,3.738,-0.7694881231180895
2025-05-11,Port St. Lucie,2.948,3.38,3.72,-0.606877950101159
2025-05-12,Port St. Lucie,2.937,3.368,3.676,-0.3731343283582156
2025-05-13,Port St. Lucie,3.091,3.558,3.872,5.243445692883908
2025-05-14,Port St. Lucie,3.178,3.611,3.94,2.81462309932059
2025-05-15,Port St. Lucie,3.18,3.616,3.957,0.06293266205161796
2025-05-16,Port St. Lucie,3.136,3.569,3.907,-1.383647798742138
2025-05-17,Port St. Lucie,3.093,3.525,3.857,-1.3711734693877653
2025-05-18,Port St. Lucie,3.071,3.495,3.841,-0.711283543485286
2025-05-19,Port St. Lucie,3.055,3.458,3.79,-0.5210029306414898
2025-05-20,Port St. Lucie,3.028,3.445,3.798,-0.8837970540098272
2025-05-21,Port St. Lucie,3.121,3.576,3.916,3.07133421400263
2025-05-22,Port St. Lucie,3.17,3.588,3.919,1.5700096123037577
2025-05-23,Port St. Lucie,3.172,3.591,3.942,0.06309148264984632
2025-05-24,Port St. Lucie,3.139,3.571,3.928,-1.04035308953343
2025-05-25,Port St. Lucie,3.119,3.551,3.883,-0.6371455877667964
2025-05-26,Port St. Lucie,3.091,3.494,3.813,-0.8977236293683855
2025-05-27,Port St. Lucie,3.067,3.475,3.811,-0.7764477515367241
2025-05-28,Port St. Lucie,3.039,3.475,3.81,-0.9129442451907388
2025-05-29,Port St. Lucie,3.121,3.604,3.927,2.6982560052648763
2025-05-30,Port St. Lucie,3.161,3.615,3.937,1.2816404998397868
2025-05-31,Port St. Lucie,3.127,3.59,3.895,-1.0756089844985883
2025-06-01,Port St. Lucie,3.105,3.542,3.885,-0.7035497281739578
2025-06-02,Port St. Lucie,3.087,3.503,3.841,-0.5797101449275255
2025-06-03,Port St. Lucie,3.041,3.473,3.802,-1.4901198574668095
2025-06-04,Port St. Lucie,3.006,3.456,3.77,-1.1509371917132527
2025-06-05,Port St. Lucie,3.098,3.572,3.893,3.0605455755156274
2025-06-07,Port St. Lucie,3.146,3.587,3.945,1.5493867010974771
2025-06-08,Port St. Lucie,3.12,3.56,3.932,-0.8264462809917328
2025-06-09,Port St. Lucie,3.088,3.501,3.881,-1.025641025641022
2025-06-10,Port St. Lucie,3.045,3.484,3.842,-1.3924870466321293
2025-06-11,Port St. Lucie,3.003,3.455,3.82,-1.3793103448275779
2025-06-13,Port St. Lucie,2.956,3.417,3.751,-1.5651015651015676
2025-06-14,Port St. Lucie,2.947,3.4,3.74,-0.30446549391068833
2025-06-15,Port St. Lucie,2.95,3.355,3.714,0.1017984390905946
2025-06-16,Port St. Lucie,2.941,3.344,3.7,-0.30508474576271816
2025-06-17,Port St. Lucie,3.093,3.545,3.866,5.168310098605922
2025-06-18,Port St. Lucie,3.182,3.593,3.922,2.877465244099575
2025-06-19,Port St. Lucie,3.191,3.607,3.931,0.2828409805153864
2025-06-20,Port St. Lucie,3.172,3.597,3.931,-0.5954246317768641
2025-06-21,Port St. Lucie,3.139,3.568,3.922,-1.04035308953343
2025-06-22,Port St. Lucie,3.122,3.524,3.869,-0.5415737496017758
2025-06-23,Port St. Lucie,3.11,3.494,3.842,-0.384368994234463
2025-06-24,Port St. Lucie,3.098,3.487,3.828,-0.38585209003215715
2025-06-25,Port St. Lucie,3.075,3.509,3.823,-0.7424144609425309
2025-06-26,Port St. Lucie,3.045,3.485,3.825,-0.9756097560975729
2025-06-27,Port St. Lucie,3.014,3.458,3.792,-1.0180623973727432
2025-06-28,Port St. Lucie,2.983,3.417,3.768,-1.0285335102853232
2025-06-29,Port St. Lucie,2.966,3.406,3.748,-0.5698960777740458
2025-06-30,Port St. Lucie,2.958,3.38,3.729,-0.2697235333782855
2025-07-01,Port St. Lucie,3.075,3.546,3.899,3.9553752535496978
2025-07-02,Port St. Lucie,3.157,3.596,3.942,2.6666666666666616
2025-07-03,Port St. Lucie,3.164,3.601,3.926,0.22172949002217113
2025-07-04,Port St. Lucie,3.135,3.575,3.906,-0.9165613147914198
2025-07-05,Port St. Lucie,3.115,3.553,3.893,-0.6379585326953596
2025-07-06,Port St. Lucie,3.092,3.518,3.819,-0.7383627608346766
2025-07-07,Port St. Lucie,3.077,3.507,3.822,-0.48512289780078266
2025-07-08,Port St. Lucie,3.05,3.48,3.799,-0.8774780630484313
2025-07-09,Port St. Lucie,3.011,3.447,3.778,-1.2786885245901547
2025-07-10,Port St. Lucie,2.999,3.432,3.755,-0.39853869146463383
2025-07-11,Port St. Lucie,2.983,3.424,3.762,-0.533511170390133
2025-07-12,Port St. Lucie,2.971,3.413,3.744,-0.4022795843110938
2025-07-13,Port St. Lucie,2.956,3.393,3.74,-0.5048805116122601
2025-07-14,Port St. Lucie,2.943,3.358,3.698,-0.43978349120432636
2025-07-15,Port St. Lucie,2.961,3.348,3.708,0.6116207951070374
2025-07-16,Port St. Lucie,3.118,3.565,3.897,5.302262749071263
2025-07-17,Port St. Lucie,3.168,3.612,3.954,1.6035920461834552
2025-07-18,Port St. Lucie,3.161,3.587,3.942,-0.22095959595960224
2025-07-19,Port St. Lucie,3.132,3.555,3.896,-0.917431192660545
2025-07-20,Port St. Lucie,3.094,3.507,3.884,-1.213282247765013
2025-07-21,Port St. Lucie,3.069,3.486,3.846,-0.808015513897864
2025-07-22,Port St. Lucie,3.03,3.459,3.783,-1.270772238514184
2025-07-23,Port St. Lucie,2.997,3.423,3.739,-1.08910891089109
2025-07-24,Port St. Lucie,3.099,3.542,3.865,3.4034034034034155
2025-07-25,Port St. Lucie,3.165,3.599,3.925,2.1297192642787843
2025-07-26,Port St. Lucie,3.155,3.604,3.942,-0.3159557661927437
2025-07-27,Port St. Lucie,3.132,3.565,3.903,-0.7290015847860487
2025-07-28,Port St. Lucie,3.113,3.549,3.863,-0.606641123882512
2025-07-29,Port St. Lucie,3.072,3.5,3.84,-1.317057500803076
2025-07-30,Port St. Lucie,3.035,3.462,3.782,-1.204427083333326
2025-07-31,Port St. Lucie,3.004,3.445,3.77,-1.0214168039538785
2025-08-01,Port St. Lucie,2.989,3.425,3.763,-0.49933422103861647
2025-08-02,Port St. Lucie,2.972,3.402,3.735,-0.5687520910003352
2025-08-03,Port St. Lucie,2.96,3.383,3.727,-0.40376850605652326
2025-08-04,Port St. Lucie,2.954,3.369,3.728,-0.20270270270269508
2025-08-05,Port St. Lucie,3.103,3.552,3.892,5.044008124576838
2025-08-06,Port St. Lucie,3.172,3.599,3.93,2.223654527876251
2025-08-07,Port St. Lucie,3.168,3.607,3.925,-0.12610340479193294
2025-08-08,Port St. Lucie,3.136,3.572,3.902,-1.0101010101010055
2025-08-09,Port St. Lucie,3.093,3.525,3.865,-1.3711734693877653
2025-08-10,Port St. Lucie,3.065,3.489,3.816,-0.9052699644358286
2025-08-11,Port St. Lucie,3.049,3.462,3.768,-0.522022838499181
2025-08-12,Port St. Lucie,3.02,3.441,3.8,-0.9511315185306679
2025-08-13,Port St. Lucie,3.098,3.563,3.906,2.582781456953631
2025-08-14,Port St. Lucie,3.159,3.594,3.928,1.969012265978054
2025-08-15,Port St. Lucie,3.164,3.611,3.942,0.15827793605571738
2025-08-16,Port St. Lucie,3.131,3.584,3.929,-1.0429835651074693
2025-08-17,Port St. Lucie,3.1,3.533,3.878,-0.9900990099009799
2025-08-18,Port St. Lucie,3.082,3.502,3.835,-0.5806451612903274
2025-08-19,Port St. Lucie,3.043,3.478,3.808,-1.2654120700843485
2025-08-20,Port St. Lucie,3.019,3.476,3.797,-0.7886953664147267
2025-08-21,Port St. Lucie,2.998,3.453,3.789,-0.6955945677376563
2025-08-22,Port St. Lucie,2.984,3.43,3.771,-0.46697798532355783
2025-08-23,Port St. Lucie,2.975,3.413,3.751,-0.3016085790884637
2025-08-24,Port St. Lucie,2.967,3.402,3.717,-0.26890756302521135
2025-08-25,Port St. Lucie,2.965,3.394,3.709,-0.06740815638692776
2025-08-26,Port St. Lucie,3.093,3.581,3.91,4.31703204047218
2025-08-27,Port St. Lucie,3.17,3.614,3.958,2.489492402198512
2025-08-28,Port St. Lucie,3.176,3.61,3.936,0.18927444794953896
2025-08-29,Port St. Lucie,3.145,3.586,3.922,-0.9760705289672544
2025-08-30,Port St. Lucie,3.114,3.558,3.892,-0.9856915739268723
2025-08-31,Port St. Lucie,3.092,3.526,3.854,-0.7064868336544627
2025-09-01,Port St. Lucie,3.087,3.488,3.839,-0.16170763260024978
2025-09-02,Port St. Lucie,3.067,3.485,3.817,-0.6478781988986104
2025-09-03,Port St. Lucie,3.122,3.595,3.896,1.7932833387675151
2025-09-04,Port St. Lucie,3.176,3.616,3.919,1.7296604740550947
2025-09-05,Port St. Lucie,3.179,3.607,3.934,0.09445843828714828
2025-09-06,Port St. Lucie,3.16,3.583,3.914,-0.5976722239697918
2025-09-07,Port St. Lucie,3.142,3.575,3.912,-0.56962025316456
2025-09-08,Port St. Lucie,3.132,3.559,3.883,-0.3182686187141903
2025-09-09,Port St. Lucie,3.105,3.527,3.86,-0.8620689655172487
2025-09-10,Port St. Lucie,3.073,3.52,3.843,-1.0305958132045046
2025-09-11,Port St. Lucie,3.051,3.49,3.83,-0.7159127888057171
2025-09-12,Port St. Lucie,3.035,3.455,3.793,-0.5244182235332628
2025-09-13,Port St. Lucie,3.011,3.419,3.778,-0.7907742998352507
2025-09-14,Port St. Lucie,2.987,3.401,3.746,-0.7970773829292566
2025-09-15,Port St. Lucie,3.017,3.458,3.804,1.0043521928356114
2025-09-16,Port St. Lucie,3.137,3.616,3.957,3.977461054027187
2025-09-17,Port St. Lucie,3.243,3.687,3.997,3.379024545744347
2025-09-18,Port St. Lucie,3.24,3.705,4.014,-0.09250693802034249
2025-09-19,Port St. Lucie,3.21,3.675,3.972,-0.92592592592593
2025-09-20,Port St. Lucie,3.16,3.615,3.948,-1.5576323987538832
2025-09-21,Port St. Lucie,3.128,3.581,3.914,-1.0126582278481067
2025-09-22,Port St. Lucie,3.112,3.528,3.858,-0.5115089514066473
2025-09-23,Port St. Lucie,3.068,3.482,3.823,-1.4138817480719768
2025-09-24,Port St. Lucie,3.029,3.451,3.795,-1.2711864406779738
2025-09-25,Port St. Lucie,3.007,3.446,3.801,-0.7263123142951411
2025-09-26,Port St. Lucie,2.982,3.422,3.772,-0.8313934153641456
2025-09-27,Port St. Lucie,2.961,3.399,3.712,-0.7042253521126862
2025-09-28,Port St. Lucie,2.952,3.377,3.723,-0.3039513677811523
2025-09-29,Port St. Lucie,2.997,3.46,3.788,1.5243902439024293
2025-09-30,Port St. Lucie,3.082,3.555,3.888,2.836169502836161
2025-10-01,Port St. Lucie,3.149,3.591,3.909,2.1739130434782705
2025-10-02,Port St. Lucie,3.153,3.612,3.881,0.1270244522070474
2025-10-03,Port St. Lucie,3.128,3.583,3.864,-0.7928956549318134
2025-10-04,Port St. Lucie,3.093,3.538,3.837,-1.1189258312020556
2025-10-05,Port St. Lucie,3.073,3.512,3.825,-0.6466214031684459
2025-10-06,Port St. Lucie,3.065,3.507,3.798,-0.260331923202084
2025-10-07,Port St. Lucie,3.04,3.463,3.804,-0.815660685154973
2025-10-08,Port St. Lucie,3.014,3.456,3.789,-0.8552631578947478
2025-10-09,Port St. Lucie,3.003,3.453,3.761,-0.36496350364962904
2025-10-10,Port St. Lucie,2.978,3.423,3.745,-0.8325008325008265
2025-10-11,Port St. Lucie,2.963,3.43,3.735,-0.503693754197454
2025-10-12,Port St. Lucie,2.953,3.402,3.735,-0.3374957813027435
2025-10-13,Port St. Lucie,2.945,3.393,3.707,-0.270910938029123
2025-10-14,Port St. Lucie,2.976,3.452,3.77,1.0526315789473717
2025-10-15,Port St. Lucie,3.005,3.484,3.798,0.9744623655913998
2025-10-16,Port St. Lucie,2.998,3.468,3.772,-0.23294509151413623
2025-10-17,Port St. Lucie,2.985,3.445,3.756,-0.4336224149433021
2025-10-18,Port St. Lucie,2.955,3.421,3.715,-1.005025125628134
2025-10-19,Port St. Lucie,2.946,3.393,3.725,-0.3045685279187804
2025-10-20,Port St. Lucie,2.939,3.384,3.711,-0.2376103190767198
2025-10-21,Port St. Lucie,2.917,3.372,3.7,-0.7485539299081356
2025-10-22,Port St. Lucie,2.947,3.431,3.76,1.0284538909838936
2025-10-23,Port St. Lucie,2.989,3.422,3.762,1.4251781472684133
2025-10-24,Port St. Lucie,2.984,3.426,3.767,-0.16728002676480447
2025-10-25,Port St. Lucie,2.962,3.42,3.748,-0.7372654155495928
2025-10-26,Port St. Lucie,2.957,3.4,3.724,-0.16880486158002972
2025-10-27,Port St. Lucie,2.95,3.387,3.711,-0.2367264119039425
2025-10-28,Port St. Lucie,2.931,3.371,3.68,-0.6440677966101704
2025-11-01,Port St. Lucie,3.009,3.465,3.777,2.6612077789150312
2025-11-03,Port St. Lucie,3.004,3.456,3.753,-0.16616816218012476
2025-11-07,Port St. Lucie,2.918,3.365,3.708,-2.8628495339547255
2025-11-08,Port St. Lucie,2.895,3.342,3.672,-0.7882111034955508
2025-11-09,Port St. Lucie,2.884,3.345,3.647,-0.37996545768567147
2025-11-11,Port St. Lucie,2.941,3.412,3.737,1.9764216366157994
2025-11-14,Port St. Lucie,2.975,3.431,3.752,1.1560693641618602
2025-11-15,Port St. Lucie,2.96,3.42,3.726,-0.5042016806722782
2025-11-16,Port St. Lucie,2.955,3.388,3.733,-0.16891891891891442
2025-11-17,Port St. Lucie,2.95,3.361,3.694,-0.16920473773265332
2025-11-21,Port St. Lucie,3.161,3.611,3.936,7.152542372881343
2025-11-24,Port St. Lucie,3.139,3.582,3.942,-0.6959822840873264
2025-12-02,Port St. Lucie,3.041,3.498,3.828,-3.1220133800573424
2025-12-04,Port St. Lucie,3.021,3.485,3.811,-0.6576783952647158
2025-12-11,Port St. Lucie,2.89,3.322,3.664,-4.336312479311477
2025-12-17,Port St. Lucie,2.897,3.369,3.715,0.24221453287196493
2025-12-22,Port St. Lucie,2.906,3.35,3.68,0.3106662064204402
2025-12-23,Port St. Lucie,2.875,3.321,3.647,-1.0667584308327593
2025-12-26,Port St. Lucie,2.824,3.288,3.599,-1.7739130434782702
2025-12-27,Port St. Lucie,2.809,3.246,3.585,-0.5311614730878045
2025-12-29,Port St. Lucie,2.793,3.214,3.555,-0.5695977216091164
2025-12-30,Port St. Lucie,2.847,3.325,3.659,1.933404940923733
2022-01-28,Punta Gorda,3.331,3.694,3.971,
2022-01-28,Punta Gorda,3.331,3.694,3.971,0.0
2022-03-07,Punta Gorda,3.978,4.255,4.559,19.42359651756229
2022-03-07,Punta Gorda,3.978,4.255,4.559,0.0
2022-03-08,Punta Gorda,3.978,4.255,4.559,0.0
2022-03-08,Punta Gorda,3.978,4.255,4.559,0.0
2022-03-22,Punta Gorda,4.055,4.523,4.797,1.9356460532931052
2022-03-22,Punta Gorda,4.055,4.523,4.797,0.0
2022-04-01,Punta Gorda,4.174,4.614,4.867,2.9346485819975454
2022-04-01,Punta Gorda,4.174,4.614,4.867,0.0
2022-04-14,Punta Gorda,3.952,4.456,4.714,-5.318639195016783
2022-04-19,Punta Gorda,4.017,4.472,4.769,1.6447368421052655
2022-05-11,Punta Gorda,4.285,4.639,4.92,6.671645506596957
2022-05-25,Punta Gorda,4.545,4.912,5.19,6.06767794632439
2022-05-29,Punta Gorda,4.547,4.922,5.215,0.044004400440034175
2022-05-31,Punta Gorda,4.546,4.928,5.21,-0.021992522542324533
2022-06-06,Punta Gorda,4.753,5.12,5.395,4.553453585569733
2022-06-09,Punta Gorda,4.748,5.131,5.421,-0.10519671786239915
2022-06-25,Punta Gorda,4.692,5.119,5.411,-1.1794439764111209
2022-06-26,Punta Gorda,4.669,5.109,5.392,-0.4901960784313819
2022-06-27,Punta Gorda,4.669,5.109,5.392,0.0
2022-06-29,Punta Gorda,4.575,5.021,5.331,-2.013279074748331
2022-06-30,Punta Gorda,4.559,4.999,5.312,-0.34972677595628276
2022-07-02,Punta Gorda,4.494,4.907,5.247,-1.4257512612415035
2022-07-10,Punta Gorda,4.335,4.85,5.144,-3.5380507343124146
2022-08-01,Punta Gorda,3.802,4.288,4.612,-12.295271049596312
2022-09-22,Punta Gorda,3.277,3.744,4.046,-13.808521830615462
2022-09-23,Punta Gorda,3.276,3.747,3.979,-0.030515715593537607
2022-09-27,Punta Gorda,3.283,3.717,4.059,0.21367521367521292
2022-10-02,Punta Gorda,3.207,3.565,3.892,-2.3149558330795017
2022-10-03,Punta Gorda,3.185,3.558,3.899,-0.6859993763641992
2022-10-04,Punta Gorda,3.173,3.631,3.876,-0.3767660910518056
2022-11-05,Punta Gorda,3.424,3.828,4.127,7.910494799873935
2022-11-10,Punta Gorda,3.563,3.997,4.251,4.059579439252348
2022-11-21,Punta Gorda,3.405,3.813,4.148,-4.434465338198157
2022-11-26,Punta Gorda,3.335,3.768,4.079,-2.05580029368575
2022-11-28,Punta Gorda,3.317,3.771,4.049,-0.5397301349325256
2022-11-30,Punta Gorda,3.299,3.744,4.046,-0.5426590292432976
2022-12-01,Punta Gorda,3.288,3.75,4.038,-0.33343437405274345
2022-12-05,Punta Gorda,3.207,3.632,3.901,-2.463503649635035
2022-12-07,Punta Gorda,3.185,3.622,3.914,-0.6859993763641992
2022-12-08,Punta Gorda,3.149,3.601,3.909,-1.1302982731554168
2022-12-10,Punta Gorda,3.128,3.563,3.857,-0.6668783740870099
2023-01-19,Punta Gorda,3.376,3.781,4.105,7.928388746803061
2023-03-23,Punta Gorda,3.415,3.853,4.172,1.1552132701421858
2023-03-27,Punta Gorda,3.352,3.775,4.093,-1.8448023426061555
2023-03-30,Punta Gorda,3.457,3.875,4.186,3.132458233890212
2023-04-02,Punta Gorda,3.471,3.872,4.179,0.4049754122071203
2023-04-03,Punta Gorda,3.465,3.866,4.216,-0.17286084701815252
2023-05-15,Punta Gorda,3.426,3.856,4.135,-1.1255411255411185
2023-05-16,Punta Gorda,3.419,3.84,4.12,-0.20431990659661725
2023-05-17,Punta Gorda,3.402,3.828,4.146,-0.49722140976893314
2023-05-18,Punta Gorda,3.379,3.822,4.148,-0.6760728982951214
2023-05-22,Punta Gorda,3.34,3.791,4.107,-1.1541876294761777
2023-05-24,Punta Gorda,3.322,3.776,4.085,-0.5389221556886148
2023-05-25,Punta Gorda,3.323,3.775,4.074,0.030102347983129718
2023-05-26,Punta Gorda,3.314,3.708,4.011,-0.27083960276858
2023-05-30,Punta Gorda,3.36,3.797,4.125,1.3880506940253445
2023-05-31,Punta Gorda,3.354,3.802,4.131,-0.17857142857141683
2023-06-01,Punta Gorda,3.346,3.784,4.117,-0.23852116875372475
2023-06-06,Punta Gorda,3.299,3.718,4.06,-1.4046622833233768
2023-06-07,Punta Gorda,3.287,3.732,4.044,-0.36374658987572417
2023-06-09,Punta Gorda,3.346,3.775,4.096,1.7949498022513
2023-06-10,Punta Gorda,3.346,3.775,4.096,0.0
2023-06-13,Punta Gorda,3.447,3.862,4.196,3.0185295875672535
2023-06-14,Punta Gorda,3.437,3.891,4.188,-0.2901073397157061
2023-06-16,Punta Gorda,3.414,3.862,4.172,-0.6691882455629794
2023-06-23,Punta Gorda,3.362,3.818,4.133,-1.5231400117164617
2023-07-04,Punta Gorda,3.267,3.698,4.003,-2.8256989886972117
2023-11-11,Punta Gorda,3.206,3.633,4.007,-1.8671564126109597
2023-11-29,Punta Gorda,3.151,3.608,3.905,-1.7155333749220292
2024-01-18,Punta Gorda,2.988,3.42,3.774,-5.172960964773077
2024-02-21,Punta Gorda,3.342,3.756,4.054,11.847389558232946
2024-02-26,Punta Gorda,3.288,3.708,4.025,-1.6157989228007263
2024-02-27,Punta Gorda,3.263,3.68,4.029,-0.7603406326034068
2024-02-28,Punta Gorda,3.356,3.758,4.098,2.8501379098988755
2024-03-01,Punta Gorda,3.371,3.813,4.135,0.4469606674612603
2024-03-02,Punta Gorda,3.354,3.791,4.124,-0.5043013942450325
2024-03-04,Punta Gorda,3.327,3.769,4.106,-0.805008944543828
2024-03-05,Punta Gorda,3.295,3.724,4.059,-0.9618274721971742
2024-04-11,Punta Gorda,3.553,3.988,4.298,7.83004552352049
2024-04-22,Punta Gorda,3.579,4.002,4.308,0.7317759639741128
2024-04-23,Punta Gorda,3.579,4.002,4.308,0.0
2024-05-06,Punta Gorda,3.564,3.994,4.324,-0.419111483654655
2024-05-19,Punta Gorda,3.431,3.877,4.203,-3.731762065095401
2024-05-24,Punta Gorda,3.55,4.009,4.302,3.4683765665986632
2024-05-31,Punta Gorda,3.443,3.9,4.251,-3.0140845070422473
2024-06-03,Punta Gorda,3.366,3.809,4.159,-2.2364217252396124
2024-06-12,Punta Gorda,3.201,3.647,3.976,-4.90196078431373
2024-06-16,Punta Gorda,3.183,3.619,3.956,-0.5623242736644829
2024-06-20,Punta Gorda,3.362,3.771,4.121,5.623625510524666
2024-06-21,Punta Gorda,3.362,3.771,4.121,0.0
2024-06-23,Punta Gorda,3.313,3.794,4.102,-1.457465794170132
2024-06-29,Punta Gorda,3.357,3.84,4.122,1.328101418653782
2024-07-04,Punta Gorda,3.535,3.987,4.264,5.302353291629425
2024-07-09,Punta Gorda,3.408,3.869,4.178,-3.592644978783599
2024-07-10,Punta Gorda,3.408,3.869,4.178,0.0
2024-07-12,Punta Gorda,3.54,3.999,4.285,3.8732394366197243
2024-07-18,Punta Gorda,3.386,3.828,4.171,-4.3502824858757005
2024-07-22,Punta Gorda,3.267,3.715,4.033,-3.5144713526284788
2024-07-24,Punta Gorda,3.456,3.888,4.16,5.785123966942152
2024-07-25,Punta Gorda,3.456,3.888,4.16,0.0
2024-08-01,Punta Gorda,3.362,3.823,4.143,-2.719907407407407
2024-08-11,Punta Gorda,3.271,3.748,4.053,-2.7067221891731164
2024-08-16,Punta Gorda,3.294,3.782,4.08,0.7031488841332978
2024-08-17,Punta Gorda,3.294,3.782,4.08,0.0
2024-08-18,Punta Gorda,3.232,3.711,4.007,-1.88221007893139
2024-08-19,Punta Gorda,3.207,3.645,3.974,-0.7735148514851575
2024-08-20,Punta Gorda,3.207,3.645,3.974,0.0
2024-09-07,Punta Gorda,3.121,3.594,3.9,-2.681633925787341
2024-09-09,Punta Gorda,3.032,3.506,3.802,-2.8516501121435445
2024-09-16,Punta Gorda,3.041,3.539,3.833,0.2968337730870685
2024-09-19,Punta Gorda,3.131,3.64,3.915,2.9595527786912212
2024-09-21,Punta Gorda,3.075,3.575,3.869,-1.7885659533695142
2024-09-23,Punta Gorda,3.075,3.575,3.869,0.0
2024-09-24,Punta Gorda,3.113,3.615,3.89,1.2357723577235635
2024-09-25,Punta Gorda,3.113,3.615,3.89,0.0
2024-09-26,Punta Gorda,3.149,3.619,3.946,1.156440732412456
2024-09-27,Punta Gorda,3.16,3.652,3.936,0.3493172435693914
2024-10-01,Punta Gorda,3.146,3.64,3.938,-0.44303797468354666
2024-10-02,Punta Gorda,3.131,3.647,3.929,-0.4767959313413894
2024-10-04,Punta Gorda,3.113,3.617,3.908,-0.5748961992973478
2024-10-06,Punta Gorda,3.09,3.576,3.864,-0.7388371345968592
2024-10-09,Punta Gorda,3.089,3.596,3.842,-0.03236245954691963
2024-10-13,Punta Gorda,3.083,3.521,3.824,-0.19423761735188894
2024-10-21,Punta Gorda,3.073,3.529,3.837,-0.324359390204354
2024-11-01,Punta Gorda,2.991,3.469,3.772,-2.6684022128213414
2024-11-02,Punta Gorda,2.991,3.469,3.772,0.0
2024-11-04,Punta Gorda,2.946,3.45,3.698,-1.5045135406218657
2024-11-05,Punta Gorda,3.061,3.555,3.801,3.9035980991174446
2024-11-06,Punta Gorda,3.117,3.611,3.878,1.8294674942829214
2024-11-07,Punta Gorda,3.15,3.635,3.916,1.0587102983638186
2024-11-08,Punta Gorda,3.146,3.641,3.9,-0.12698412698413097
2024-11-10,Punta Gorda,3.099,3.581,3.857,-1.493960584869669
2024-11-11,Punta Gorda,3.085,3.546,3.833,-0.45175863181672327
2024-11-12,Punta Gorda,3.055,3.518,3.813,-0.9724473257698429
2024-11-13,Punta Gorda,3.008,3.462,3.764,-1.538461538461544
2024-11-14,Punta Gorda,2.96,3.438,3.735,-1.5957446808510634
2024-11-15,Punta Gorda,3.095,3.553,3.828,4.560810810810811
2024-11-16,Punta Gorda,3.119,3.613,3.887,0.7754442649434479
2024-11-17,Punta Gorda,3.108,3.612,3.887,-0.3526771401090145
2024-11-18,Punta Gorda,3.067,3.53,3.832,-1.3191763191763184
2024-11-19,Punta Gorda,3.015,3.491,3.807,-1.695467883925661
2024-11-20,Punta Gorda,2.98,3.48,3.778,-1.1608623548922115
2024-11-21,Punta Gorda,2.973,3.453,3.751,-0.23489932885906173
2024-11-22,Punta Gorda,2.938,3.419,3.712,-1.1772620248906684
2024-11-24,Punta Gorda,3.114,3.592,3.875,5.990469707283852
2024-11-25,Punta Gorda,3.119,3.583,3.836,0.16056518946694354
2024-11-26,Punta Gorda,3.085,3.544,3.846,-1.090092978518764
2024-11-27,Punta Gorda,3.114,3.59,3.873,0.9400324149108519
2024-11-28,Punta Gorda,3.134,3.6,3.907,0.6422607578676853
2024-12-01,Punta Gorda,3.076,3.533,3.852,-1.850670070197824
2024-12-02,Punta Gorda,3.064,3.517,3.825,-0.39011703511053764
2024-12-03,Punta Gorda,3.033,3.506,3.791,-1.0117493472584949
2024-12-05,Punta Gorda,2.95,3.419,3.713,-2.7365644576326953
2024-12-06,Punta Gorda,2.923,3.381,3.692,-0.9152542372881434
2024-12-07,Punta Gorda,3.001,3.495,3.779,2.6684912760862156
2024-12-08,Punta Gorda,3.106,3.573,3.846,3.4988337220926313
2024-12-09,Punta Gorda,3.131,3.601,3.892,0.8048937540244605
2024-12-10,Punta Gorda,3.102,3.592,3.856,-0.9262216544235091
2024-12-11,Punta Gorda,3.069,3.564,3.836,-1.0638297872340385
2024-12-12,Punta Gorda,3.024,3.516,3.801,-1.4662756598240456
2024-12-13,Punta Gorda,2.983,3.477,3.765,-1.3558201058201047
2024-12-16,Punta Gorda,3.126,3.607,3.884,4.793831713040553
2024-12-17,Punta Gorda,3.114,3.583,3.883,-0.38387715930902067
2024-12-18,Punta Gorda,3.073,3.55,3.848,-1.3166345536287705
2024-12-19,Punta Gorda,3.037,3.531,3.793,-1.1714936544093724
2024-12-20,Punta Gorda,3.015,3.501,3.766,-0.7243990780375298
2024-12-23,Punta Gorda,2.97,3.449,3.717,-1.492537313432829
2024-12-24,Punta Gorda,3.093,3.555,3.839,4.141414141414135
2024-12-27,Punta Gorda,3.077,3.554,3.836,-0.5172971225347545
2024-12-28,Punta Gorda,3.055,3.528,3.822,-0.7149821254468613
2024-12-29,Punta Gorda,3.035,3.491,3.778,-0.6546644844517169
2024-12-30,Punta Gorda,3.025,3.495,3.786,-0.32948929159802853
2025-01-01,Punta Gorda,3.072,3.553,3.836,1.5537190082644647
2025-01-02,Punta Gorda,3.107,3.573,3.864,1.139322916666674
2025-01-03,Punta Gorda,3.107,3.578,3.866,0.0
2025-01-05,Punta Gorda,3.047,3.521,3.793,-1.9311232700354064
2025-01-06,Punta Gorda,3.023,3.504,3.772,-0.7876599934361628
2025-01-07,Punta Gorda,2.999,3.477,3.768,-0.7939133311280155
2025-01-08,Punta Gorda,2.974,3.438,3.747,-0.8336112037345744
2025-01-09,Punta Gorda,3.073,3.56,3.851,3.3288500336247306
2025-01-11,Punta Gorda,3.11,3.602,3.861,1.2040351448096231
2025-01-13,Punta Gorda,3.058,3.526,3.804,-1.6720257234726699
2025-01-14,Punta Gorda,3.141,3.612,3.876,2.7141922825376197
2025-01-15,Punta Gorda,3.227,3.681,3.952,2.7379815345431435
2025-01-16,Punta Gorda,3.235,3.687,3.962,0.24790827393863513
2025-01-17,Punta Gorda,3.212,3.669,3.953,-0.7109737248840675
2025-01-18,Punta Gorda,3.184,3.647,3.925,-0.8717310087173136
2025-01-19,Punta Gorda,3.172,3.645,3.913,-0.37688442211055717
2025-01-20,Punta Gorda,3.15,3.62,3.876,-0.6935687263556201
2025-01-21,Punta Gorda,3.113,3.588,3.877,-1.1746031746031727
2025-01-23,Punta Gorda,3.049,3.507,3.791,-2.055894635399935
2025-01-24,Punta Gorda,3.166,3.651,3.904,3.837323712692675
2025-01-26,Punta Gorda,3.218,3.661,3.937,1.6424510423246996
2025-01-27,Punta Gorda,3.189,3.63,3.918,-0.9011808576755764
2025-01-28,Punta Gorda,3.156,3.597,3.885,-1.0348071495766664
2025-01-30,Punta Gorda,3.069,3.519,3.806,-2.7566539923954414
2025-02-01,Punta Gorda,2.998,3.444,3.766,-2.31345715216682
2025-02-02,Punta Gorda,2.967,3.432,3.726,-1.0340226817878606
2025-02-03,Punta Gorda,2.958,3.395,3.716,-0.30333670374115274
2025-02-04,Punta Gorda,3.056,3.599,3.902,3.3130493576740916
2025-02-06,Punta Gorda,3.202,3.708,3.956,4.777486910994755
2025-02-07,Punta Gorda,3.202,3.708,3.956,0.0
2025-02-09,Punta Gorda,3.145,3.606,3.885,-1.7801374141161785
2025-02-10,Punta Gorda,3.119,3.561,3.821,-0.8267090620031725
2025-02-11,Punta Gorda,3.062,3.508,3.793,-1.8275088169285136
2025-02-12,Punta Gorda,3.036,3.501,3.753,-0.8491182233834049
2025-02-13,Punta Gorda,3.01,3.463,3.729,-0.8563899868247793
2025-02-15,Punta Gorda,2.944,3.417,3.708,-2.192691029900329
2025-02-16,Punta Gorda,2.951,3.401,3.706,0.23777173913044347
2025-02-17,Punta Gorda,2.92,3.376,3.656,-1.050491358861405
2025-02-18,Punta Gorda,3.076,3.544,3.834,5.342465753424652
2025-02-19,Punta Gorda,3.155,3.592,3.894,2.5682704811443413
2025-02-20,Punta Gorda,3.141,3.565,3.879,-0.44374009508715284
2025-02-21,Punta Gorda,3.106,3.532,3.841,-1.1142948105698824
2025-02-22,Punta Gorda,3.053,3.499,3.794,-1.70637475853187
2025-02-23,Punta Gorda,3.034,3.481,3.807,-0.622338683262369
2025-02-25,Punta Gorda,3.087,3.531,3.838,1.74686882003956
2025-02-26,Punta Gorda,3.138,3.588,3.882,1.6520894071914372
2025-02-27,Punta Gorda,3.136,3.596,3.877,-0.06373486297003295
2025-02-28,Punta Gorda,3.1,3.554,3.865,-1.1479591836734748
2025-03-01,Punta Gorda,3.057,3.507,3.811,-1.3870967741935525
2025-03-02,Punta Gorda,3.036,3.463,3.773,-0.6869479882237406
2025-03-03,Punta Gorda,3.013,3.459,3.764,-0.7575757575757569
2025-03-04,Punta Gorda,2.984,3.439,3.761,-0.9624958513109849
2025-03-06,Punta Gorda,3.136,3.601,3.896,5.093833780160861
2025-03-07,Punta Gorda,3.122,3.593,3.89,-0.44642857142858094
2025-03-08,Punta Gorda,3.084,3.558,3.864,-1.21716848174247
2025-03-09,Punta Gorda,3.057,3.504,3.81,-0.8754863813229652
2025-03-10,Punta Gorda,3.04,3.498,3.759,-0.5561007523716022
2025-03-11,Punta Gorda,3.003,3.443,3.744,-1.2171052631578916
2025-03-12,Punta Gorda,2.958,3.409,3.719,-1.4985014985014922
2025-03-13,Punta Gorda,2.931,3.387,3.685,-0.9127789046653234
2025-03-14,Punta Gorda,3.091,3.557,3.838,5.4588877516206225
2025-03-15,Punta Gorda,3.13,3.583,3.877,1.2617275962471641
2025-03-16,Punta Gorda,3.112,3.569,3.848,-0.5750798722044648
2025-03-17,Punta Gorda,3.096,3.527,3.807,-0.5141388174807249
2025-03-18,Punta Gorda,3.064,3.513,3.794,-1.033591731266148
2025-03-19,Punta Gorda,3.009,3.463,3.768,-1.7950391644908636
2025-03-20,Punta Gorda,2.97,3.424,3.72,-1.296111665004973
2025-03-21,Punta Gorda,2.939,3.387,3.711,-1.0437710437710468
2025-03-22,Punta Gorda,2.931,3.373,3.687,-0.2722014290575059
2025-03-24,Punta Gorda,2.916,3.326,3.636,-0.5117707267144334
2025-03-25,Punta Gorda,3.05,3.516,3.84,4.595336076817547
2025-03-26,Punta Gorda,3.096,3.599,3.892,1.5081967213114833
2025-03-27,Punta Gorda,3.125,3.615,3.889,0.9366925064599352
2025-03-28,Punta Gorda,3.126,3.591,3.88,0.031999999999987594
2025-03-29,Punta Gorda,3.088,3.536,3.838,-1.2156110044785562
2025-03-30,Punta Gorda,3.062,3.517,3.806,-0.8419689119171014
2025-03-31,Punta Gorda,3.047,3.491,3.76,-0.4898758981058071
2025-04-02,Punta Gorda,3.169,3.638,3.914,4.003938299967169
2025-04-03,Punta Gorda,3.247,3.727,3.985,2.461344272641197
2025-04-04,Punta Gorda,3.216,3.686,3.956,-0.9547274407144979
2025-04-05,Punta Gorda,3.206,3.669,3.928,-0.3109452736318463
2025-04-06,Punta Gorda,3.175,3.648,3.904,-0.966936993137868
2025-04-07,Punta Gorda,3.161,3.644,3.893,-0.4409448818897599
2025-04-08,Punta Gorda,3.204,3.668,3.933,1.3603290098070264
2025-04-09,Punta Gorda,3.214,3.686,3.948,0.3121098626716501
2025-04-10,Punta Gorda,3.188,3.657,3.925,-0.8089607965152346
2025-04-11,Punta Gorda,3.146,3.621,3.893,-1.317440401505654
2025-04-12,Punta Gorda,3.131,3.601,3.868,-0.4767959313413894
2025-04-13,Punta Gorda,3.118,3.572,3.853,-0.41520281060364317
2025-04-14,Punta Gorda,3.101,3.549,3.847,-0.5452212957023694
2025-04-15,Punta Gorda,3.078,3.527,3.82,-0.7416962270235472
2025-04-16,Punta Gorda,3.053,3.523,3.791,-0.8122157244964234
2025-04-17,Punta Gorda,3.029,3.49,3.784,-0.7861120209629924
2025-04-18,Punta Gorda,3.005,3.454,3.767,-0.7923407065038024
2025-04-19,Punta Gorda,2.98,3.413,3.744,-0.8319467554076532
2025-04-20,Punta Gorda,2.964,3.429,3.727,-0.5369127516778538
2025-04-21,Punta Gorda,2.948,3.423,3.701,-0.5398110661268607
2025-04-22,Punta Gorda,3.069,3.567,3.847,4.104477611940305
2025-04-23,Punta Gorda,3.113,3.62,3.865,1.4336917562723928
2025-04-24,Punta Gorda,3.122,3.606,3.864,0.289110183103114
2025-04-25,Punta Gorda,3.085,3.563,3.822,-1.1851377322229295
2025-04-26,Punta Gorda,3.056,3.513,3.794,-0.9400324149108519
2025-04-27,Punta Gorda,3.033,3.501,3.776,-0.7526178010471285
2025-04-28,Punta Gorda,3.022,3.46,3.75,-0.36267721727663016
2025-04-29,Punta Gorda,3.014,3.478,3.79,-0.2647253474520217
2025-04-30,Punta Gorda,3.165,3.633,3.911,5.009953550099544
2025-05-01,Punta Gorda,3.178,3.645,3.941,0.41074249605055346
2025-05-02,Punta Gorda,3.141,3.601,3.905,-1.164254247954688
2025-05-03,Punta Gorda,3.113,3.566,3.87,-0.8914358484559015
2025-05-04,Punta Gorda,3.087,3.53,3.84,-0.8352071956312157
2025-05-05,Punta Gorda,3.067,3.513,3.808,-0.6478781988986104
2025-05-06,Punta Gorda,3.028,3.482,3.788,-1.2716009129442485
2025-05-07,Punta Gorda,2.991,3.441,3.753,-1.2219286657859985
2025-05-08,Punta Gorda,2.957,3.415,3.722,-1.136743564025422
2025-05-09,Punta Gorda,2.909,3.373,3.683,-1.6232668244842707
2025-05-10,Punta Gorda,2.879,3.354,3.655,-1.0312822275696076
2025-05-11,Punta Gorda,2.862,3.333,3.64,-0.590482806530046
2025-05-12,Punta Gorda,2.841,3.305,3.617,-0.7337526205450695
2025-05-13,Punta Gorda,2.992,3.507,3.809,5.31502991904258
2025-05-14,Punta Gorda,3.116,3.611,3.866,4.144385026737973
2025-05-15,Punta Gorda,3.132,3.603,3.881,0.5134788189987249
2025-05-16,Punta Gorda,3.097,3.558,3.859,-1.1174968071519853
2025-05-17,Punta Gorda,3.041,3.523,3.82,-1.8082014853083694
2025-05-18,Punta Gorda,2.999,3.458,3.744,-1.3811246300558966
2025-05-19,Punta Gorda,2.974,3.4,3.697,-0.8336112037345744
2025-05-20,Punta Gorda,2.938,3.386,3.669,-1.2104909213180859
2025-05-21,Punta Gorda,3.08,3.556,3.845,4.833219877467654
2025-05-22,Punta Gorda,3.151,3.609,3.89,2.305194805194799
2025-05-23,Punta Gorda,3.117,3.565,3.843,-1.07902253252935
2025-05-24,Punta Gorda,3.058,3.542,3.797,-1.8928456849534814
2025-05-25,Punta Gorda,3.032,3.489,3.757,-0.8502289077828573
2025-05-26,Punta Gorda,2.998,3.423,3.669,-1.12137203166226
2025-05-27,Punta Gorda,2.964,3.403,3.669,-1.1340893929286278
2025-05-28,Punta Gorda,2.943,3.373,3.679,-0.7085020242914908
2025-05-29,Punta Gorda,3.098,3.568,3.874,5.266734624532776
2025-05-30,Punta Gorda,3.14,3.586,3.875,1.355713363460298
2025-05-31,Punta Gorda,3.109,3.567,3.855,-0.9872611464968206
2025-06-01,Punta Gorda,3.079,3.536,3.825,-0.9649404953361196
2025-06-02,Punta Gorda,3.069,3.523,3.806,-0.32478077297825036
2025-06-03,Punta Gorda,3.027,3.49,3.779,-1.3685239491691092
2025-06-04,Punta Gorda,2.993,3.457,3.748,-1.1232243145028131
2025-06-05,Punta Gorda,3.08,3.573,3.852,2.9067824924824626
2025-06-07,Punta Gorda,3.113,3.584,3.875,1.0714285714285676
2025-06-08,Punta Gorda,3.085,3.561,3.841,-0.8994539029874682
2025-06-09,Punta Gorda,3.058,3.507,3.789,-0.8752025931928697
2025-06-10,Punta Gorda,3.021,3.488,3.785,-1.2099411379986935
2025-06-11,Punta Gorda,2.977,3.442,3.77,-1.4564713670969898
2025-06-13,Punta Gorda,2.894,3.386,3.616,-2.78804165267047
2025-06-14,Punta Gorda,2.886,3.366,3.63,-0.27643400138217533
2025-06-15,Punta Gorda,2.877,3.356,3.62,-0.31185031185032575
2025-06-16,Punta Gorda,2.87,3.302,3.585,-0.24330900243307862
2025-06-17,Punta Gorda,3.084,3.551,3.827,7.4564459930313465
2025-06-18,Punta Gorda,3.15,3.59,3.883,2.1400778210116655
2025-06-19,Punta Gorda,3.141,3.617,3.874,-0.28571428571427804
2025-06-20,Punta Gorda,3.125,3.59,3.845,-0.5093919134033786
2025-06-21,Punta Gorda,3.098,3.568,3.834,-0.8640000000000092
2025-06-22,Punta Gorda,3.074,3.529,3.801,-0.7746933505487386
2025-06-23,Punta Gorda,3.06,3.478,3.762,-0.45543266102796576
2025-06-24,Punta Gorda,3.024,3.467,3.737,-1.17647058823529
2025-06-25,Punta Gorda,2.994,3.436,3.734,-0.9920634920634885
2025-06-26,Punta Gorda,2.959,3.402,3.71,-1.1690046760187034
2025-06-27,Punta Gorda,2.922,3.373,3.672,-1.25042244001351
2025-06-28,Punta Gorda,2.89,3.327,3.662,-1.0951403148528382
2025-06-29,Punta Gorda,2.875,3.322,3.647,-0.5190311418685201
2025-06-30,Punta Gorda,2.86,3.275,3.619,-0.521739130434784
2025-07-01,Punta Gorda,3.072,3.517,3.812,7.4125874125874125
2025-07-02,Punta Gorda,3.129,3.592,3.884,1.85546875
2025-07-03,Punta Gorda,3.111,3.593,3.855,-0.5752636625119822
2025-07-04,Punta Gorda,3.056,3.544,3.808,-1.7679202828672524
2025-07-05,Punta Gorda,3.038,3.523,3.807,-0.5890052356021025
2025-07-06,Punta Gorda,3.011,3.479,3.763,-0.8887425938117088
2025-07-07,Punta Gorda,2.99,3.48,3.751,-0.6974427100631009
2025-07-08,Punta Gorda,2.955,3.431,3.739,-1.170568561872909
2025-07-09,Punta Gorda,2.937,3.409,3.693,-0.6091370558375719
2025-07-10,Punta Gorda,2.917,3.407,3.69,-0.6809669731018042
2025-07-11,Punta Gorda,2.884,3.379,3.659,-1.1312992800822763
2025-07-12,Punta Gorda,2.866,3.355,3.654,-0.6241331484049817
2025-07-13,Punta Gorda,2.856,3.286,3.603,-0.34891835310537633
2025-07-14,Punta Gorda,2.846,3.267,3.563,-0.3501400560223966
2025-07-15,Punta Gorda,2.862,3.304,3.587,0.5621925509486925
2025-07-16,Punta Gorda,3.036,3.605,3.885,6.079664570230614
2025-07-17,Punta Gorda,3.087,3.61,3.886,1.679841897233203
2025-07-18,Punta Gorda,3.109,3.596,3.884,0.7126660187884548
2025-07-19,Punta Gorda,3.085,3.56,3.847,-0.7719523962688934
2025-07-20,Punta Gorda,3.064,3.534,3.821,-0.6807131280388901
2025-07-21,Punta Gorda,3.035,3.488,3.781,-0.9464751958224493
2025-07-22,Punta Gorda,2.995,3.468,3.742,-1.317957166392092
2025-07-23,Punta Gorda,2.961,3.431,3.709,-1.1352253756260478
2025-07-24,Punta Gorda,3.108,3.59,3.852,4.964539007092217
2025-07-25,Punta Gorda,3.148,3.617,3.887,1.287001287001277
2025-07-26,Punta Gorda,3.104,3.591,3.864,-1.3977128335451061
2025-07-27,Punta Gorda,3.084,3.557,3.845,-0.6443298969072142
2025-07-28,Punta Gorda,3.065,3.552,3.813,-0.6160830090791269
2025-07-29,Punta Gorda,3.028,3.498,3.793,-1.2071778140293588
2025-07-30,Punta Gorda,2.975,3.449,3.735,-1.7503302509907503
2025-07-31,Punta Gorda,2.945,3.398,3.705,-1.0084033613445453
2025-08-01,Punta Gorda,2.918,3.382,3.658,-0.9168081494057567
2025-08-02,Punta Gorda,2.894,3.337,3.657,-0.8224811514736086
2025-08-03,Punta Gorda,2.882,3.319,3.632,-0.4146510020732519
2025-08-04,Punta Gorda,2.859,3.283,3.59,-0.7980569049271358
2025-08-05,Punta Gorda,3.064,3.613,3.869,7.170339279468352
2025-08-06,Punta Gorda,3.119,3.596,3.884,1.7950391644908636
2025-08-07,Punta Gorda,3.116,3.58,3.866,-0.09618467457518376
2025-08-08,Punta Gorda,3.074,3.57,3.825,-1.347881899871639
2025-08-09,Punta Gorda,3.027,3.515,3.798,-1.5289525048796215
2025-08-10,Punta Gorda,2.995,3.475,3.768,-1.0571522960026392
2025-08-11,Punta Gorda,2.967,3.427,3.702,-0.9348914858096857
2025-08-12,Punta Gorda,2.898,3.389,3.692,-2.3255813953488302
2025-08-13,Punta Gorda,3.096,3.564,3.874,6.8322981366459645
2025-08-14,Punta Gorda,3.152,3.633,3.94,1.8087855297157729
2025-08-15,Punta Gorda,3.139,3.621,3.913,-0.4124365482233605
2025-08-16,Punta Gorda,3.08,3.554,3.843,-1.8795794839120639
2025-08-17,Punta Gorda,3.046,3.5,3.814,-1.103896103896107
2025-08-18,Punta Gorda,3.017,3.491,3.802,-0.9520682862770857
2025-08-19,Punta Gorda,2.966,3.458,3.766,-1.6904209479615462
2025-08-20,Punta Gorda,2.924,3.412,3.702,-1.4160485502360154
2025-08-21,Punta Gorda,2.886,3.341,3.645,-1.2995896032831689
2025-08-22,Punta Gorda,2.846,3.292,3.625,-1.3860013860013898
2025-08-23,Punta Gorda,2.825,3.262,3.602,-0.7378777231201616
2025-08-24,Punta Gorda,2.818,3.25,3.578,-0.24778761061947652
2025-08-25,Punta Gorda,2.814,3.222,3.55,-0.14194464158977516
2025-08-26,Punta Gorda,3.073,3.559,3.839,9.203980099502473
2025-08-27,Punta Gorda,3.144,3.595,3.892,2.310445818418483
2025-08-28,Punta Gorda,3.122,3.57,3.863,-0.6997455470738045
2025-08-29,Punta Gorda,3.078,3.539,3.811,-1.4093529788597015
2025-08-30,Punta Gorda,3.038,3.509,3.786,-1.299545159194282
2025-08-31,Punta Gorda,3.012,3.477,3.758,-0.8558262014483176
2025-09-01,Punta Gorda,2.99,3.459,3.725,-0.7304116865869736
2025-09-02,Punta Gorda,2.97,3.424,3.727,-0.6688963210702337
2025-09-03,Punta Gorda,3.104,3.578,3.861,4.511784511784511
2025-09-04,Punta Gorda,3.154,3.625,3.927,1.6108247422680355
2025-09-05,Punta Gorda,3.134,3.6,3.888,-0.6341154090044432
2025-09-06,Punta Gorda,3.08,3.536,3.841,-1.723037651563497
2025-09-07,Punta Gorda,3.054,3.512,3.805,-0.8441558441558472
2025-09-08,Punta Gorda,3.036,3.507,3.789,-0.5893909626718985
2025-09-09,Punta Gorda,2.981,3.467,3.742,-1.8115942028985588
2025-09-10,Punta Gorda,2.945,3.41,3.704,-1.2076484401207677
2025-09-11,Punta Gorda,2.915,3.383,3.684,-1.018675721561968
2025-09-12,Punta Gorda,2.893,3.366,3.664,-0.7547169811320864
2025-09-13,Punta Gorda,2.871,3.346,3.633,-0.760456273764254
2025-09-14,Punta Gorda,2.853,3.337,3.615,-0.626959247648895
2025-09-15,Punta Gorda,2.857,3.342,3.641,0.140203294777419
2025-09-16,Punta Gorda,3.062,3.603,3.914,7.175358767938378
2025-09-17,Punta Gorda,3.181,3.666,3.97,3.886348791639449
2025-09-18,Punta Gorda,3.177,3.652,3.943,-0.12574662055957475
2025-09-19,Punta Gorda,3.146,3.629,3.916,-0.9757632987094755
2025-09-20,Punta Gorda,3.083,3.572,3.864,-2.002542911633809
2025-09-21,Punta Gorda,3.062,3.537,3.828,-0.6811547194291334
2025-09-22,Punta Gorda,3.021,3.49,3.794,-1.3389941214892231
2025-09-23,Punta Gorda,2.981,3.436,3.767,-1.3240648791790766
2025-09-24,Punta Gorda,2.93,3.394,3.724,-1.7108352901710755
2025-09-25,Punta Gorda,2.974,3.436,3.75,1.5017064846416295
2025-09-26,Punta Gorda,2.911,3.374,3.684,-2.118359112306667
2025-09-27,Punta Gorda,2.836,3.265,3.63,-2.576434215046386
2025-09-28,Punta Gorda,2.817,3.252,3.605,-0.6699576868829271
2025-09-29,Punta Gorda,2.861,3.315,3.655,1.5619453319133836
2025-09-30,Punta Gorda,3.072,3.605,3.857,7.3750436910171135
2025-10-01,Punta Gorda,3.1,3.596,3.868,0.9114583333333259
2025-10-02,Punta Gorda,3.088,3.567,3.847,-0.3870967741935516
2025-10-03,Punta Gorda,3.055,3.542,3.842,-1.0686528497409253
2025-10-04,Punta Gorda,3.021,3.488,3.805,-1.1129296235679265
2025-10-05,Punta Gorda,2.995,3.462,3.769,-0.860642171466397
2025-10-06,Punta Gorda,2.981,3.425,3.74,-0.4674457429048484
2025-10-07,Punta Gorda,2.939,3.367,3.687,-1.4089231801408864
2025-10-08,Punta Gorda,2.919,3.369,3.697,-0.6805035726437536
2025-10-09,Punta Gorda,2.976,3.442,3.754,1.9527235354573458
2025-10-10,Punta Gorda,2.874,3.339,3.647,-3.427419354838701
2025-10-11,Punta Gorda,2.852,3.332,3.626,-0.7654836464857429
2025-10-12,Punta Gorda,2.846,3.316,3.61,-0.21037868162692153
2025-10-13,Punta Gorda,2.844,3.29,3.613,-0.07027406886859211
2025-10-14,Punta Gorda,2.942,3.427,3.712,3.4458509142053506
2025-10-15,Punta Gorda,2.957,3.448,3.713,0.5098572399727885
2025-10-16,Punta Gorda,2.931,3.419,3.701,-0.8792695299289721
2025-10-17,Punta Gorda,2.907,3.385,3.665,-0.8188331627430934
2025-10-18,Punta Gorda,2.874,3.35,3.631,-1.1351909184726505
2025-10-19,Punta Gorda,2.847,3.334,3.619,-0.9394572025052228
2025-10-20,Punta Gorda,2.819,3.277,3.596,-0.9834913944502977
2025-10-21,Punta Gorda,2.776,3.252,3.558,-1.5253636041149377
2025-10-22,Punta Gorda,2.928,3.395,3.706,5.475504322766578
2025-10-23,Punta Gorda,2.964,3.428,3.726,1.2295081967213184
2025-10-24,Punta Gorda,2.932,3.426,3.712,-1.0796221322537103
2025-10-25,Punta Gorda,2.9,3.386,3.686,-1.0914051841746208
2025-10-26,Punta Gorda,2.877,3.355,3.669,-0.793103448275867
2025-10-27,Punta Gorda,2.872,3.311,3.62,-0.1737921445950641
2025-10-28,Punta Gorda,2.82,3.284,3.58,-1.8105849582172762
2025-11-01,Punta Gorda,2.96,3.434,3.7,4.964539007092195
2025-11-03,Punta Gorda,2.958,3.383,3.706,-0.06756756756756133
2025-11-07,Punta Gorda,2.844,3.3,3.628,-3.8539553752535594
2025-11-08,Punta Gorda,2.835,3.282,3.623,-0.31645569620253333
2025-11-09,Punta Gorda,2.813,3.257,3.587,-0.7760141093474338
2025-11-11,Punta Gorda,2.9,3.372,3.693,3.092783505154628
2025-11-14,Punta Gorda,2.909,3.365,3.66,0.3103448275862064
2025-11-15,Punta Gorda,2.882,3.342,3.651,-0.9281540048126424
2025-11-16,Punta Gorda,2.88,3.346,3.638,-0.0693962526023717
2025-11-17,Punta Gorda,2.879,3.333,3.619,-0.03472222222221655
2025-11-21,Punta Gorda,3.136,3.579,3.91,8.926710663424808
2025-11-24,Punta Gorda,3.107,3.588,3.849,-0.9247448979591844
2025-12-02,Punta Gorda,2.929,3.407,3.713,-5.728999034438376
2025-12-04,Punta Gorda,2.946,3.454,3.742,0.5804028678729978
2025-12-11,Punta Gorda,2.796,3.271,3.574,-5.091649694501033
2025-12-17,Punta Gorda,2.879,3.389,3.687,2.96852646638055
2025-12-22,Punta Gorda,2.797,3.236,3.583,-2.848211184439031
2025-12-23,Punta Gorda,2.756,3.237,3.548,-1.4658562745799242
2025-12-26,Punta Gorda,2.703,3.182,3.493,-1.9230769230769162
2025-12-27,Punta Gorda,2.678,3.142,3.458,-0.9248982611912648
2025-12-29,Punta Gorda,2.634,3.051,3.408,-1.643017176997763
2025-12-30,Punta Gorda,2.802,3.275,3.589,6.378132118451041
2022-01-28,Sebastian-Vero Beach,3.362,3.729,4.031,
2022-01-28,Sebastian-Vero Beach,3.362,3.729,4.031,0.0
2022-03-07,Sebastian-Vero Beach,4.031,4.272,4.577,19.898869720404512
2022-03-07,Sebastian-Vero Beach,4.031,4.272,4.577,0.0
2022-03-08,Sebastian-Vero Beach,4.031,4.272,4.577,0.0
2022-03-08,Sebastian-Vero Beach,4.031,4.272,4.577,0.0
2022-03-22,Sebastian-Vero Beach,4.16,4.609,4.872,3.200198461920123
2022-03-22,Sebastian-Vero Beach,4.16,4.609,4.872,0.0
2022-04-01,Sebastian-Vero Beach,4.199,4.57,4.906,0.9374999999999911
2022-04-01,Sebastian-Vero Beach,4.199,4.57,4.906,0.0
2022-04-14,Sebastian-Vero Beach,4.052,4.529,4.832,-3.5008335317932904
2022-04-19,Sebastian-Vero Beach,4.109,4.542,4.852,1.4067127344521424
2022-05-11,Sebastian-Vero Beach,4.348,4.686,4.997,5.816500365052324
2022-05-25,Sebastian-Vero Beach,4.599,4.927,5.23,5.772769089236429
2022-05-29,Sebastian-Vero Beach,4.598,4.935,5.234,-0.021743857360301266
2022-05-31,Sebastian-Vero Beach,4.59,4.924,5.256,-0.17398869073510514
2022-06-06,Sebastian-Vero Beach,4.784,5.101,5.422,4.22657952069716
2022-06-09,Sebastian-Vero Beach,4.802,5.193,5.447,0.3762541806020092
2022-06-25,Sebastian-Vero Beach,4.722,5.162,5.474,-1.6659725114535395
2022-06-26,Sebastian-Vero Beach,4.691,5.111,5.441,-0.6565014824227111
2022-06-27,Sebastian-Vero Beach,4.691,5.111,5.441,0.0
2022-06-29,Sebastian-Vero Beach,4.631,5.082,5.432,-1.2790449797484449
2022-06-30,Sebastian-Vero Beach,4.622,5.068,5.42,-0.19434247462751797
2022-07-02,Sebastian-Vero Beach,4.592,5.058,5.335,-0.6490696668109086
2022-07-10,Sebastian-Vero Beach,4.44,4.895,5.196,-3.3101045296167086
2022-08-01,Sebastian-Vero Beach,3.891,4.429,4.698,-12.364864864864877
2022-09-22,Sebastian-Vero Beach,3.393,3.856,4.251,-12.798766383963
2022-09-23,Sebastian-Vero Beach,3.375,3.867,4.23,-0.5305039787798393
2022-09-27,Sebastian-Vero Beach,3.381,3.815,4.202,0.1777777777777656
2022-10-02,Sebastian-Vero Beach,3.253,3.662,4.085,-3.785862170955334
2022-10-03,Sebastian-Vero Beach,3.229,3.67,4.074,-0.7377805102981916
2022-10-04,Sebastian-Vero Beach,3.214,3.642,3.986,-0.4645401052957632
2022-11-05,Sebastian-Vero Beach,3.488,3.873,4.186,8.525202240199125
2022-11-10,Sebastian-Vero Beach,3.581,3.961,4.332,2.6662844036697164
2022-11-21,Sebastian-Vero Beach,3.475,3.95,4.222,-2.9600670203853596
2022-11-26,Sebastian-Vero Beach,3.385,3.845,4.142,-2.5899280575539696
2022-11-28,Sebastian-Vero Beach,3.365,3.796,4.107,-0.5908419497784201
2022-11-30,Sebastian-Vero Beach,3.347,3.823,4.129,-0.534918276374452
2022-12-01,Sebastian-Vero Beach,3.328,3.839,4.104,-0.5676725425754481
2022-12-05,Sebastian-Vero Beach,3.267,3.758,4.064,-1.8329326923076872
2022-12-07,Sebastian-Vero Beach,3.259,3.7,4.066,-0.24487297214570436
2022-12-08,Sebastian-Vero Beach,3.215,3.695,4.02,-1.350107394906419
2022-12-10,Sebastian-Vero Beach,3.203,3.69,3.951,-0.37325038880249295
2023-01-19,Sebastian-Vero Beach,3.451,3.844,4.166,7.74274118014362
2023-03-23,Sebastian-Vero Beach,3.435,3.85,4.134,-0.4636337293538073
2023-03-27,Sebastian-Vero Beach,3.405,3.812,4.104,-0.8733624454148492
2023-03-30,Sebastian-Vero Beach,3.469,3.878,4.173,1.8795888399412597
2023-04-02,Sebastian-Vero Beach,3.505,3.864,4.176,1.0377630441049224
2023-04-03,Sebastian-Vero Beach,3.5,3.856,4.225,-0.14265335235377208
2023-05-15,Sebastian-Vero Beach,3.473,3.913,4.236,-0.7714285714285785
2023-05-16,Sebastian-Vero Beach,3.473,3.897,4.214,0.0
2023-05-17,Sebastian-Vero Beach,3.477,3.959,4.239,0.11517420097897357
2023-05-18,Sebastian-Vero Beach,3.456,3.963,4.215,-0.6039689387402958
2023-05-22,Sebastian-Vero Beach,3.408,3.846,4.199,-1.388888888888895
2023-05-24,Sebastian-Vero Beach,3.393,3.86,4.17,-0.4401408450704247
2023-05-25,Sebastian-Vero Beach,3.386,3.822,4.108,-0.20630710285881593
2023-05-26,Sebastian-Vero Beach,3.425,3.828,4.105,1.151801535735375
2023-05-30,Sebastian-Vero Beach,3.414,3.826,4.192,-0.32116788321167045
2023-05-31,Sebastian-Vero Beach,3.397,3.813,4.089,-0.49794961921501013
2023-06-01,Sebastian-Vero Beach,3.381,3.826,4.159,-0.4710038269060912
2023-06-06,Sebastian-Vero Beach,3.317,3.762,4.097,-1.892931085477656
2023-06-07,Sebastian-Vero Beach,3.301,3.736,4.048,-0.48236358154959413
2023-06-09,Sebastian-Vero Beach,3.349,3.721,4.02,1.4541048167222126
2023-06-10,Sebastian-Vero Beach,3.349,3.721,4.02,0.0
2023-06-13,Sebastian-Vero Beach,3.475,3.897,4.188,3.762317109584945
2023-06-14,Sebastian-Vero Beach,3.467,3.9,4.218,-0.23021582733813162
2023-06-16,Sebastian-Vero Beach,3.427,3.854,4.196,-1.1537352177675264
2023-06-23,Sebastian-Vero Beach,3.323,3.76,4.124,-3.0347242486139514
2023-07-04,Sebastian-Vero Beach,3.204,3.631,3.902,-3.581101414384591
2023-11-11,Sebastian-Vero Beach,3.235,3.711,4.031,0.9675405742821441
2023-11-29,Sebastian-Vero Beach,3.174,3.587,4.001,-1.8856259659969066
2024-01-18,Sebastian-Vero Beach,3.039,3.442,3.829,-4.25330812854442
2024-02-21,Sebastian-Vero Beach,3.337,3.69,4.005,9.805857189865087
2024-02-26,Sebastian-Vero Beach,3.321,3.695,4.025,-0.4794725801618216
2024-02-27,Sebastian-Vero Beach,3.283,3.678,3.967,-1.1442336645588802
2024-02-28,Sebastian-Vero Beach,3.351,3.695,4.029,2.0712762717027156
2024-03-01,Sebastian-Vero Beach,3.389,3.756,4.079,1.133989853774997
2024-03-02,Sebastian-Vero Beach,3.376,3.788,4.101,-0.38359398052522087
2024-03-04,Sebastian-Vero Beach,3.365,3.761,4.102,-0.3258293838862447
2024-03-05,Sebastian-Vero Beach,3.332,3.724,4.107,-0.9806835066864861
2024-04-11,Sebastian-Vero Beach,3.592,4.021,4.32,7.803121248499401
2024-04-22,Sebastian-Vero Beach,3.578,4.013,4.221,-0.38975501113586164
2024-04-23,Sebastian-Vero Beach,3.578,4.013,4.221,0.0
2024-05-06,Sebastian-Vero Beach,3.538,3.933,4.234,-1.1179429849077716
2024-05-19,Sebastian-Vero Beach,3.394,3.781,4.178,-4.070096099491227
2024-05-24,Sebastian-Vero Beach,3.465,3.928,4.221,2.0919269298762533
2024-05-31,Sebastian-Vero Beach,3.432,3.874,4.237,-0.952380952380949
2024-06-03,Sebastian-Vero Beach,3.35,3.822,4.155,-2.389277389277389
2024-06-12,Sebastian-Vero Beach,3.233,3.7,4.026,-3.492537313432831
2024-06-16,Sebastian-Vero Beach,3.193,3.659,3.927,-1.2372409526755335
2024-06-20,Sebastian-Vero Beach,3.369,3.807,4.112,5.512057626056999
2024-06-21,Sebastian-Vero Beach,3.369,3.807,4.112,0.0
2024-06-23,Sebastian-Vero Beach,3.39,3.853,4.123,0.6233303650934996
2024-06-29,Sebastian-Vero Beach,3.379,3.818,4.146,-0.3244837758112129
2024-07-04,Sebastian-Vero Beach,3.529,3.93,4.226,4.439183190292972
2024-07-09,Sebastian-Vero Beach,3.501,3.919,4.253,-0.7934258996882937
2024-07-10,Sebastian-Vero Beach,3.501,3.919,4.253,0.0
2024-07-12,Sebastian-Vero Beach,3.548,3.966,4.283,1.3424735789774322
2024-07-18,Sebastian-Vero Beach,3.432,3.872,4.23,-3.269447576099216
2024-07-22,Sebastian-Vero Beach,3.351,3.755,4.092,-2.3601398601398538
2024-07-24,Sebastian-Vero Beach,3.473,3.905,4.224,3.640704267382877
2024-07-25,Sebastian-Vero Beach,3.473,3.905,4.224,0.0
2024-08-01,Sebastian-Vero Beach,3.389,3.842,4.205,-2.4186582205586005
2024-08-11,Sebastian-Vero Beach,3.338,3.805,4.106,-1.5048686928297306
2024-08-16,Sebastian-Vero Beach,3.353,3.864,4.171,0.44937088076693055
2024-08-17,Sebastian-Vero Beach,3.353,3.864,4.171,0.0
2024-08-18,Sebastian-Vero Beach,3.311,3.751,4.138,-1.2526096033403045
2024-08-19,Sebastian-Vero Beach,3.282,3.756,4.017,-0.8758683177287785
2024-08-20,Sebastian-Vero Beach,3.282,3.756,4.017,0.0
2024-09-07,Sebastian-Vero Beach,3.179,3.722,4.018,-3.1383302864107288
2024-09-09,Sebastian-Vero Beach,3.129,3.625,3.86,-1.5728216420257901
2024-09-16,Sebastian-Vero Beach,3.061,3.517,3.775,-2.1732182806008304
2024-09-19,Sebastian-Vero Beach,3.135,3.604,3.921,2.4175106174452843
2024-09-21,Sebastian-Vero Beach,3.062,3.528,3.855,-2.328548644338113
2024-09-23,Sebastian-Vero Beach,3.062,3.528,3.855,0.0
2024-09-24,Sebastian-Vero Beach,3.133,3.622,3.839,2.3187459177008485
2024-09-25,Sebastian-Vero Beach,3.133,3.622,3.839,0.0
2024-09-26,Sebastian-Vero Beach,3.167,3.636,3.929,1.085221832109795
2024-09-27,Sebastian-Vero Beach,3.179,3.633,3.988,0.3789074834227968
2024-10-01,Sebastian-Vero Beach,3.142,3.621,3.929,-1.1638880150990905
2024-10-02,Sebastian-Vero Beach,3.123,3.594,3.914,-0.6047103755569605
2024-10-04,Sebastian-Vero Beach,3.084,3.567,3.865,-1.2487992315081686
2024-10-06,Sebastian-Vero Beach,3.071,3.504,3.817,-0.42153047989623715
2024-10-09,Sebastian-Vero Beach,3.085,3.541,3.895,0.4558775643112911
2024-10-13,Sebastian-Vero Beach,3.078,3.539,3.881,-0.22690437601297075
2024-10-21,Sebastian-Vero Beach,3.07,3.53,3.835,-0.2599090318388564
2024-11-01,Sebastian-Vero Beach,3.056,3.559,3.815,-0.4560260586319198
2024-11-02,Sebastian-Vero Beach,3.056,3.559,3.815,0.0
2024-11-04,Sebastian-Vero Beach,3.017,3.443,3.786,-1.2761780104712073
2024-11-05,Sebastian-Vero Beach,3.11,3.582,3.927,3.082532316871056
2024-11-06,Sebastian-Vero Beach,3.17,3.623,3.93,1.9292604501607746
2024-11-07,Sebastian-Vero Beach,3.166,3.613,3.918,-0.12618296529968154
2024-11-08,Sebastian-Vero Beach,3.147,3.6,3.952,-0.6001263423878744
2024-11-10,Sebastian-Vero Beach,3.113,3.586,3.872,-1.0803940260565525
2024-11-11,Sebastian-Vero Beach,3.099,3.558,3.857,-0.4497269514937341
2024-11-12,Sebastian-Vero Beach,3.077,3.54,3.831,-0.7099064214262762
2024-11-13,Sebastian-Vero Beach,3.037,3.527,3.825,-1.2999675008124822
2024-11-14,Sebastian-Vero Beach,3.017,3.51,3.785,-0.6585446163977604
2024-11-15,Sebastian-Vero Beach,3.084,3.533,3.864,2.2207490884985193
2024-11-16,Sebastian-Vero Beach,3.135,3.583,3.945,1.6536964980544688
2024-11-17,Sebastian-Vero Beach,3.144,3.569,3.914,0.2870813397129357
2024-11-18,Sebastian-Vero Beach,3.146,3.581,3.875,0.06361323155215093
2024-11-19,Sebastian-Vero Beach,3.111,3.577,3.898,-1.1125238397965531
2024-11-20,Sebastian-Vero Beach,3.081,3.568,3.849,-0.9643201542912316
2024-11-21,Sebastian-Vero Beach,3.044,3.553,3.761,-1.2009087958455011
2024-11-22,Sebastian-Vero Beach,3.025,3.482,3.774,-0.6241787122207687
2024-11-24,Sebastian-Vero Beach,3.134,3.576,3.857,3.603305785123956
2024-11-25,Sebastian-Vero Beach,3.149,3.591,3.847,0.4786215698787455
2024-11-26,Sebastian-Vero Beach,3.13,3.605,3.864,-0.6033661479834862
2024-11-27,Sebastian-Vero Beach,3.143,3.616,3.856,0.41533546325878135
2024-11-28,Sebastian-Vero Beach,3.141,3.623,3.87,-0.06363347120584839
2024-12-01,Sebastian-Vero Beach,3.136,3.578,3.88,-0.15918497293855305
2024-12-02,Sebastian-Vero Beach,3.122,3.549,3.818,-0.44642857142858094
2024-12-03,Sebastian-Vero Beach,3.085,3.54,3.803,-1.1851377322229295
2024-12-05,Sebastian-Vero Beach,3.017,3.481,3.757,-2.20421393841167
2024-12-06,Sebastian-Vero Beach,2.995,3.453,3.723,-0.7292011932383047
2024-12-07,Sebastian-Vero Beach,3.08,3.535,3.829,2.838063439065097
2024-12-08,Sebastian-Vero Beach,3.109,3.57,3.876,0.9415584415584322
2024-12-09,Sebastian-Vero Beach,3.134,3.578,3.857,0.8041170794467645
2024-12-10,Sebastian-Vero Beach,3.114,3.579,3.941,-0.638162093171668
2024-12-11,Sebastian-Vero Beach,3.091,3.534,3.87,-0.7385998715478403
2024-12-12,Sebastian-Vero Beach,3.066,3.502,3.792,-0.8087997411840964
2024-12-13,Sebastian-Vero Beach,3.037,3.494,3.775,-0.9458577951728664
2024-12-16,Sebastian-Vero Beach,3.153,3.63,3.93,3.8195587751070237
2024-12-17,Sebastian-Vero Beach,3.13,3.645,3.913,-0.7294640025372723
2024-12-18,Sebastian-Vero Beach,3.091,3.572,3.816,-1.246006389776344
2024-12-19,Sebastian-Vero Beach,3.066,3.535,3.832,-0.8087997411840964
2024-12-20,Sebastian-Vero Beach,3.057,3.514,3.852,-0.29354207436398383
2024-12-23,Sebastian-Vero Beach,3.005,3.468,3.74,-1.701014066077855
2024-12-24,Sebastian-Vero Beach,3.08,3.608,3.844,2.4958402662229595
2024-12-27,Sebastian-Vero Beach,3.112,3.588,3.836,1.0389610389610393
2024-12-28,Sebastian-Vero Beach,3.098,3.545,3.815,-0.44987146529563704
2024-12-29,Sebastian-Vero Beach,3.09,3.506,3.81,-0.2582311168495832
2024-12-30,Sebastian-Vero Beach,3.076,3.487,3.808,-0.45307443365695255
2025-01-01,Sebastian-Vero Beach,3.108,3.544,3.84,1.040312093628093
2025-01-02,Sebastian-Vero Beach,3.128,3.559,3.858,0.6435006435006496
2025-01-03,Sebastian-Vero Beach,3.144,3.551,3.881,0.5115089514066584
2025-01-05,Sebastian-Vero Beach,3.093,3.566,3.843,-1.6221374045801595
2025-01-06,Sebastian-Vero Beach,3.074,3.539,3.789,-0.6142903330100258
2025-01-07,Sebastian-Vero Beach,3.013,3.505,3.774,-1.9843851659076095
2025-01-08,Sebastian-Vero Beach,2.988,3.462,3.773,-0.8297378028542912
2025-01-09,Sebastian-Vero Beach,3.112,3.572,3.857,4.149933065595723
2025-01-11,Sebastian-Vero Beach,3.136,3.591,3.902,0.7712082262210762
2025-01-13,Sebastian-Vero Beach,3.122,3.531,3.803,-0.44642857142858094
2025-01-14,Sebastian-Vero Beach,3.173,3.613,3.916,1.6335682254964734
2025-01-15,Sebastian-Vero Beach,3.24,3.687,3.962,2.1115663410022023
2025-01-16,Sebastian-Vero Beach,3.24,3.714,3.97,0.0
2025-01-17,Sebastian-Vero Beach,3.23,3.672,3.959,-0.30864197530865445
2025-01-18,Sebastian-Vero Beach,3.204,3.628,3.958,-0.804953560371513
2025-01-19,Sebastian-Vero Beach,3.195,3.584,3.905,-0.2808988764045006
2025-01-20,Sebastian-Vero Beach,3.164,3.556,3.824,-0.970266040688561
2025-01-21,Sebastian-Vero Beach,3.127,3.567,3.867,-1.1694058154235298
2025-01-23,Sebastian-Vero Beach,3.085,3.522,3.813,-1.3431403901502992
2025-01-24,Sebastian-Vero Beach,3.172,3.644,3.911,2.820097244732578
2025-01-26,Sebastian-Vero Beach,3.222,3.688,3.957,1.5762925598991062
2025-01-27,Sebastian-Vero Beach,3.209,3.623,3.888,-0.4034761018001265
2025-01-28,Sebastian-Vero Beach,3.199,3.632,3.973,-0.31162355874104763
2025-01-30,Sebastian-Vero Beach,3.132,3.586,3.886,-2.094404501406677
2025-02-01,Sebastian-Vero Beach,3.075,3.52,3.808,-1.8199233716475027
2025-02-02,Sebastian-Vero Beach,3.045,3.522,3.764,-0.9756097560975729
2025-02-03,Sebastian-Vero Beach,3.024,3.481,3.723,-0.6896551724137945
2025-02-04,Sebastian-Vero Beach,3.148,3.628,3.859,4.100529100529093
2025-02-06,Sebastian-Vero Beach,3.254,3.682,4.004,3.3672172808132173
2025-02-07,Sebastian-Vero Beach,3.254,3.682,4.004,0.0
2025-02-09,Sebastian-Vero Beach,3.166,3.609,3.891,-2.704363859864789
2025-02-10,Sebastian-Vero Beach,3.158,3.589,3.905,-0.25268477574226234
2025-02-11,Sebastian-Vero Beach,3.115,3.571,3.834,-1.3616212792906812
2025-02-12,Sebastian-Vero Beach,3.079,3.573,3.853,-1.1556982343499222
2025-02-13,Sebastian-Vero Beach,3.059,3.559,3.857,-0.6495615459564785
2025-02-15,Sebastian-Vero Beach,3.024,3.51,3.817,-1.1441647597254079
2025-02-16,Sebastian-Vero Beach,3.005,3.502,3.778,-0.6283068783068835
2025-02-17,Sebastian-Vero Beach,2.994,3.444,3.708,-0.3660565723793585
2025-02-18,Sebastian-Vero Beach,3.096,3.603,3.79,3.4068136272545013
2025-02-19,Sebastian-Vero Beach,3.167,3.636,3.881,2.2932816537467593
2025-02-20,Sebastian-Vero Beach,3.166,3.617,3.901,-0.0315756236185627
2025-02-21,Sebastian-Vero Beach,3.129,3.584,3.879,-1.168667087807962
2025-02-22,Sebastian-Vero Beach,3.113,3.572,3.875,-0.5113454777884274
2025-02-23,Sebastian-Vero Beach,3.086,3.54,3.854,-0.867330549309353
2025-02-25,Sebastian-Vero Beach,3.135,3.588,3.9,1.5878159429682404
2025-02-26,Sebastian-Vero Beach,3.174,3.633,3.966,1.2440191387559807
2025-02-27,Sebastian-Vero Beach,3.136,3.602,3.865,-1.1972274732199084
2025-02-28,Sebastian-Vero Beach,3.103,3.554,3.884,-1.0522959183673408
2025-03-01,Sebastian-Vero Beach,3.066,3.555,3.911,-1.1923944569771305
2025-03-02,Sebastian-Vero Beach,3.036,3.567,3.874,-0.9784735812133016
2025-03-03,Sebastian-Vero Beach,3.026,3.513,3.739,-0.32938076416337836
2025-03-04,Sebastian-Vero Beach,2.981,3.423,3.724,-1.4871116986120314
2025-03-06,Sebastian-Vero Beach,3.142,3.619,3.89,5.400872190540085
2025-03-07,Sebastian-Vero Beach,3.127,3.623,3.873,-0.47740292807129103
2025-03-08,Sebastian-Vero Beach,3.086,3.584,3.837,-1.3111608570514854
2025-03-09,Sebastian-Vero Beach,3.052,3.529,3.783,-1.101749837977961
2025-03-10,Sebastian-Vero Beach,3.03,3.468,3.788,-0.7208387942333028
2025-03-11,Sebastian-Vero Beach,2.993,3.45,3.722,-1.2211221122112148
2025-03-12,Sebastian-Vero Beach,2.976,3.476,3.713,-0.5679919812896728
2025-03-13,Sebastian-Vero Beach,2.953,3.415,3.7,-0.772849462365599
2025-03-14,Sebastian-Vero Beach,3.085,3.508,3.841,4.4700304774805355
2025-03-15,Sebastian-Vero Beach,3.123,3.551,3.836,1.2317666126418159
2025-03-16,Sebastian-Vero Beach,3.123,3.607,3.828,0.0
2025-03-17,Sebastian-Vero Beach,3.114,3.536,3.86,-0.288184438040362
2025-03-18,Sebastian-Vero Beach,3.089,3.488,3.849,-0.8028259473346178
2025-03-19,Sebastian-Vero Beach,3.059,3.475,3.827,-0.9711880867594669
2025-03-20,Sebastian-Vero Beach,3.035,3.495,3.858,-0.7845701209545641
2025-03-21,Sebastian-Vero Beach,3.022,3.461,3.759,-0.4283360790774404
2025-03-22,Sebastian-Vero Beach,2.998,3.44,3.72,-0.7941760423560429
2025-03-24,Sebastian-Vero Beach,2.97,3.493,3.706,-0.9339559706470935
2025-03-25,Sebastian-Vero Beach,3.117,3.64,3.858,4.949494949494948
2025-03-26,Sebastian-Vero Beach,3.198,3.67,3.925,2.5986525505293567
2025-03-27,Sebastian-Vero Beach,3.191,3.685,3.936,-0.21888680425266038
2025-03-28,Sebastian-Vero Beach,3.17,3.643,3.9,-0.6581009088060141
2025-03-29,Sebastian-Vero Beach,3.146,3.634,3.853,-0.7570977917981114
2025-03-30,Sebastian-Vero Beach,3.124,3.562,3.906,-0.6993006993006978
2025-03-31,Sebastian-Vero Beach,3.11,3.542,3.876,-0.4481434058898892
2025-04-02,Sebastian-Vero Beach,3.209,3.655,3.976,3.183279742765288
2025-04-03,Sebastian-Vero Beach,3.264,3.721,4.03,1.7139295730757231
2025-04-04,Sebastian-Vero Beach,3.262,3.722,4.035,-0.06127450980391025
2025-04-05,Sebastian-Vero Beach,3.242,3.724,3.996,-0.6131207847946074
2025-04-06,Sebastian-Vero Beach,3.226,3.67,3.96,-0.4935225169648394
2025-04-07,Sebastian-Vero Beach,3.206,3.63,3.948,-0.619962802231866
2025-04-08,Sebastian-Vero Beach,3.232,3.671,3.955,0.8109794135995108
2025-04-09,Sebastian-Vero Beach,3.236,3.676,3.961,0.12376237623761277
2025-04-10,Sebastian-Vero Beach,3.212,3.701,3.947,-0.7416563658838027
2025-04-11,Sebastian-Vero Beach,3.159,3.691,3.95,-1.6500622665006293
2025-04-12,Sebastian-Vero Beach,3.131,3.628,3.877,-0.8863564419119951
2025-04-13,Sebastian-Vero Beach,3.102,3.597,3.856,-0.9262216544235091
2025-04-14,Sebastian-Vero Beach,3.09,3.537,3.867,-0.3868471953578312
2025-04-15,Sebastian-Vero Beach,3.066,3.498,3.857,-0.7766990291262155
2025-04-16,Sebastian-Vero Beach,3.042,3.496,3.808,-0.7827788649706457
2025-04-17,Sebastian-Vero Beach,3.026,3.567,3.776,-0.5259697567389865
2025-04-18,Sebastian-Vero Beach,3.035,3.598,3.801,0.2974223397224085
2025-04-19,Sebastian-Vero Beach,3.022,3.524,3.784,-0.4283360790774404
2025-04-20,Sebastian-Vero Beach,3.023,3.478,3.744,0.03309066843151243
2025-04-21,Sebastian-Vero Beach,3.006,3.411,3.754,-0.5623552762156869
2025-04-22,Sebastian-Vero Beach,3.089,3.571,3.85,2.76114437791084
2025-04-23,Sebastian-Vero Beach,3.139,3.618,3.876,1.6186468112657781
2025-04-24,Sebastian-Vero Beach,3.143,3.633,3.929,0.12742911755336817
2025-04-25,Sebastian-Vero Beach,3.134,3.66,3.892,-0.2863506204263455
2025-04-26,Sebastian-Vero Beach,3.083,3.623,3.863,-1.6273133375877435
2025-04-27,Sebastian-Vero Beach,3.069,3.529,3.821,-0.45410314628608894
2025-04-28,Sebastian-Vero Beach,3.066,3.493,3.799,-0.09775171065493637
2025-04-29,Sebastian-Vero Beach,3.094,3.619,3.883,0.9132420091324311
2025-04-30,Sebastian-Vero Beach,3.163,3.688,3.924,2.2301228183581046
2025-05-01,Sebastian-Vero Beach,3.212,3.725,3.988,1.5491621877964157
2025-05-02,Sebastian-Vero Beach,3.183,3.665,3.997,-0.9028642590286573
2025-05-03,Sebastian-Vero Beach,3.147,3.602,3.923,-1.1310084825636224
2025-05-04,Sebastian-Vero Beach,3.114,3.562,3.876,-1.0486177311725409
2025-05-05,Sebastian-Vero Beach,3.107,3.572,3.852,-0.22479126525368764
2025-05-06,Sebastian-Vero Beach,3.086,3.572,3.813,-0.6758931445124072
2025-05-07,Sebastian-Vero Beach,3.05,3.507,3.806,-1.166558651976668
2025-05-08,Sebastian-Vero Beach,3.019,3.47,3.789,-1.0163934426229426
2025-05-09,Sebastian-Vero Beach,2.981,3.463,3.767,-1.2586949320967267
2025-05-10,Sebastian-Vero Beach,2.963,3.422,3.758,-0.6038242200603783
2025-05-11,Sebastian-Vero Beach,2.948,3.385,3.728,-0.5062436719541097
2025-05-12,Sebastian-Vero Beach,2.926,3.393,3.671,-0.746268656716409
2025-05-13,Sebastian-Vero Beach,3.087,3.551,3.822,5.502392344497609
2025-05-14,Sebastian-Vero Beach,3.154,3.661,3.945,2.1703919663103255
2025-05-15,Sebastian-Vero Beach,3.131,3.625,3.906,-0.7292327203551108
2025-05-16,Sebastian-Vero Beach,3.105,3.582,3.87,-0.8304056212072752
2025-05-17,Sebastian-Vero Beach,3.071,3.573,3.838,-1.0950080515297889
2025-05-18,Sebastian-Vero Beach,3.057,3.543,3.794,-0.4558775643113022
2025-05-19,Sebastian-Vero Beach,3.045,3.452,3.75,-0.39254170755642637
2025-05-20,Sebastian-Vero Beach,3.027,3.433,3.733,-0.5911330049261032
2025-05-21,Sebastian-Vero Beach,3.117,3.56,3.891,2.973240832507429
2025-05-22,Sebastian-Vero Beach,3.176,3.628,3.938,1.8928456849534925
2025-05-23,Sebastian-Vero Beach,3.147,3.641,3.899,-0.9130982367758333
2025-05-24,Sebastian-Vero Beach,3.121,3.615,3.875,-0.8261836669844258
2025-05-25,Sebastian-Vero Beach,3.078,3.58,3.892,-1.3777635373277808
2025-05-26,Sebastian-Vero Beach,3.063,3.551,3.881,-0.4873294346978474
2025-05-27,Sebastian-Vero Beach,3.031,3.488,3.789,-1.0447273914462984
2025-05-28,Sebastian-Vero Beach,2.982,3.425,3.766,-1.61662817551963
2025-05-29,Sebastian-Vero Beach,3.099,3.588,3.881,3.9235412474849074
2025-05-30,Sebastian-Vero Beach,3.148,3.667,3.941,1.5811552113585092
2025-05-31,Sebastian-Vero Beach,3.108,3.635,3.913,-1.270648030495558
2025-06-01,Sebastian-Vero Beach,3.097,3.6,3.885,-0.35392535392535507
2025-06-02,Sebastian-Vero Beach,3.086,3.563,3.889,-0.355182434614143
2025-06-03,Sebastian-Vero Beach,3.052,3.555,3.876,-1.101749837977961
2025-06-04,Sebastian-Vero Beach,3.039,3.545,3.81,-0.4259501965923951
2025-06-05,Sebastian-Vero Beach,3.114,3.624,3.862,2.4679170779861703
2025-06-07,Sebastian-Vero Beach,3.13,3.644,3.89,0.5138086062941527
2025-06-08,Sebastian-Vero Beach,3.097,3.576,3.862,-1.0543130990415261
2025-06-09,Sebastian-Vero Beach,3.091,3.498,3.853,-0.19373587342589316
2025-06-10,Sebastian-Vero Beach,3.042,3.519,3.828,-1.5852474927208093
2025-06-11,Sebastian-Vero Beach,3.017,3.498,3.841,-0.8218277449046685
2025-06-13,Sebastian-Vero Beach,2.973,3.462,3.783,-1.4584023864766316
2025-06-14,Sebastian-Vero Beach,2.962,3.451,3.778,-0.36999663639419866
2025-06-15,Sebastian-Vero Beach,2.974,3.397,3.717,0.4051316677920358
2025-06-16,Sebastian-Vero Beach,2.975,3.403,3.704,0.03362474781438696
2025-06-17,Sebastian-Vero Beach,3.103,3.564,3.877,4.302521008403359
2025-06-18,Sebastian-Vero Beach,3.171,3.608,3.917,2.191427650660649
2025-06-19,Sebastian-Vero Beach,3.164,3.639,3.93,-0.22075055187636972
2025-06-20,Sebastian-Vero Beach,3.158,3.673,3.93,-0.18963337547408532
2025-06-21,Sebastian-Vero Beach,3.138,3.639,3.883,-0.633312222925908
2025-06-22,Sebastian-Vero Beach,3.116,3.541,3.916,-0.7010834926704845
2025-06-23,Sebastian-Vero Beach,3.107,3.543,3.895,-0.28883183568677584
2025-06-24,Sebastian-Vero Beach,3.091,3.523,3.842,-0.5149662053427706
2025-06-25,Sebastian-Vero Beach,3.07,3.587,3.811,-0.6793917825946405
2025-06-26,Sebastian-Vero Beach,3.052,3.581,3.852,-0.5863192182410382
2025-06-27,Sebastian-Vero Beach,3.011,3.479,3.82,-1.3433813892529511
2025-06-28,Sebastian-Vero Beach,2.986,3.52,3.79,-0.8302889405513048
2025-06-29,Sebastian-Vero Beach,2.978,3.508,3.778,-0.26791694574681557
2025-06-30,Sebastian-Vero Beach,2.967,3.388,3.749,-0.3693754197447996
2025-07-01,Sebastian-Vero Beach,3.071,3.528,3.866,3.5052241321199995
2025-07-02,Sebastian-Vero Beach,3.146,3.587,3.911,2.442201237381947
2025-07-03,Sebastian-Vero Beach,3.146,3.612,3.919,0.0
2025-07-04,Sebastian-Vero Beach,3.11,3.584,3.879,-1.1443102352193257
2025-07-05,Sebastian-Vero Beach,3.097,3.591,3.855,-0.41800643086816747
2025-07-06,Sebastian-Vero Beach,3.067,3.538,3.837,-0.9686793671294769
2025-07-07,Sebastian-Vero Beach,3.059,3.492,3.826,-0.2608412129116444
2025-07-08,Sebastian-Vero Beach,3.034,3.509,3.787,-0.8172605426610136
2025-07-09,Sebastian-Vero Beach,3.018,3.487,3.797,-0.5273566249175965
2025-07-10,Sebastian-Vero Beach,3.003,3.458,3.8,-0.4970178926441249
2025-07-11,Sebastian-Vero Beach,2.995,3.482,3.769,-0.2664002664002685
2025-07-12,Sebastian-Vero Beach,2.985,3.477,3.751,-0.33388981636061077
2025-07-13,Sebastian-Vero Beach,2.962,3.411,3.704,-0.7705192629815616
2025-07-14,Sebastian-Vero Beach,2.953,3.374,3.65,-0.30384875084403795
2025-07-15,Sebastian-Vero Beach,2.97,3.412,3.723,0.5756857433119045
2025-07-16,Sebastian-Vero Beach,3.106,3.59,3.877,4.579124579124572
2025-07-17,Sebastian-Vero Beach,3.159,3.639,3.867,1.7063747585318811
2025-07-18,Sebastian-Vero Beach,3.142,3.618,3.89,-0.538144982589428
2025-07-19,Sebastian-Vero Beach,3.11,3.585,3.871,-1.0184595798854224
2025-07-20,Sebastian-Vero Beach,3.081,3.573,3.827,-0.9324758842443659
2025-07-21,Sebastian-Vero Beach,3.061,3.53,3.811,-0.6491398896462219
2025-07-22,Sebastian-Vero Beach,3.048,3.495,3.798,-0.4246978111728139
2025-07-23,Sebastian-Vero Beach,3.024,3.482,3.793,-0.7874015748031482
2025-07-24,Sebastian-Vero Beach,3.122,3.571,3.886,3.240740740740744
2025-07-25,Sebastian-Vero Beach,3.164,3.62,3.962,1.3452914798206317
2025-07-26,Sebastian-Vero Beach,3.136,3.627,3.971,-0.8849557522123908
2025-07-27,Sebastian-Vero Beach,3.111,3.613,3.868,-0.7971938775510168
2025-07-28,Sebastian-Vero Beach,3.097,3.587,3.834,-0.4500160720025792
2025-07-29,Sebastian-Vero Beach,3.082,3.501,3.847,-0.48433968356474955
2025-07-30,Sebastian-Vero Beach,3.053,3.492,3.853,-0.9409474367293891
2025-07-31,Sebastian-Vero Beach,3.035,3.492,3.815,-0.5895840157222332
2025-08-01,Sebastian-Vero Beach,3.021,3.478,3.792,-0.4612850082372444
2025-08-02,Sebastian-Vero Beach,3.004,3.474,3.79,-0.5627275736511006
2025-08-03,Sebastian-Vero Beach,2.991,3.427,3.69,-0.43275632490012983
2025-08-04,Sebastian-Vero Beach,2.969,3.426,3.658,-0.7355399531929208
2025-08-05,Sebastian-Vero Beach,3.11,3.597,3.864,4.749073762209499
2025-08-06,Sebastian-Vero Beach,3.157,3.594,3.927,1.5112540192926183
2025-08-07,Sebastian-Vero Beach,3.127,3.608,3.911,-0.9502692429521731
2025-08-08,Sebastian-Vero Beach,3.1,3.591,3.858,-0.8634473936680376
2025-08-09,Sebastian-Vero Beach,3.073,3.535,3.85,-0.8709677419354911
2025-08-10,Sebastian-Vero Beach,3.047,3.487,3.82,-0.8460787504067646
2025-08-11,Sebastian-Vero Beach,3.039,3.456,3.777,-0.2625533311453876
2025-08-12,Sebastian-Vero Beach,3.025,3.497,3.792,-0.46067785455742305
2025-08-13,Sebastian-Vero Beach,3.096,3.582,3.965,2.347107438016538
2025-08-14,Sebastian-Vero Beach,3.145,3.649,3.984,1.5826873385012874
2025-08-15,Sebastian-Vero Beach,3.129,3.637,3.959,-0.5087440381558062
2025-08-16,Sebastian-Vero Beach,3.095,3.591,3.89,-1.0866091403004097
2025-08-17,Sebastian-Vero Beach,3.075,3.564,3.882,-0.646203554119551
2025-08-18,Sebastian-Vero Beach,3.082,3.519,3.824,0.22764227642275703
2025-08-19,Sebastian-Vero Beach,3.022,3.538,3.842,-1.94678780012979
2025-08-20,Sebastian-Vero Beach,3.016,3.542,3.809,-0.19854401058900795
2025-08-21,Sebastian-Vero Beach,2.998,3.483,3.754,-0.5968169761273123
2025-08-22,Sebastian-Vero Beach,2.985,3.445,3.801,-0.4336224149433021
2025-08-23,Sebastian-Vero Beach,2.983,3.459,3.8,-0.06700167504186672
2025-08-24,Sebastian-Vero Beach,2.976,3.407,3.765,-0.23466309084814174
2025-08-25,Sebastian-Vero Beach,2.97,3.38,3.76,-0.20161290322580072
2025-08-26,Sebastian-Vero Beach,3.091,3.573,3.87,4.074074074074074
2025-08-27,Sebastian-Vero Beach,3.166,3.635,3.959,2.4263992235522336
2025-08-28,Sebastian-Vero Beach,3.162,3.675,3.97,-0.12634238787112562
2025-08-29,Sebastian-Vero Beach,3.136,3.638,3.923,-0.8222643896268145
2025-08-30,Sebastian-Vero Beach,3.103,3.63,3.882,-1.0522959183673408
2025-08-31,Sebastian-Vero Beach,3.099,3.64,3.873,-0.1289075088623859
2025-09-01,Sebastian-Vero Beach,3.091,3.539,3.838,-0.258147789609553
2025-09-02,Sebastian-Vero Beach,3.064,3.496,3.839,-0.8735037204788187
2025-09-03,Sebastian-Vero Beach,3.129,3.606,3.91,2.1214099216710247
2025-09-04,Sebastian-Vero Beach,3.157,3.636,3.951,0.8948545861297452
2025-09-05,Sebastian-Vero Beach,3.149,3.607,3.95,-0.25340513145390986
2025-09-06,Sebastian-Vero Beach,3.115,3.592,3.91,-1.079707843759914
2025-09-07,Sebastian-Vero Beach,3.11,3.599,3.883,-0.16051364365972098
2025-09-08,Sebastian-Vero Beach,3.102,3.557,3.831,-0.25723472668810476
2025-09-09,Sebastian-Vero Beach,3.069,3.553,3.831,-1.0638297872340385
2025-09-10,Sebastian-Vero Beach,3.042,3.526,3.853,-0.8797653958944274
2025-09-11,Sebastian-Vero Beach,3.036,3.499,3.793,-0.19723865877711022
2025-09-12,Sebastian-Vero Beach,3.019,3.479,3.79,-0.5599472990777343
2025-09-13,Sebastian-Vero Beach,2.996,3.45,3.833,-0.7618416694269659
2025-09-14,Sebastian-Vero Beach,2.986,3.453,3.803,-0.33377837116154163
2025-09-15,Sebastian-Vero Beach,3.016,3.492,3.84,1.0046885465505584
2025-09-16,Sebastian-Vero Beach,3.14,3.614,3.969,4.111405835543769
2025-09-17,Sebastian-Vero Beach,3.229,3.667,4.019,2.8343949044586036
2025-09-18,Sebastian-Vero Beach,3.226,3.694,4.019,-0.09290802105915708
2025-09-19,Sebastian-Vero Beach,3.208,3.671,3.992,-0.5579665220086683
2025-09-20,Sebastian-Vero Beach,3.17,3.67,3.936,-1.1845386533665958
2025-09-21,Sebastian-Vero Beach,3.144,3.622,3.892,-0.8201892744479466
2025-09-22,Sebastian-Vero Beach,3.121,3.575,3.892,-0.73155216284988
2025-09-23,Sebastian-Vero Beach,3.089,3.569,3.896,-1.025312399871836
2025-09-24,Sebastian-Vero Beach,3.051,3.511,3.848,-1.2301715765619892
2025-09-25,Sebastian-Vero Beach,3.031,3.503,3.837,-0.6555227794165841
2025-09-26,Sebastian-Vero Beach,3.006,3.459,3.824,-0.8248102936324719
2025-09-27,Sebastian-Vero Beach,2.98,3.462,3.786,-0.8649367930804952
2025-09-28,Sebastian-Vero Beach,2.972,3.464,3.772,-0.26845637583892135
2025-09-29,Sebastian-Vero Beach,3.012,3.517,3.767,1.3458950201884257
2025-09-30,Sebastian-Vero Beach,3.101,3.611,3.901,2.9548472775564383
2025-10-01,Sebastian-Vero Beach,3.153,3.649,3.967,1.676878426314099
2025-10-02,Sebastian-Vero Beach,3.156,3.627,3.965,0.09514747859182826
2025-10-03,Sebastian-Vero Beach,3.109,3.612,3.956,-1.489226869455007
2025-10-04,Sebastian-Vero Beach,3.068,3.562,3.883,-1.3187520102927008
2025-10-05,Sebastian-Vero Beach,3.049,3.53,3.834,-0.6192959582790092
2025-10-06,Sebastian-Vero Beach,3.047,3.514,3.789,-0.06559527714004032
2025-10-07,Sebastian-Vero Beach,3.026,3.52,3.825,-0.6892024942566577
2025-10-08,Sebastian-Vero Beach,3.003,3.493,3.826,-0.760079312623918
2025-10-09,Sebastian-Vero Beach,2.978,3.46,3.764,-0.8325008325008265
2025-10-10,Sebastian-Vero Beach,2.958,3.445,3.741,-0.6715916722632609
2025-10-11,Sebastian-Vero Beach,2.933,3.414,3.778,-0.8451656524678941
2025-10-12,Sebastian-Vero Beach,2.912,3.412,3.736,-0.7159904534606132
2025-10-13,Sebastian-Vero Beach,2.908,3.365,3.633,-0.13736263736263687
2025-10-14,Sebastian-Vero Beach,2.947,3.453,3.766,1.3411279229711193
2025-10-15,Sebastian-Vero Beach,2.991,3.488,3.842,1.493043773328817
2025-10-16,Sebastian-Vero Beach,2.979,3.486,3.862,-0.4012036108325012
2025-10-17,Sebastian-Vero Beach,2.95,3.449,3.812,-0.973481033903989
2025-10-18,Sebastian-Vero Beach,2.919,3.445,3.776,-1.0508474576271243
2025-10-19,Sebastian-Vero Beach,2.901,3.421,3.731,-0.6166495375128589
2025-10-20,Sebastian-Vero Beach,2.885,3.385,3.645,-0.5515339538090358
2025-10-21,Sebastian-Vero Beach,2.882,3.341,3.645,-0.10398613518196598
2025-10-22,Sebastian-Vero Beach,2.925,3.426,3.768,1.4920194309507195
2025-10-23,Sebastian-Vero Beach,2.972,3.429,3.797,1.606837606837619
2025-10-24,Sebastian-Vero Beach,2.969,3.437,3.745,-0.10094212651413637
2025-10-25,Sebastian-Vero Beach,2.947,3.422,3.755,-0.7409902324014728
2025-10-26,Sebastian-Vero Beach,2.933,3.355,3.733,-0.47505938242281553
2025-10-27,Sebastian-Vero Beach,2.922,3.354,3.676,-0.3750426184793598
2025-10-28,Sebastian-Vero Beach,2.886,3.371,3.706,-1.2320328542094416
2025-11-01,Sebastian-Vero Beach,2.985,3.46,3.798,3.4303534303534278
2025-11-03,Sebastian-Vero Beach,2.987,3.45,3.756,0.06700167504187782
2025-11-07,Sebastian-Vero Beach,2.891,3.389,3.656,-3.213927017073992
2025-11-08,Sebastian-Vero Beach,2.863,3.388,3.673,-0.9685230024213065
2025-11-09,Sebastian-Vero Beach,2.854,3.319,3.637,-0.31435557107928336
2025-11-11,Sebastian-Vero Beach,2.918,3.419,3.693,2.2424667133847276
2025-11-14,Sebastian-Vero Beach,2.938,3.412,3.738,0.6854009595613331
2025-11-15,Sebastian-Vero Beach,2.909,3.397,3.717,-0.9870660313138324
2025-11-16,Sebastian-Vero Beach,2.905,3.348,3.699,-0.13750429700928324
2025-11-17,Sebastian-Vero Beach,2.889,3.317,3.641,-0.5507745266781439
2025-11-21,Sebastian-Vero Beach,3.111,3.605,3.915,7.68431983385256
2025-11-24,Sebastian-Vero Beach,3.079,3.592,3.866,-1.0286081645773049
2025-12-02,Sebastian-Vero Beach,2.965,3.445,3.801,-3.7025008119519476
2025-12-04,Sebastian-Vero Beach,2.96,3.448,3.79,-0.1686340640809414
2025-12-11,Sebastian-Vero Beach,2.869,3.389,3.686,-3.074324324324318
2025-12-17,Sebastian-Vero Beach,2.856,3.413,3.682,-0.45311955385153313
2025-12-22,Sebastian-Vero Beach,2.864,3.353,3.677,0.2801120448179262
2025-12-23,Sebastian-Vero Beach,2.85,3.326,3.627,-0.48882681564245134
2025-12-26,Sebastian-Vero Beach,2.826,3.333,3.606,-0.8421052631578996
2025-12-27,Sebastian-Vero Beach,2.803,3.309,3.567,-0.8138711960368084
2025-12-29,Sebastian-Vero Beach,2.774,3.263,3.539,-1.0346057795219354
2025-12-30,Sebastian-Vero Beach,2.831,3.335,3.671,2.0547945205479534
2022-01-28,Sebring,3.378,3.725,4.067,
2022-01-28,Sebring,3.378,3.725,4.067,0.0
2022-03-07,Sebring,3.956,4.335,4.613,17.110716400236825
2022-03-07,Sebring,3.956,4.335,4.613,0.0
2022-03-08,Sebring,3.956,4.335,4.613,0.0
2022-03-08,Sebring,3.956,4.335,4.613,0.0
2022-03-22,Sebring,4.057,4.448,4.79,2.5530839231547198
2022-03-22,Sebring,4.057,4.448,4.79,0.0
2022-04-01,Sebring,4.201,4.561,4.849,3.5494207542518863
2022-04-01,Sebring,4.201,4.561,4.849,0.0
2022-04-14,Sebring,4.038,4.407,4.699,-3.880028564627458
2022-04-19,Sebring,4.062,4.434,4.784,0.5943536404160454
2022-05-11,Sebring,4.305,4.628,4.955,5.982274741506632
2022-05-25,Sebring,4.602,4.873,5.229,6.898954703832771
2022-05-29,Sebring,4.584,4.919,5.214,-0.39113428943938766
2022-05-31,Sebring,4.564,4.923,5.256,-0.43630017452006564
2022-06-06,Sebring,4.763,5.08,5.391,4.360210341805426
2022-06-09,Sebring,4.76,5.076,5.417,-0.0629855133319368
2022-06-25,Sebring,4.645,5.013,5.322,-2.4159663865546244
2022-06-26,Sebring,4.612,4.995,5.288,-0.7104413347685523
2022-06-27,Sebring,4.612,4.995,5.288,0.0
2022-06-29,Sebring,4.557,4.944,5.245,-1.1925411968777055
2022-06-30,Sebring,4.547,4.954,5.259,-0.21944261575599366
2022-07-02,Sebring,4.51,4.901,5.219,-0.8137233340664185
2022-07-10,Sebring,4.325,4.75,5.047,-4.1019955654101885
2022-08-01,Sebring,3.734,4.228,4.636,-13.664739884393063
2022-09-22,Sebring,3.395,3.745,4.056,-9.078735940010707
2022-09-23,Sebring,3.358,3.778,4.007,-1.089837997054488
2022-09-27,Sebring,3.387,3.823,4.124,0.8636092912447824
2022-10-02,Sebring,3.292,3.706,3.956,-2.804842043106004
2022-10-03,Sebring,3.278,3.654,3.924,-0.42527339003644027
2022-10-04,Sebring,3.214,3.628,3.862,-1.9524100061012795
2022-11-05,Sebring,3.487,3.826,4.126,8.494088363410079
2022-11-10,Sebring,3.61,3.941,4.255,3.5273874390593596
2022-11-21,Sebring,3.482,3.797,4.112,-3.5457063711911263
2022-11-26,Sebring,3.439,3.815,4.14,-1.2349224583572682
2022-11-28,Sebring,3.436,3.815,4.152,-0.08723466123873314
2022-11-30,Sebring,3.416,3.825,4.104,-0.5820721769499437
2022-12-01,Sebring,3.407,3.785,4.13,-0.2634660421545587
2022-12-05,Sebring,3.333,3.694,4.034,-2.171998825946575
2022-12-07,Sebring,3.315,3.698,4.011,-0.5400540054005476
2022-12-08,Sebring,3.289,3.675,3.964,-0.7843137254901933
2022-12-10,Sebring,3.285,3.641,3.946,-0.12161751292185663
2023-01-19,Sebring,3.403,3.737,4.053,3.59208523592085
2023-03-23,Sebring,3.471,3.853,4.182,1.9982368498383751
2023-03-27,Sebring,3.409,3.79,4.132,-1.7862287525208909
2023-03-30,Sebring,3.492,3.891,4.153,2.4347315928424873
2023-04-02,Sebring,3.5,3.897,4.213,0.22909507445589838
2023-04-03,Sebring,3.504,3.885,4.183,0.11428571428571122
2023-05-15,Sebring,3.506,3.874,4.194,0.05707762557076723
2023-05-16,Sebring,3.499,3.834,4.186,-0.19965772960638395
2023-05-17,Sebring,3.492,3.87,4.186,-0.20005715918833822
2023-05-18,Sebring,3.476,3.9,4.23,-0.45819014891179677
2023-05-22,Sebring,3.416,3.745,4.134,-1.7261219792865323
2023-05-24,Sebring,3.404,3.746,4.101,-0.3512880562060894
2023-05-25,Sebring,3.391,3.783,4.103,-0.381903642773207
2023-05-26,Sebring,3.371,3.696,3.966,-0.5897965202005362
2023-05-30,Sebring,3.394,3.721,4.023,0.6822901216256394
2023-05-31,Sebring,3.398,3.714,4.079,0.11785503830288313
2023-06-01,Sebring,3.391,3.788,4.057,-0.20600353148911843
2023-06-06,Sebring,3.358,3.75,4.009,-0.973164258330872
2023-06-07,Sebring,3.339,3.717,4.027,-0.5658129839190007
2023-06-09,Sebring,3.36,3.802,4.033,0.6289308176100628
2023-06-10,Sebring,3.36,3.802,4.033,0.0
2023-06-13,Sebring,3.501,3.9,4.163,4.196428571428568
2023-06-14,Sebring,3.479,3.895,4.171,-0.6283918880319872
2023-06-16,Sebring,3.464,3.955,4.17,-0.43115837884449837
2023-06-23,Sebring,3.373,3.823,4.09,-2.6270207852193916
2023-07-04,Sebring,3.268,3.612,3.904,-3.1129558256744905
2023-11-11,Sebring,3.258,3.708,3.91,-0.3059975520195768
2023-11-29,Sebring,3.162,3.569,3.854,-2.946593001841624
2024-01-18,Sebring,3.084,3.442,3.819,-2.4667931688804545
2024-02-21,Sebring,3.332,3.712,4.058,8.041504539559007
2024-02-26,Sebring,3.331,3.737,4.044,-0.030012004801915904
2024-02-27,Sebring,3.324,3.768,4.016,-0.21014710297208028
2024-02-28,Sebring,3.36,3.794,4.045,1.0830324909747224
2024-03-01,Sebring,3.377,3.8,4.146,0.505952380952368
2024-03-02,Sebring,3.374,3.81,4.099,-0.08883624518802868
2024-03-04,Sebring,3.373,3.786,4.081,-0.029638411381149865
2024-03-05,Sebring,3.336,3.766,4.028,-1.0969463385710143
2024-04-11,Sebring,3.596,3.963,4.291,7.7937649880096105
2024-04-22,Sebring,3.606,3.988,4.373,0.2780867630700623
2024-04-23,Sebring,3.606,3.988,4.373,0.0
2024-05-06,Sebring,3.633,4.116,4.381,0.7487520798668879
2024-05-19,Sebring,3.446,3.82,4.1,-5.147261216625376
2024-05-24,Sebring,3.587,3.972,4.335,4.0917005223447545
2024-05-31,Sebring,3.511,3.916,4.196,-2.118762196821855
2024-06-03,Sebring,3.455,3.836,4.117,-1.5949871831387075
2024-06-12,Sebring,3.279,3.666,3.975,-5.094066570188138
2024-06-16,Sebring,3.222,3.597,3.917,-1.7383348581884728
2024-06-20,Sebring,3.348,3.804,4.095,3.910614525139655
2024-06-21,Sebring,3.348,3.804,4.095,0.0
2024-06-23,Sebring,3.371,3.789,4.165,0.6869772998805201
2024-06-29,Sebring,3.413,3.853,4.171,1.2459210916641927
2024-07-04,Sebring,3.545,3.932,4.183,3.867565191913269
2024-07-09,Sebring,3.528,3.963,4.239,-0.4795486600846277
2024-07-10,Sebring,3.528,3.963,4.239,0.0
2024-07-12,Sebring,3.563,3.96,4.262,0.9920634920634885
2024-07-18,Sebring,3.477,3.82,4.157,-2.4136963233230557
2024-07-22,Sebring,3.341,3.716,4.012,-3.9114178889847473
2024-07-24,Sebring,3.465,3.87,4.171,3.711463633642609
2024-07-25,Sebring,3.465,3.87,4.171,0.0
2024-08-01,Sebring,3.395,3.824,4.18,-2.020202020202011
2024-08-11,Sebring,3.339,3.719,4.053,-1.6494845360824795
2024-08-16,Sebring,3.346,3.764,4.114,0.20964360587001352
2024-08-17,Sebring,3.346,3.764,4.114,0.0
2024-08-18,Sebring,3.295,3.738,4.04,-1.5242080095636656
2024-08-19,Sebring,3.287,3.68,4.032,-0.24279210925645112
2024-08-20,Sebring,3.287,3.68,4.032,0.0
2024-09-07,Sebring,3.243,3.644,4.035,-1.3386066321874113
2024-09-09,Sebring,3.19,3.58,3.911,-1.634289238359543
2024-09-16,Sebring,3.125,3.553,3.835,-2.037617554858928
2024-09-19,Sebring,3.183,3.656,3.978,1.855999999999991
2024-09-21,Sebring,3.161,3.582,3.945,-0.6911718504555409
2024-09-23,Sebring,3.161,3.582,3.945,0.0
2024-09-24,Sebring,3.149,3.58,3.913,-0.3796267004112619
2024-09-25,Sebring,3.149,3.58,3.913,0.0
2024-09-26,Sebring,3.181,3.599,3.907,1.0161956176564013
2024-09-27,Sebring,3.192,3.64,3.963,0.34580320653883057
2024-10-01,Sebring,3.176,3.64,3.946,-0.5012531328320802
2024-10-02,Sebring,3.178,3.661,3.909,0.06297229219143219
2024-10-04,Sebring,3.159,3.619,3.939,-0.5978602894902485
2024-10-06,Sebring,3.164,3.585,3.926,0.15827793605571738
2024-10-09,Sebring,3.18,3.585,3.982,0.5056890012642201
2024-10-13,Sebring,3.166,3.573,3.883,-0.44025157232705503
2024-10-21,Sebring,3.147,3.55,3.878,-0.6001263423878744
2024-11-01,Sebring,3.088,3.55,3.857,-1.8748013981569667
2024-11-02,Sebring,3.088,3.55,3.857,0.0
2024-11-04,Sebring,3.031,3.421,3.777,-1.8458549222797882
2024-11-05,Sebring,3.09,3.506,3.909,1.9465522929726031
2024-11-06,Sebring,3.17,3.578,3.943,2.5889967637540368
2024-11-07,Sebring,3.166,3.598,3.936,-0.12618296529968154
2024-11-08,Sebring,3.162,3.615,3.925,-0.12634238787112562
2024-11-10,Sebring,3.126,3.605,3.892,-1.1385199240986688
2024-11-11,Sebring,3.108,3.583,3.882,-0.5758157389635254
2024-11-12,Sebring,3.09,3.507,3.859,-0.5791505791505891
2024-11-13,Sebring,3.067,3.523,3.9,-0.7443365695792736
2024-11-14,Sebring,3.033,3.516,3.845,-1.1085751548744804
2024-11-15,Sebring,3.081,3.596,3.941,1.5825914935707175
2024-11-16,Sebring,3.158,3.648,3.967,2.499188575137934
2024-11-17,Sebring,3.159,3.633,3.97,0.03166561114629207
2024-11-18,Sebring,3.157,3.599,3.927,-0.06331117442227585
2024-11-19,Sebring,3.127,3.609,3.933,-0.9502692429521731
2024-11-20,Sebring,3.091,3.566,3.909,-1.1512631915573945
2024-11-21,Sebring,3.054,3.543,3.812,-1.1970236169524529
2024-11-22,Sebring,3.031,3.445,3.843,-0.7531106745252036
2024-11-24,Sebring,3.135,3.658,3.888,3.4312108215110326
2024-11-25,Sebring,3.157,3.578,3.885,0.7017543859649145
2024-11-26,Sebring,3.152,3.607,3.888,-0.15837820715869366
2024-11-27,Sebring,3.154,3.607,3.905,0.06345177664974777
2024-11-28,Sebring,3.155,3.558,3.897,0.03170577045021883
2024-12-01,Sebring,3.134,3.531,3.923,-0.6656101426307459
2024-12-02,Sebring,3.13,3.537,3.874,-0.12763241863433805
2024-12-03,Sebring,3.102,3.529,3.844,-0.8945686900958427
2024-12-05,Sebring,3.039,3.451,3.793,-2.030947775628622
2024-12-06,Sebring,3.014,3.425,3.768,-0.8226390259954086
2024-12-07,Sebring,3.025,3.531,3.8,0.36496350364962904
2024-12-08,Sebring,3.116,3.607,3.884,3.0082644628099287
2024-12-09,Sebring,3.128,3.569,3.861,0.38510911424902705
2024-12-10,Sebring,3.141,3.562,3.861,0.4156010230178975
2024-12-11,Sebring,3.136,3.567,3.871,-0.15918497293855305
2024-12-12,Sebring,3.103,3.532,3.816,-1.0522959183673408
2024-12-13,Sebring,3.083,3.481,3.807,-0.6445375443119516
2024-12-16,Sebring,3.155,3.578,3.855,2.3353876094712733
2024-12-17,Sebring,3.158,3.575,3.863,0.09508716323296529
2024-12-18,Sebring,3.149,3.57,3.864,-0.28499050031665085
2024-12-19,Sebring,3.125,3.581,3.849,-0.7621467132422954
2024-12-20,Sebring,3.11,3.535,3.799,-0.48000000000000265
2024-12-23,Sebring,3.061,3.453,3.745,-1.5755627009646278
2024-12-24,Sebring,3.104,3.601,3.821,1.4047696831100964
2024-12-27,Sebring,3.134,3.542,3.824,0.9664948453608213
2024-12-28,Sebring,3.118,3.547,3.787,-0.51052967453733
2024-12-29,Sebring,3.119,3.531,3.793,0.03207184092368642
2024-12-30,Sebring,3.109,3.514,3.762,-0.320615581917294
2025-01-01,Sebring,3.119,3.593,3.85,0.32164683177871023
2025-01-02,Sebring,3.141,3.624,3.858,0.7053542802180068
2025-01-03,Sebring,3.16,3.6,3.863,0.6049028971665038
2025-01-05,Sebring,3.138,3.564,3.864,-0.6962025316455733
2025-01-06,Sebring,3.125,3.553,3.83,-0.4142766093052863
2025-01-07,Sebring,3.119,3.517,3.833,-0.19199999999999218
2025-01-08,Sebring,3.098,3.488,3.833,-0.6732927220262974
2025-01-09,Sebring,3.11,3.526,3.856,0.3873466752743804
2025-01-11,Sebring,3.15,3.623,3.87,1.2861736334405238
2025-01-13,Sebring,3.125,3.528,3.82,-0.7936507936507908
2025-01-14,Sebring,3.161,3.618,3.896,1.1519999999999975
2025-01-15,Sebring,3.244,3.671,3.912,2.62575134451124
2025-01-16,Sebring,3.257,3.679,3.909,0.40073982737360847
2025-01-17,Sebring,3.248,3.709,3.927,-0.2763279091188231
2025-01-18,Sebring,3.239,3.67,3.886,-0.2770935960591192
2025-01-19,Sebring,3.222,3.636,3.871,-0.5248533497993146
2025-01-20,Sebring,3.22,3.622,3.877,-0.062073246430782714
2025-01-21,Sebring,3.216,3.636,3.907,-0.1242236024844745
2025-01-23,Sebring,3.184,3.591,3.876,-0.995024875621886
2025-01-24,Sebring,3.206,3.632,3.927,0.6909547738693345
2025-01-26,Sebring,3.242,3.643,3.949,1.1228945726762252
2025-01-27,Sebring,3.241,3.639,3.956,-0.030845157310299687
2025-01-28,Sebring,3.232,3.639,3.965,-0.2776920703486563
2025-01-30,Sebring,3.167,3.571,3.889,-2.0111386138613963
2025-02-01,Sebring,3.125,3.551,3.923,-1.3261761919797888
2025-02-02,Sebring,3.104,3.49,3.858,-0.6719999999999948
2025-02-03,Sebring,3.089,3.472,3.795,-0.48324742268042176
2025-02-04,Sebring,3.169,3.633,3.945,2.589834898025245
2025-02-06,Sebring,3.269,3.676,3.964,3.1555695803092476
2025-02-07,Sebring,3.269,3.676,3.964,0.0
2025-02-09,Sebring,3.227,3.617,3.906,-1.2847965738758127
2025-02-10,Sebring,3.217,3.648,3.867,-0.30988534242329946
2025-02-11,Sebring,3.191,3.661,3.913,-0.8082064034815151
2025-02-12,Sebring,3.184,3.646,3.925,-0.2193669696019973
2025-02-13,Sebring,3.166,3.614,3.938,-0.5653266331658413
2025-02-15,Sebring,3.119,3.553,3.853,-1.484523057485776
2025-02-16,Sebring,3.105,3.521,3.829,-0.4488618146841983
2025-02-17,Sebring,3.091,3.51,3.773,-0.45088566827696797
2025-02-18,Sebring,3.127,3.59,3.88,1.1646716273050695
2025-02-19,Sebring,3.18,3.593,3.926,1.6949152542373058
2025-02-20,Sebring,3.177,3.614,3.91,-0.09433962264151496
2025-02-21,Sebring,3.173,3.604,3.928,-0.12590494176896172
2025-02-22,Sebring,3.159,3.603,3.948,-0.4412228175228572
2025-02-23,Sebring,3.157,3.566,3.886,-0.06331117442227585
2025-02-25,Sebring,3.149,3.618,3.875,-0.25340513145390986
2025-02-26,Sebring,3.181,3.621,3.901,1.0161956176564013
2025-02-27,Sebring,3.174,3.593,3.897,-0.22005658597925581
2025-02-28,Sebring,3.177,3.616,3.896,0.0945179584121103
2025-03-01,Sebring,3.15,3.585,3.858,-0.8498583569405138
2025-03-02,Sebring,3.134,3.542,3.829,-0.5079365079365128
2025-03-03,Sebring,3.133,3.512,3.809,-0.03190810465858451
2025-03-04,Sebring,3.108,3.481,3.785,-0.7979572294924964
2025-03-06,Sebring,3.168,3.574,3.905,1.9305019305019266
2025-03-07,Sebring,3.168,3.588,3.889,0.0
2025-03-08,Sebring,3.158,3.579,3.84,-0.31565656565657463
2025-03-09,Sebring,3.143,3.57,3.842,-0.4749841671944255
2025-03-10,Sebring,3.144,3.534,3.837,0.03181673560292975
2025-03-11,Sebring,3.132,3.51,3.809,-0.3816793893129722
2025-03-12,Sebring,3.112,3.491,3.805,-0.6385696040868472
2025-03-13,Sebring,3.09,3.49,3.826,-0.7069408740359995
2025-03-14,Sebring,3.119,3.554,3.872,0.9385113268608469
2025-03-15,Sebring,3.162,3.585,3.893,1.3786470022443043
2025-03-16,Sebring,3.142,3.581,3.861,-0.6325110689437086
2025-03-17,Sebring,3.141,3.599,3.832,-0.03182686187142014
2025-03-18,Sebring,3.131,3.589,3.824,-0.3183699458771172
2025-03-19,Sebring,3.105,3.519,3.788,-0.8304056212072752
2025-03-20,Sebring,3.074,3.518,3.775,-0.998389694041868
2025-03-21,Sebring,3.05,3.5,3.8,-0.7807417046193921
2025-03-22,Sebring,3.022,3.443,3.746,-0.9180327868852478
2025-03-24,Sebring,2.972,3.42,3.709,-1.6545334215751106
2025-03-25,Sebring,3.075,3.523,3.795,3.4656796769852116
2025-03-26,Sebring,3.123,3.541,3.846,1.560975609756099
2025-03-27,Sebring,3.173,3.636,3.908,1.6010246557796926
2025-03-28,Sebring,3.175,3.615,3.892,0.06303183107467802
2025-03-29,Sebring,3.164,3.587,3.909,-0.3464566929133772
2025-03-30,Sebring,3.15,3.579,3.871,-0.4424778761062065
2025-03-31,Sebring,3.133,3.575,3.813,-0.53968253968254
2025-04-02,Sebring,3.182,3.634,3.894,1.5639961698052929
2025-04-03,Sebring,3.266,3.699,3.959,2.6398491514770583
2025-04-04,Sebring,3.268,3.739,3.989,0.061236987140222965
2025-04-05,Sebring,3.254,3.671,3.988,-0.4283965728274164
2025-04-06,Sebring,3.241,3.642,3.968,-0.39950829748002237
2025-04-07,Sebring,3.226,3.623,3.912,-0.4628201172477642
2025-04-08,Sebring,3.226,3.62,3.971,0.0
2025-04-09,Sebring,3.228,3.628,4.012,0.061996280223186595
2025-04-10,Sebring,3.225,3.637,3.956,-0.09293680297398632
2025-04-11,Sebring,3.223,3.642,3.903,-0.06201550387597843
2025-04-12,Sebring,3.223,3.618,3.916,0.0
2025-04-13,Sebring,3.21,3.626,3.907,-0.40335091529630773
2025-04-14,Sebring,3.207,3.634,3.879,-0.09345794392523477
2025-04-15,Sebring,3.168,3.586,3.878,-1.2160898035547096
2025-04-16,Sebring,3.155,3.551,3.895,-0.410353535353547
2025-04-17,Sebring,3.122,3.55,3.86,-1.045958795562596
2025-04-18,Sebring,3.099,3.53,3.811,-0.7367072389493856
2025-04-19,Sebring,3.074,3.517,3.776,-0.8067118425298614
2025-04-20,Sebring,3.058,3.472,3.749,-0.5204944697462577
2025-04-21,Sebring,3.05,3.447,3.704,-0.2616088947024253
2025-04-22,Sebring,3.1,3.511,3.865,1.6393442622950838
2025-04-23,Sebring,3.16,3.541,3.877,1.9354838709677358
2025-04-24,Sebring,3.162,3.604,3.872,0.06329113924050667
2025-04-25,Sebring,3.154,3.56,3.854,-0.25300442757748565
2025-04-26,Sebring,3.104,3.523,3.837,-1.5852885225110969
2025-04-27,Sebring,3.085,3.45,3.778,-0.6121134020618646
2025-04-28,Sebring,3.08,3.45,3.799,-0.16207455429497752
2025-04-29,Sebring,3.038,3.437,3.81,-1.3636363636363669
2025-04-30,Sebring,3.154,3.531,3.895,3.8183015141540544
2025-05-01,Sebring,3.232,3.615,3.953,2.473050095117313
2025-05-02,Sebring,3.206,3.656,3.934,-0.8044554455445607
2025-05-03,Sebring,3.181,3.607,3.852,-0.7797878976918304
2025-05-04,Sebring,3.167,3.587,3.865,-0.44011317195851163
2025-05-05,Sebring,3.15,3.544,3.88,-0.5367856015156325
2025-05-06,Sebring,3.111,3.488,3.806,-1.238095238095227
2025-05-07,Sebring,3.079,3.476,3.762,-1.0286081645773049
2025-05-08,Sebring,3.049,3.473,3.76,-0.9743423189347289
2025-05-09,Sebring,3.015,3.481,3.715,-1.1151197113807743
2025-05-10,Sebring,3.005,3.456,3.646,-0.3316749585406398
2025-05-11,Sebring,2.984,3.37,3.642,-0.6988352745424309
2025-05-12,Sebring,2.967,3.317,3.603,-0.5697050938337722
2025-05-13,Sebring,3.064,3.515,3.754,3.2692955847657634
2025-05-14,Sebring,3.173,3.576,3.781,3.5574412532637156
2025-05-15,Sebring,3.161,3.583,3.849,-0.37819098644815696
2025-05-16,Sebring,3.147,3.583,3.856,-0.44289781714648147
2025-05-17,Sebring,3.123,3.523,3.835,-0.7626310772163802
2025-05-18,Sebring,3.098,3.519,3.825,-0.8005123278898574
2025-05-19,Sebring,3.084,3.462,3.768,-0.4519044544867623
2025-05-20,Sebring,3.079,3.451,3.762,-0.1621271076523989
2025-05-21,Sebring,3.108,3.572,3.841,0.9418642416368916
2025-05-22,Sebring,3.17,3.596,3.861,1.9948519948519872
2025-05-23,Sebring,3.156,3.596,3.866,-0.44164037854889093
2025-05-24,Sebring,3.126,3.532,3.852,-0.9505703422053258
2025-05-25,Sebring,3.09,3.486,3.799,-1.151631477927062
2025-05-26,Sebring,3.073,3.484,3.752,-0.5501618122977336
2025-05-27,Sebring,3.057,3.491,3.753,-0.520663846404168
2025-05-28,Sebring,3.042,3.489,3.723,-0.4906771344455385
2025-05-29,Sebring,3.08,3.536,3.826,1.2491781722550943
2025-05-30,Sebring,3.171,3.595,3.904,2.954545454545454
2025-05-31,Sebring,3.167,3.571,3.917,-0.1261431725007922
2025-06-01,Sebring,3.156,3.55,3.91,-0.347331859804223
2025-06-02,Sebring,3.146,3.555,3.883,-0.3168567807351197
2025-06-03,Sebring,3.112,3.511,3.845,-1.0807374443738027
2025-06-04,Sebring,3.089,3.502,3.867,-0.7390745501285378
2025-06-05,Sebring,3.113,3.551,3.91,0.776950469407578
2025-06-07,Sebring,3.154,3.586,3.868,1.3170575008030871
2025-06-08,Sebring,3.145,3.562,3.923,-0.28535193405199166
2025-06-09,Sebring,3.133,3.552,3.904,-0.3815580286168574
2025-06-10,Sebring,3.114,3.522,3.825,-0.6064474944143083
2025-06-11,Sebring,3.084,3.516,3.767,-0.9633911368015391
2025-06-13,Sebring,3.019,3.424,3.758,-2.107652399481197
2025-06-14,Sebring,2.975,3.366,3.69,-1.4574362371646221
2025-06-15,Sebring,2.974,3.375,3.666,-0.03361344537814448
2025-06-16,Sebring,2.961,3.356,3.644,-0.43712172158709706
2025-06-17,Sebring,3.081,3.513,3.832,4.052684903748727
2025-06-18,Sebring,3.162,3.583,3.863,2.629016553067176
2025-06-19,Sebring,3.189,3.616,3.91,0.8538899430740043
2025-06-20,Sebring,3.176,3.596,3.89,-0.40765130134837735
2025-06-21,Sebring,3.152,3.581,3.878,-0.7556675062972307
2025-06-22,Sebring,3.132,3.559,3.892,-0.6345177664974666
2025-06-23,Sebring,3.113,3.531,3.83,-0.606641123882512
2025-06-24,Sebring,3.086,3.507,3.801,-0.867330549309353
2025-06-25,Sebring,3.078,3.487,3.847,-0.25923525599481634
2025-06-26,Sebring,3.042,3.473,3.829,-1.1695906432748537
2025-06-27,Sebring,3.016,3.448,3.778,-0.8547008547008517
2025-06-28,Sebring,2.995,3.414,3.753,-0.6962864721485329
2025-06-29,Sebring,2.975,3.412,3.731,-0.6677796327211993
2025-06-30,Sebring,2.947,3.363,3.704,-0.9411764705882342
2025-07-01,Sebring,3.046,3.477,3.794,3.359348489989822
2025-07-02,Sebring,3.151,3.546,3.903,3.447143795141172
2025-07-03,Sebring,3.158,3.587,3.916,0.22215169787369593
2025-07-04,Sebring,3.147,3.556,3.887,-0.3483217226092461
2025-07-05,Sebring,3.136,3.584,3.87,-0.3495392437241729
2025-07-06,Sebring,3.13,3.597,3.819,-0.1913265306122569
2025-07-07,Sebring,3.133,3.58,3.848,0.0958466453674145
2025-07-08,Sebring,3.117,3.559,3.863,-0.5106926268751977
2025-07-09,Sebring,3.099,3.522,3.842,-0.5774783445620768
2025-07-10,Sebring,3.079,3.483,3.822,-0.6453694740238825
2025-07-11,Sebring,3.06,3.46,3.824,-0.6170834686586635
2025-07-12,Sebring,3.029,3.434,3.765,-1.013071895424844
2025-07-13,Sebring,3.017,3.42,3.747,-0.3961703532519012
2025-07-14,Sebring,3.006,3.385,3.704,-0.3646005966191579
2025-07-15,Sebring,2.998,3.366,3.723,-0.26613439787090964
2025-07-16,Sebring,3.093,3.497,3.882,3.168779186124082
2025-07-17,Sebring,3.159,3.57,3.945,2.133850630455858
2025-07-18,Sebring,3.158,3.605,3.924,-0.03165558721114348
2025-07-19,Sebring,3.132,3.55,3.875,-0.8233058898036716
2025-07-20,Sebring,3.108,3.511,3.859,-0.7662835249042099
2025-07-21,Sebring,3.096,3.466,3.743,-0.38610038610038533
2025-07-22,Sebring,3.068,3.488,3.747,-0.9043927648578864
2025-07-23,Sebring,3.045,3.458,3.77,-0.7496740547588088
2025-07-24,Sebring,3.083,3.521,3.853,1.2479474548440228
2025-07-25,Sebring,3.16,3.577,3.888,2.497567304573467
2025-07-26,Sebring,3.136,3.558,3.905,-0.75949367088608
2025-07-27,Sebring,3.126,3.521,3.849,-0.3188775510204134
2025-07-28,Sebring,3.114,3.484,3.816,-0.38387715930902067
2025-07-29,Sebring,3.068,3.434,3.776,-1.4771997430956918
2025-07-30,Sebring,3.04,3.436,3.736,-0.9126466753585416
2025-07-31,Sebring,3.021,3.414,3.713,-0.6250000000000089
2025-08-01,Sebring,3.006,3.394,3.701,-0.49652432969216065
2025-08-02,Sebring,2.994,3.387,3.734,-0.39920159680637557
2025-08-03,Sebring,2.979,3.35,3.729,-0.5010020040080221
2025-08-04,Sebring,2.956,3.363,3.645,-0.7720711648204093
2025-08-05,Sebring,3.077,3.577,3.851,4.093369418132609
2025-08-06,Sebring,3.188,3.587,3.886,3.6074098147546474
2025-08-07,Sebring,3.169,3.552,3.903,-0.5959849435382747
2025-08-08,Sebring,3.146,3.56,3.912,-0.7257810034711265
2025-08-09,Sebring,3.111,3.538,3.887,-1.1125238397965531
2025-08-10,Sebring,3.105,3.56,3.85,-0.192864030858253
2025-08-11,Sebring,3.093,3.54,3.78,-0.38647342995169476
2025-08-12,Sebring,3.067,3.48,3.792,-0.8406078241189774
2025-08-13,Sebring,3.117,3.562,3.86,1.630257580697747
2025-08-14,Sebring,3.166,3.621,3.919,1.5720243824189906
2025-08-15,Sebring,3.165,3.615,3.918,-0.03158559696777585
2025-08-16,Sebring,3.136,3.565,3.899,-0.9162717219589278
2025-08-17,Sebring,3.116,3.536,3.841,-0.6377551020408156
2025-08-18,Sebring,3.106,3.522,3.811,-0.3209242618742003
2025-08-19,Sebring,3.081,3.5,3.838,-0.8048937540244605
2025-08-20,Sebring,3.063,3.467,3.848,-0.5842259006815897
2025-08-21,Sebring,3.041,3.451,3.804,-0.7182500816193316
2025-08-22,Sebring,3.024,3.436,3.749,-0.5590266359750018
2025-08-23,Sebring,2.995,3.4,3.686,-0.9589947089947093
2025-08-24,Sebring,2.986,3.408,3.718,-0.3005008347245375
2025-08-25,Sebring,2.986,3.401,3.689,0.0
2025-08-26,Sebring,3.075,3.498,3.803,2.9805760214333565
2025-08-27,Sebring,3.149,3.548,3.866,2.4065040650406377
2025-08-28,Sebring,3.149,3.581,3.902,0.0
2025-08-29,Sebring,3.127,3.532,3.883,-0.6986344871387828
2025-08-30,Sebring,3.105,3.53,3.832,-0.7035497281739578
2025-08-31,Sebring,3.094,3.541,3.772,-0.35426731078905815
2025-09-01,Sebring,3.08,3.516,3.77,-0.4524886877828038
2025-09-02,Sebring,3.056,3.478,3.754,-0.7792207792207795
2025-09-03,Sebring,3.109,3.56,3.84,1.7342931937172734
2025-09-04,Sebring,3.161,3.611,3.903,1.672563525249271
2025-09-05,Sebring,3.156,3.587,3.891,-0.15817779183802116
2025-09-06,Sebring,3.153,3.555,3.861,-0.09505703422053591
2025-09-07,Sebring,3.133,3.563,3.868,-0.634316523945444
2025-09-08,Sebring,3.123,3.549,3.841,-0.31918289179698744
2025-09-09,Sebring,3.098,3.515,3.849,-0.8005123278898574
2025-09-10,Sebring,3.08,3.532,3.837,-0.5810200129115484
2025-09-11,Sebring,3.045,3.529,3.825,-1.1363636363636465
2025-09-12,Sebring,3.024,3.449,3.812,-0.6896551724137945
2025-09-13,Sebring,2.995,3.423,3.776,-0.9589947089947093
2025-09-14,Sebring,2.984,3.427,3.752,-0.36727879799666185
2025-09-15,Sebring,2.963,3.356,3.724,-0.7037533512064265
2025-09-16,Sebring,3.098,3.506,3.881,4.556193047586898
2025-09-17,Sebring,3.234,3.682,4.035,4.389928986442881
2025-09-18,Sebring,3.24,3.69,4.042,0.18552875695734272
2025-09-19,Sebring,3.212,3.671,4.004,-0.8641975308641969
2025-09-20,Sebring,3.186,3.626,3.975,-0.8094645080946483
2025-09-21,Sebring,3.15,3.576,3.912,-1.1299435028248594
2025-09-22,Sebring,3.116,3.545,3.845,-1.0793650793650689
2025-09-23,Sebring,3.083,3.531,3.835,-1.0590500641848521
2025-09-24,Sebring,3.059,3.523,3.865,-0.7784625364904318
2025-09-25,Sebring,3.05,3.527,3.831,-0.2942137953579671
2025-09-26,Sebring,3.012,3.47,3.76,-1.2459016393442601
2025-09-27,Sebring,2.973,3.381,3.732,-1.294820717131484
2025-09-28,Sebring,2.943,3.369,3.676,-1.0090817356205761
2025-09-29,Sebring,2.939,3.396,3.65,-0.13591573224600584
2025-09-30,Sebring,3.051,3.552,3.864,3.810820006805038
2025-10-01,Sebring,3.13,3.561,3.906,2.5893149786955005
2025-10-02,Sebring,3.149,3.596,3.898,0.6070287539936103
2025-10-03,Sebring,3.119,3.581,3.861,-0.9526833915528665
2025-10-04,Sebring,3.086,3.507,3.832,-1.0580314203270436
2025-10-05,Sebring,3.071,3.461,3.826,-0.48606610499026814
2025-10-06,Sebring,3.072,3.476,3.795,0.03256268316509381
2025-10-07,Sebring,3.025,3.421,3.739,-1.529947916666674
2025-10-08,Sebring,3.0,3.387,3.706,-0.8264462809917328
2025-10-09,Sebring,3.014,3.425,3.772,0.4666666666666597
2025-10-10,Sebring,2.961,3.381,3.731,-1.7584605175846035
2025-10-11,Sebring,2.94,3.414,3.694,-0.7092198581560294
2025-10-12,Sebring,2.925,3.379,3.625,-0.5102040816326592
2025-10-13,Sebring,2.916,3.321,3.633,-0.3076923076923088
2025-10-14,Sebring,2.942,3.36,3.7,0.8916323731138709
2025-10-15,Sebring,2.973,3.398,3.72,1.0537049626104578
2025-10-16,Sebring,2.97,3.398,3.689,-0.10090817356204207
2025-10-17,Sebring,2.958,3.343,3.652,-0.40404040404040664
2025-10-18,Sebring,2.929,3.328,3.691,-0.9803921568627527
2025-10-19,Sebring,2.896,3.305,3.665,-1.1266643905769813
2025-10-20,Sebring,2.898,3.29,3.666,0.06906077348067807
2025-10-21,Sebring,2.864,3.234,3.596,-1.1732229123533555
2025-10-22,Sebring,2.904,3.321,3.695,1.3966480446927276
2025-10-23,Sebring,2.962,3.373,3.73,1.9972451790633672
2025-10-24,Sebring,2.969,3.363,3.759,0.23632680621201718
2025-10-25,Sebring,2.954,3.362,3.715,-0.5052206130010006
2025-10-26,Sebring,2.933,3.36,3.664,-0.7109004739336622
2025-10-27,Sebring,2.923,3.406,3.644,-0.34094783498124226
2025-10-28,Sebring,2.889,3.358,3.61,-1.163188504960666
2025-11-01,Sebring,2.994,3.365,3.698,3.6344755970924236
2025-11-03,Sebring,2.999,3.408,3.691,0.16700066800265922
2025-11-07,Sebring,2.907,3.295,3.677,-3.0676892297432534
2025-11-08,Sebring,2.881,3.319,3.634,-0.8943928448572502
2025-11-09,Sebring,2.85,3.297,3.606,-1.0760152724748284
2025-11-11,Sebring,2.892,3.378,3.666,1.473684210526316
2025-11-14,Sebring,2.95,3.382,3.73,2.0055325034578297
2025-11-15,Sebring,2.933,3.326,3.643,-0.5762711864406911
2025-11-16,Sebring,2.919,3.325,3.623,-0.4773269689737347
2025-11-17,Sebring,2.903,3.314,3.611,-0.5481329222336462
2025-11-21,Sebring,3.142,3.61,3.933,8.232862555976572
2025-11-24,Sebring,3.131,3.571,3.912,-0.35009548058562157
2025-12-02,Sebring,3.0,3.496,3.788,-4.18396678377515
2025-12-04,Sebring,2.971,3.477,3.746,-0.9666666666666601
2025-12-11,Sebring,2.83,3.295,3.612,-4.7458768091551695
2025-12-17,Sebring,2.84,3.268,3.64,0.35335689045936647
2025-12-22,Sebring,2.884,3.315,3.69,1.5492957746478853
2025-12-23,Sebring,2.834,3.312,3.66,-1.7337031900138689
2025-12-26,Sebring,2.785,3.215,3.579,-1.7290049400141116
2025-12-27,Sebring,2.752,3.208,3.512,-1.1849192100538697
2025-12-29,Sebring,2.735,3.195,3.542,-0.6177325581395277
2025-12-30,Sebring,2.765,3.263,3.608,1.0968921389396868
2022-01-28,Tallahassee,3.256,3.598,3.929,
2022-01-28,Tallahassee,3.256,3.598,3.929,0.0
2022-03-07,Tallahassee,4.0,4.232,4.589,22.850122850122865
2022-03-07,Tallahassee,4.0,4.232,4.589,0.0
2022-03-08,Tallahassee,4.0,4.232,4.589,0.0
2022-03-08,Tallahassee,4.0,4.232,4.589,0.0
2022-03-22,Tallahassee,4.088,4.437,4.801,2.200000000000002
2022-03-22,Tallahassee,4.088,4.437,4.801,0.0
2022-04-01,Tallahassee,4.115,4.471,4.775,0.6604696673189858
2022-04-01,Tallahassee,4.115,4.471,4.775,0.0
2022-04-14,Tallahassee,3.947,4.315,4.681,-4.082624544349944
2022-04-19,Tallahassee,3.999,4.352,4.719,1.317456295920949
2022-05-11,Tallahassee,4.302,4.613,4.992,7.5768942235558745
2022-05-25,Tallahassee,4.499,4.819,5.197,4.579265457926551
2022-05-29,Tallahassee,4.499,4.826,5.208,0.0
2022-05-31,Tallahassee,4.5,4.82,5.208,0.022227161591481526
2022-06-06,Tallahassee,4.658,4.928,5.338,3.5111111111111093
2022-06-09,Tallahassee,4.749,5.037,5.421,1.9536281665951005
2022-06-25,Tallahassee,4.699,5.04,5.443,-1.0528532322594208
2022-06-26,Tallahassee,4.691,5.028,5.418,-0.17024898914662634
2022-06-27,Tallahassee,4.691,5.028,5.418,0.0
2022-06-29,Tallahassee,4.655,5.016,5.409,-0.7674269878490625
2022-06-30,Tallahassee,4.639,4.99,5.376,-0.34371643394199847
2022-07-02,Tallahassee,4.593,4.944,5.34,-0.9915930157361585
2022-07-10,Tallahassee,4.433,4.834,5.22,-3.483561942085789
2022-08-01,Tallahassee,3.956,4.405,4.773,-10.76020753440108
2022-09-22,Tallahassee,3.489,3.887,4.27,-11.804853387259861
2022-09-23,Tallahassee,3.473,3.841,4.206,-0.45858412152479655
2022-09-27,Tallahassee,3.471,3.848,4.252,-0.05758710048948679
2022-10-02,Tallahassee,3.281,3.684,4.076,-5.473926822241426
2022-10-03,Tallahassee,3.238,3.672,4.043,-1.3105760438890668
2022-10-04,Tallahassee,3.217,3.635,4.031,-0.6485484867201907
2022-11-05,Tallahassee,3.494,3.845,4.252,8.610506683245255
2022-11-10,Tallahassee,3.544,3.902,4.321,1.431024613623344
2022-11-21,Tallahassee,3.444,3.831,4.211,-2.8216704288939076
2022-11-26,Tallahassee,3.362,3.707,4.099,-2.3809523809523725
2022-11-28,Tallahassee,3.348,3.732,4.153,-0.41641879833432816
2022-11-30,Tallahassee,3.337,3.707,4.108,-0.3285543608124164
2022-12-01,Tallahassee,3.323,3.707,4.091,-0.4195385076416036
2022-12-05,Tallahassee,3.266,3.629,4.05,-1.7153174842010177
2022-12-07,Tallahassee,3.252,3.609,4.046,-0.42865890998163847
2022-12-08,Tallahassee,3.227,3.607,3.99,-0.7687576875768709
2022-12-10,Tallahassee,3.215,3.598,3.923,-0.3718624109079638
2023-01-19,Tallahassee,3.366,3.739,4.116,4.6967340590979845
2023-03-23,Tallahassee,3.332,3.711,4.122,-1.0101010101010166
2023-03-27,Tallahassee,3.322,3.677,4.1,-0.30012004801920344
2023-03-30,Tallahassee,3.366,3.755,4.161,1.324503311258285
2023-04-02,Tallahassee,3.382,3.759,4.168,0.4753416518122444
2023-04-03,Tallahassee,3.382,3.754,4.15,0.0
2023-05-15,Tallahassee,3.373,3.702,4.144,-0.2661147250147766
2023-05-16,Tallahassee,3.352,3.691,4.106,-0.6225911651349003
2023-05-17,Tallahassee,3.348,3.689,4.077,-0.11933174224343368
2023-05-18,Tallahassee,3.34,3.697,4.085,-0.2389486260453988
2023-05-22,Tallahassee,3.323,3.675,4.071,-0.5089820359281405
2023-05-24,Tallahassee,3.389,3.782,4.183,1.9861570869696088
2023-05-25,Tallahassee,3.404,3.789,4.179,0.4426084390675822
2023-05-26,Tallahassee,3.389,3.681,4.105,-0.4406580493537038
2023-05-30,Tallahassee,3.421,3.773,4.182,0.9442313366774924
2023-05-31,Tallahassee,3.42,3.826,4.189,-0.029231218941827564
2023-06-01,Tallahassee,3.426,3.795,4.199,0.17543859649122862
2023-06-06,Tallahassee,3.358,3.719,4.143,-1.9848219497956787
2023-06-07,Tallahassee,3.352,3.713,4.133,-0.17867778439547566
2023-06-09,Tallahassee,3.394,3.801,4.183,1.252983293556098
2023-06-10,Tallahassee,3.394,3.801,4.183,0.0
2023-06-13,Tallahassee,3.419,3.779,4.18,0.7365939893930529
2023-06-14,Tallahassee,3.412,3.805,4.179,-0.20473822755191495
2023-06-16,Tallahassee,3.405,3.778,4.163,-0.2051582649472472
2023-06-23,Tallahassee,3.394,3.761,4.178,-0.3230543318648915
2023-07-04,Tallahassee,3.36,3.756,4.154,-1.001767825574551
2023-11-11,Tallahassee,3.254,3.67,4.069,-3.1547619047619047
2023-11-29,Tallahassee,3.12,3.578,3.927,-4.118008604794099
2024-01-18,Tallahassee,2.974,3.411,3.788,-4.6794871794871735
2024-02-21,Tallahassee,3.293,3.728,4.101,10.726294552790861
2024-02-26,Tallahassee,3.277,3.672,4.046,-0.4858791375645266
2024-02-27,Tallahassee,3.278,3.678,4.054,0.030515715593537607
2024-02-28,Tallahassee,3.289,3.695,4.056,0.3355704697986628
2024-03-01,Tallahassee,3.297,3.723,4.091,0.24323502584371326
2024-03-02,Tallahassee,3.289,3.707,4.07,-0.24264482863208814
2024-03-04,Tallahassee,3.287,3.699,4.075,-0.06080875646093942
2024-03-05,Tallahassee,3.287,3.695,4.063,0.0
2024-04-11,Tallahassee,3.456,3.9,4.285,5.141466382719817
2024-04-22,Tallahassee,3.5,3.885,4.286,1.27314814814814
2024-04-23,Tallahassee,3.5,3.885,4.286,0.0
2024-05-06,Tallahassee,3.532,3.935,4.312,0.9142857142857119
2024-05-19,Tallahassee,3.461,3.882,4.282,-2.0101925254813136
2024-05-24,Tallahassee,3.451,3.866,4.246,-0.28893383415197205
2024-05-31,Tallahassee,3.426,3.849,4.241,-0.7244277021153267
2024-06-03,Tallahassee,3.408,3.796,4.207,-0.5253940455341555
2024-06-12,Tallahassee,3.32,3.739,4.173,-2.5821596244131495
2024-06-16,Tallahassee,3.317,3.727,4.162,-0.09036144578312699
2024-06-20,Tallahassee,3.344,3.772,4.163,0.8139885438649186
2024-06-21,Tallahassee,3.344,3.772,4.163,0.0
2024-06-23,Tallahassee,3.353,3.774,4.182,0.2691387559808689
2024-06-29,Tallahassee,3.381,3.813,4.199,0.8350730688935215
2024-07-04,Tallahassee,3.426,3.838,4.265,1.3309671694764935
2024-07-09,Tallahassee,3.468,3.882,4.274,1.2259194395796813
2024-07-10,Tallahassee,3.468,3.882,4.274,0.0
2024-07-12,Tallahassee,3.476,3.894,4.297,0.23068050749712743
2024-07-18,Tallahassee,3.462,3.872,4.296,-0.4027617951668505
2024-07-22,Tallahassee,3.449,3.855,4.259,-0.37550548815714624
2024-07-24,Tallahassee,3.451,3.88,4.283,0.05798782255725943
2024-07-25,Tallahassee,3.451,3.88,4.283,0.0
2024-08-01,Tallahassee,3.413,3.829,4.26,-1.101130107215309
2024-08-11,Tallahassee,3.374,3.776,4.191,-1.1426897157925442
2024-08-16,Tallahassee,3.365,3.772,4.196,-0.2667457024303488
2024-08-17,Tallahassee,3.365,3.772,4.196,0.0
2024-08-18,Tallahassee,3.36,3.774,4.169,-0.14858841010402246
2024-08-19,Tallahassee,3.358,3.765,4.178,-0.05952380952379821
2024-08-20,Tallahassee,3.358,3.765,4.178,0.0
2024-09-07,Tallahassee,3.233,3.65,4.07,-3.7224538415723596
2024-09-09,Tallahassee,3.183,3.579,3.995,-1.5465511908444252
2024-09-16,Tallahassee,3.067,3.49,3.889,-3.6443606660383154
2024-09-19,Tallahassee,3.046,3.489,3.9,-0.684708183893068
2024-09-21,Tallahassee,3.041,3.483,3.915,-0.16414970453052513
2024-09-23,Tallahassee,3.041,3.483,3.915,0.0
2024-09-24,Tallahassee,3.046,3.518,3.945,0.16441959881616786
2024-09-25,Tallahassee,3.046,3.518,3.945,0.0
2024-09-26,Tallahassee,3.049,3.53,3.954,0.0984898227183173
2024-09-27,Tallahassee,3.045,3.509,3.936,-0.13119055428009174
2024-10-01,Tallahassee,3.037,3.489,3.888,-0.2627257799671545
2024-10-02,Tallahassee,3.03,3.478,3.887,-0.23049061573922058
2024-10-04,Tallahassee,3.024,3.478,3.892,-0.1980198019801871
2024-10-06,Tallahassee,3.018,3.472,3.881,-0.1984126984127088
2024-10-09,Tallahassee,3.028,3.476,3.91,0.3313452617627721
2024-10-13,Tallahassee,3.028,3.47,3.898,0.0
2024-10-21,Tallahassee,3.055,3.495,3.916,0.8916776750330202
2024-11-01,Tallahassee,3.016,3.487,3.891,-1.276595744680853
2024-11-02,Tallahassee,3.016,3.487,3.891,0.0
2024-11-04,Tallahassee,3.004,3.464,3.875,-0.3978779840848823
2024-11-05,Tallahassee,3.035,3.525,3.925,1.0319573901464762
2024-11-06,Tallahassee,3.047,3.545,3.945,0.39538714991762536
2024-11-07,Tallahassee,3.042,3.522,3.925,-0.1640958319658825
2024-11-08,Tallahassee,3.034,3.497,3.902,-0.2629848783694988
2024-11-10,Tallahassee,3.027,3.493,3.878,-0.23071852340144083
2024-11-11,Tallahassee,3.022,3.455,3.882,-0.16518004625042382
2024-11-12,Tallahassee,3.026,3.469,3.896,0.1323626737260053
2024-11-13,Tallahassee,3.015,3.47,3.892,-0.36351619299404003
2024-11-14,Tallahassee,3.016,3.465,3.882,0.03316749585406953
2024-11-15,Tallahassee,3.041,3.545,3.935,0.82891246684349
2024-11-16,Tallahassee,3.041,3.518,3.925,0.0
2024-11-17,Tallahassee,3.034,3.506,3.921,-0.23018743834265498
2024-11-18,Tallahassee,3.039,3.496,3.894,0.1647989452867593
2024-11-19,Tallahassee,3.033,3.483,3.903,-0.19743336623889718
2024-11-20,Tallahassee,3.028,3.498,3.92,-0.16485328058027937
2024-11-21,Tallahassee,3.01,3.458,3.878,-0.5944517833553542
2024-11-22,Tallahassee,3.002,3.445,3.85,-0.26578073089701393
2024-11-24,Tallahassee,3.029,3.51,3.911,0.8994003997335076
2024-11-25,Tallahassee,3.019,3.491,3.878,-0.3301419610432399
2024-11-26,Tallahassee,3.005,3.459,3.868,-0.4637297118251116
2024-11-27,Tallahassee,2.998,3.457,3.877,-0.23294509151413623
2024-11-28,Tallahassee,2.999,3.443,3.868,0.033355570380244615
2024-12-01,Tallahassee,2.982,3.43,3.83,-0.5668556185395079
2024-12-02,Tallahassee,2.983,3.428,3.845,0.03353454057679617
2024-12-03,Tallahassee,2.979,3.429,3.816,-0.1340931947703683
2024-12-05,Tallahassee,2.963,3.402,3.816,-0.5370929842228978
2024-12-06,Tallahassee,2.961,3.413,3.813,-0.06749915626055314
2024-12-07,Tallahassee,2.952,3.406,3.821,-0.3039513677811523
2024-12-08,Tallahassee,2.95,3.393,3.797,-0.06775067750677266
2024-12-09,Tallahassee,2.953,3.375,3.797,0.10169491525422458
2024-12-10,Tallahassee,2.946,3.39,3.777,-0.2370470707754757
2024-12-11,Tallahassee,2.942,3.385,3.779,-0.13577732518669228
2024-12-12,Tallahassee,2.933,3.357,3.765,-0.3059143439836931
2024-12-13,Tallahassee,2.926,3.372,3.797,-0.23866348448686736
2024-12-16,Tallahassee,2.962,3.413,3.843,1.2303485987696483
2024-12-17,Tallahassee,2.945,3.391,3.815,-0.5739365293720544
2024-12-18,Tallahassee,2.955,3.433,3.837,0.339558573853993
2024-12-19,Tallahassee,2.954,3.423,3.835,-0.03384094754652622
2024-12-20,Tallahassee,2.954,3.411,3.823,0.0
2024-12-23,Tallahassee,2.946,3.412,3.84,-0.27081922816519777
2024-12-24,Tallahassee,2.982,3.491,3.888,1.2219959266802416
2024-12-27,Tallahassee,2.961,3.397,3.828,-0.7042253521126862
2024-12-28,Tallahassee,2.954,3.439,3.829,-0.23640661938533203
2024-12-29,Tallahassee,2.954,3.43,3.812,0.0
2024-12-30,Tallahassee,2.949,3.41,3.791,-0.16926201760326665
2025-01-01,Tallahassee,2.987,3.504,3.895,1.2885723974228602
2025-01-02,Tallahassee,2.993,3.499,3.889,0.2008704385671134
2025-01-03,Tallahassee,2.948,3.391,3.796,-1.5035081857667887
2025-01-05,Tallahassee,2.951,3.406,3.804,0.10176390773406485
2025-01-06,Tallahassee,2.952,3.393,3.787,0.03388681802778404
2025-01-07,Tallahassee,2.947,3.41,3.771,-0.16937669376693165
2025-01-08,Tallahassee,2.95,3.404,3.776,0.1017984390905946
2025-01-09,Tallahassee,3.002,3.488,3.848,1.762711864406774
2025-01-11,Tallahassee,2.962,3.404,3.821,-1.332445036642227
2025-01-13,Tallahassee,2.956,3.375,3.789,-0.202565833896029
2025-01-14,Tallahassee,3.028,3.519,3.934,2.435723951285529
2025-01-15,Tallahassee,3.017,3.447,3.86,-0.3632760898282683
2025-01-16,Tallahassee,3.009,3.461,3.865,-0.26516407026847544
2025-01-17,Tallahassee,3.012,3.482,3.869,0.09970089730808596
2025-01-18,Tallahassee,3.017,3.473,3.866,0.16600265604249653
2025-01-19,Tallahassee,3.019,3.454,3.865,0.06629101756712164
2025-01-20,Tallahassee,3.017,3.442,3.847,-0.06624710168930958
2025-01-21,Tallahassee,3.019,3.441,3.857,0.06629101756712164
2025-01-23,Tallahassee,3.015,3.437,3.884,-0.13249420337859696
2025-01-24,Tallahassee,3.019,3.448,3.87,0.1326699834162559
2025-01-26,Tallahassee,3.008,3.455,3.828,-0.36435905929116386
2025-01-27,Tallahassee,3.005,3.447,3.839,-0.09973404255319007
2025-01-28,Tallahassee,3.009,3.436,3.85,0.1331114808652334
2025-01-30,Tallahassee,3.008,3.463,3.836,-0.03323363243602495
2025-02-01,Tallahassee,3.001,3.448,3.842,-0.2327127659574546
2025-02-02,Tallahassee,2.999,3.447,3.829,-0.06664445184937362
2025-02-03,Tallahassee,2.996,3.403,3.812,-0.10003334444815826
2025-02-04,Tallahassee,3.05,3.541,3.929,1.8024032042723626
2025-02-06,Tallahassee,3.022,3.466,3.859,-0.9180327868852478
2025-02-07,Tallahassee,3.022,3.466,3.859,0.0
2025-02-09,Tallahassee,3.009,3.431,3.829,-0.4301786896095283
2025-02-10,Tallahassee,3.005,3.435,3.825,-0.1329345297440998
2025-02-11,Tallahassee,2.994,3.433,3.822,-0.3660565723793585
2025-02-12,Tallahassee,2.991,3.424,3.841,-0.10020040080160886
2025-02-13,Tallahassee,2.991,3.443,3.837,0.0
2025-02-15,Tallahassee,2.985,3.422,3.809,-0.20060180541625616
2025-02-16,Tallahassee,2.986,3.419,3.834,0.03350083752093891
2025-02-17,Tallahassee,2.982,3.428,3.83,-0.13395847287340779
2025-02-18,Tallahassee,3.001,3.488,3.837,0.6371562709590828
2025-02-19,Tallahassee,2.998,3.485,3.842,-0.09996667777406598
2025-02-20,Tallahassee,2.997,3.457,3.854,-0.03335557038026682
2025-02-21,Tallahassee,2.997,3.463,3.85,0.0
2025-02-22,Tallahassee,2.995,3.465,3.847,-0.0667334000667208
2025-02-23,Tallahassee,2.995,3.463,3.834,0.0
2025-02-25,Tallahassee,3.034,3.533,3.916,1.3021702838063254
2025-02-26,Tallahassee,2.997,3.448,3.846,-1.2195121951219523
2025-02-27,Tallahassee,2.989,3.454,3.835,-0.2669336002669387
2025-02-28,Tallahassee,2.979,3.431,3.813,-0.33456005352959783
2025-03-01,Tallahassee,2.975,3.421,3.81,-0.1342732460557272
2025-03-02,Tallahassee,2.97,3.41,3.804,-0.1680672268907557
2025-03-03,Tallahassee,2.965,3.403,3.783,-0.16835016835018424
2025-03-04,Tallahassee,2.969,3.397,3.808,0.13490725126474867
2025-03-06,Tallahassee,2.996,3.446,3.844,0.9093971034018322
2025-03-07,Tallahassee,2.965,3.408,3.8,-1.0347129506008024
2025-03-08,Tallahassee,2.954,3.401,3.795,-0.3709949409780644
2025-03-09,Tallahassee,2.95,3.38,3.804,-0.13540961408260443
2025-03-10,Tallahassee,2.943,3.365,3.801,-0.2372881355932277
2025-03-11,Tallahassee,2.939,3.368,3.792,-0.13591573224600584
2025-03-12,Tallahassee,2.934,3.375,3.801,-0.17012589316093285
2025-03-13,Tallahassee,2.932,3.369,3.805,-0.06816632583503957
2025-03-14,Tallahassee,2.973,3.494,3.858,1.3983628922237257
2025-03-15,Tallahassee,2.93,3.374,3.776,-1.446350487722825
2025-03-16,Tallahassee,2.93,3.389,3.767,0.0
2025-03-17,Tallahassee,2.927,3.386,3.737,-0.10238907849829948
2025-03-18,Tallahassee,2.925,3.368,3.74,-0.06832934745474306
2025-03-19,Tallahassee,2.928,3.384,3.771,0.10256410256410664
2025-03-20,Tallahassee,2.947,3.411,3.805,0.648907103825147
2025-03-21,Tallahassee,2.95,3.424,3.802,0.1017984390905946
2025-03-22,Tallahassee,2.951,3.409,3.811,0.033898305084734126
2025-03-24,Tallahassee,2.945,3.365,3.812,-0.20332090816672643
2025-03-25,Tallahassee,2.973,3.436,3.846,0.9507640067911716
2025-03-26,Tallahassee,2.977,3.457,3.824,0.1345442314160783
2025-03-27,Tallahassee,2.981,3.457,3.841,0.13436345314075115
2025-03-28,Tallahassee,2.978,3.439,3.833,-0.10063737001004824
2025-03-29,Tallahassee,2.978,3.444,3.843,0.0
2025-03-30,Tallahassee,2.978,3.447,3.836,0.0
2025-03-31,Tallahassee,2.974,3.449,3.831,-0.1343183344526544
2025-04-02,Tallahassee,3.03,3.52,3.906,1.8829858776059138
2025-04-03,Tallahassee,3.0,3.471,3.847,-0.9900990099009799
2025-04-04,Tallahassee,3.003,3.508,3.839,0.10000000000001119
2025-04-05,Tallahassee,2.999,3.472,3.852,-0.1332001332001287
2025-04-06,Tallahassee,2.997,3.441,3.832,-0.06668889629877217
2025-04-07,Tallahassee,2.989,3.424,3.825,-0.2669336002669387
2025-04-08,Tallahassee,2.978,3.424,3.829,-0.3680160588825587
2025-04-09,Tallahassee,2.97,3.433,3.825,-0.2686366689053088
2025-04-10,Tallahassee,2.958,3.432,3.803,-0.40404040404040664
2025-04-11,Tallahassee,2.949,3.423,3.79,-0.30425963488844854
2025-04-12,Tallahassee,2.943,3.414,3.787,-0.20345879959307034
2025-04-13,Tallahassee,2.939,3.407,3.78,-0.13591573224600584
2025-04-14,Tallahassee,2.928,3.401,3.779,-0.3742769649540678
2025-04-15,Tallahassee,2.93,3.41,3.774,0.0683060109289757
2025-04-16,Tallahassee,2.929,3.382,3.765,-0.034129692832773895
2025-04-17,Tallahassee,2.924,3.379,3.761,-0.17070672584499347
2025-04-18,Tallahassee,2.942,3.443,3.811,0.6155950752394057
2025-04-19,Tallahassee,2.925,3.388,3.756,-0.5778382053025277
2025-04-20,Tallahassee,2.92,3.362,3.748,-0.17094017094017033
2025-04-21,Tallahassee,2.915,3.346,3.748,-0.1712328767123239
2025-04-22,Tallahassee,2.973,3.468,3.873,1.989708404802748
2025-04-23,Tallahassee,2.943,3.382,3.781,-1.0090817356205761
2025-04-24,Tallahassee,2.947,3.391,3.81,0.13591573224600584
2025-04-25,Tallahassee,2.939,3.379,3.805,-0.2714625042416041
2025-04-26,Tallahassee,2.936,3.375,3.782,-0.10207553589656193
2025-04-27,Tallahassee,2.932,3.348,3.783,-0.13623978201634523
2025-04-28,Tallahassee,2.93,3.363,3.786,-0.06821282401090478
2025-04-29,Tallahassee,2.928,3.38,3.772,-0.06825938566553669
2025-04-30,Tallahassee,2.961,3.443,3.798,1.127049180327866
2025-05-01,Tallahassee,2.966,3.428,3.797,0.16886187098954508
2025-05-02,Tallahassee,2.961,3.438,3.797,-0.1685772083614423
2025-05-03,Tallahassee,2.961,3.441,3.802,0.0
2025-05-04,Tallahassee,2.958,3.422,3.786,-0.10131712259370262
2025-05-05,Tallahassee,2.957,3.43,3.779,-0.03380662609873131
2025-05-06,Tallahassee,2.947,3.414,3.778,-0.3381805884342115
2025-05-07,Tallahassee,2.943,3.407,3.781,-0.1357312521207965
2025-05-08,Tallahassee,2.941,3.395,3.802,-0.06795786612301402
2025-05-09,Tallahassee,2.935,3.412,3.804,-0.20401224073444135
2025-05-10,Tallahassee,2.93,3.404,3.793,-0.17035775127768327
2025-05-11,Tallahassee,2.929,3.375,3.777,-0.034129692832773895
2025-05-12,Tallahassee,2.923,3.353,3.776,-0.2048480710139855
2025-05-13,Tallahassee,2.948,3.427,3.828,0.855285665412242
2025-05-14,Tallahassee,2.952,3.416,3.804,0.13568521031208647
2025-05-15,Tallahassee,2.964,3.442,3.817,0.40650406504065817
2025-05-16,Tallahassee,2.959,3.426,3.816,-0.1686909581646412
2025-05-17,Tallahassee,2.948,3.427,3.82,-0.371747211895912
2025-05-18,Tallahassee,2.943,3.405,3.817,-0.16960651289008588
2025-05-19,Tallahassee,2.941,3.386,3.785,-0.06795786612301402
2025-05-20,Tallahassee,2.939,3.396,3.796,-0.06800408024481008
2025-05-21,Tallahassee,2.938,3.406,3.807,-0.03402517863217991
2025-05-22,Tallahassee,2.938,3.388,3.804,0.0
2025-05-23,Tallahassee,2.935,3.394,3.799,-0.10211027910143056
2025-05-24,Tallahassee,2.926,3.387,3.773,-0.3066439522998232
2025-05-25,Tallahassee,2.922,3.376,3.766,-0.13670539986329056
2025-05-26,Tallahassee,2.913,3.365,3.749,-0.30800821355236874
2025-05-27,Tallahassee,2.913,3.382,3.767,0.0
2025-05-28,Tallahassee,2.911,3.37,3.759,-0.0686577411603051
2025-05-29,Tallahassee,2.918,3.357,3.752,0.24046719340433675
2025-05-30,Tallahassee,2.952,3.443,3.8,1.165181631254275
2025-05-31,Tallahassee,2.942,3.429,3.795,-0.3387533875338633
2025-06-01,Tallahassee,2.933,3.432,3.805,-0.3059143439836931
2025-06-02,Tallahassee,2.934,3.418,3.77,0.03409478349813977
2025-06-03,Tallahassee,2.93,3.399,3.763,-0.13633265167007913
2025-06-04,Tallahassee,2.925,3.411,3.769,-0.17064846416383617
2025-06-05,Tallahassee,2.946,3.436,3.815,0.7179487179487243
2025-06-07,Tallahassee,2.922,3.38,3.758,-0.8146639511201648
2025-06-08,Tallahassee,2.913,3.369,3.747,-0.30800821355236874
2025-06-09,Tallahassee,2.916,3.359,3.749,0.1029866117404854
2025-06-10,Tallahassee,2.915,3.364,3.743,-0.03429355281207025
2025-06-11,Tallahassee,2.911,3.34,3.755,-0.13722126929673895
2025-06-13,Tallahassee,2.897,3.328,3.726,-0.4809343868086624
2025-06-14,Tallahassee,2.902,3.33,3.736,0.17259233690025688
2025-06-15,Tallahassee,2.9,3.336,3.729,-0.0689179875947743
2025-06-16,Tallahassee,2.896,3.317,3.712,-0.13793103448276334
2025-06-17,Tallahassee,2.966,3.424,3.817,2.417127071823222
2025-06-18,Tallahassee,2.983,3.427,3.822,0.5731625084288483
2025-06-19,Tallahassee,2.994,3.465,3.852,0.36875628561849894
2025-06-20,Tallahassee,3.01,3.466,3.858,0.5344021376085362
2025-06-21,Tallahassee,3.013,3.476,3.866,0.09966777408638716
2025-06-22,Tallahassee,3.024,3.464,3.855,0.36508463325588547
2025-06-23,Tallahassee,3.021,3.441,3.864,-0.09920634920634885
2025-06-24,Tallahassee,3.019,3.465,3.871,-0.06620324395895105
2025-06-25,Tallahassee,3.013,3.477,3.839,-0.19874130506790655
2025-06-26,Tallahassee,3.01,3.464,3.832,-0.09956853634252028
2025-06-27,Tallahassee,2.99,3.444,3.832,-0.6644518272425071
2025-06-28,Tallahassee,2.985,3.427,3.835,-0.16722408026756952
2025-06-29,Tallahassee,2.971,3.419,3.826,-0.4690117252931225
2025-06-30,Tallahassee,2.96,3.394,3.787,-0.37024570851565963
2025-07-01,Tallahassee,3.015,3.496,3.918,1.858108108108114
2025-07-02,Tallahassee,2.967,3.39,3.801,-1.5920398009950265
2025-07-03,Tallahassee,2.978,3.431,3.837,0.3707448601280694
2025-07-04,Tallahassee,2.966,3.413,3.799,-0.4029550033579632
2025-07-05,Tallahassee,2.964,3.399,3.804,-0.06743088334457692
2025-07-06,Tallahassee,2.959,3.392,3.788,-0.1686909581646412
2025-07-07,Tallahassee,2.954,3.398,3.775,-0.16897600540722868
2025-07-08,Tallahassee,2.959,3.392,3.797,0.16926201760325554
2025-07-09,Tallahassee,2.962,3.402,3.802,0.10138560324435275
2025-07-10,Tallahassee,2.959,3.392,3.791,-0.10128291694800895
2025-07-11,Tallahassee,2.963,3.384,3.804,0.13518080432579627
2025-07-12,Tallahassee,2.951,3.385,3.785,-0.40499493756328553
2025-07-13,Tallahassee,2.951,3.375,3.769,0.0
2025-07-14,Tallahassee,2.95,3.356,3.75,-0.03388681802778404
2025-07-15,Tallahassee,2.951,3.379,3.759,0.033898305084734126
2025-07-16,Tallahassee,2.987,3.437,3.822,1.2199254490003364
2025-07-17,Tallahassee,2.997,3.445,3.831,0.33478406427853713
2025-07-18,Tallahassee,2.987,3.438,3.823,-0.3336670003336595
2025-07-19,Tallahassee,2.985,3.407,3.818,-0.06695681285571187
2025-07-20,Tallahassee,2.981,3.39,3.806,-0.13400335008375563
2025-07-21,Tallahassee,2.977,3.397,3.804,-0.13418316001342356
2025-07-22,Tallahassee,2.977,3.41,3.817,0.0
2025-07-23,Tallahassee,2.972,3.408,3.813,-0.1679543164259334
2025-07-24,Tallahassee,2.992,3.437,3.84,0.6729475100942128
2025-07-25,Tallahassee,2.991,3.451,3.84,-0.033422459893039935
2025-07-26,Tallahassee,2.979,3.446,3.833,-0.4012036108325012
2025-07-27,Tallahassee,2.976,3.425,3.822,-0.10070493454179541
2025-07-28,Tallahassee,2.972,3.387,3.797,-0.13440860215053752
2025-07-29,Tallahassee,2.965,3.383,3.765,-0.23553162853298115
2025-07-30,Tallahassee,2.957,3.377,3.784,-0.26981450252950845
2025-07-31,Tallahassee,2.962,3.389,3.795,0.1690902942171224
2025-08-01,Tallahassee,2.964,3.408,3.816,0.06752194463199857
2025-08-02,Tallahassee,2.963,3.406,3.809,-0.03373819163292602
2025-08-03,Tallahassee,2.959,3.411,3.784,-0.13499831252109518
2025-08-04,Tallahassee,2.947,3.393,3.763,-0.4055424129773555
2025-08-05,Tallahassee,2.975,3.434,3.814,0.9501187648456089
2025-08-06,Tallahassee,2.986,3.446,3.83,0.369747899159667
2025-08-07,Tallahassee,2.993,3.463,3.844,0.23442732752845252
2025-08-08,Tallahassee,2.987,3.463,3.831,-0.2004677581022296
2025-08-09,Tallahassee,2.98,3.445,3.823,-0.23434884499498043
2025-08-10,Tallahassee,2.986,3.46,3.838,0.2013422818792021
2025-08-11,Tallahassee,2.984,3.417,3.823,-0.066979236436715
2025-08-12,Tallahassee,2.976,3.425,3.81,-0.2680965147453085
2025-08-13,Tallahassee,2.971,3.439,3.815,-0.16801075268816357
2025-08-14,Tallahassee,2.968,3.418,3.812,-0.10097610232245868
2025-08-15,Tallahassee,2.959,3.398,3.79,-0.30323450134770447
2025-08-16,Tallahassee,2.953,3.4,3.781,-0.2027712064886833
2025-08-17,Tallahassee,2.953,3.4,3.771,0.0
2025-08-18,Tallahassee,2.947,3.378,3.755,-0.2031832035218395
2025-08-19,Tallahassee,2.964,3.428,3.814,0.576857821513399
2025-08-20,Tallahassee,2.947,3.401,3.78,-0.5735492577597756
2025-08-21,Tallahassee,2.974,3.45,3.825,0.9161859518154181
2025-08-22,Tallahassee,2.981,3.455,3.846,0.2353732347007309
2025-08-23,Tallahassee,2.974,3.437,3.835,-0.2348205300234718
2025-08-24,Tallahassee,2.974,3.428,3.822,0.0
2025-08-25,Tallahassee,2.972,3.414,3.803,-0.06724949562878502
2025-08-26,Tallahassee,2.985,3.427,3.833,0.4374158815612317
2025-08-27,Tallahassee,2.98,3.426,3.82,-0.16750418760468344
2025-08-28,Tallahassee,2.977,3.43,3.826,-0.10067114093960106
2025-08-29,Tallahassee,2.971,3.423,3.826,-0.20154517971111563
2025-08-30,Tallahassee,2.965,3.41,3.827,-0.20195220464490626
2025-08-31,Tallahassee,2.963,3.381,3.818,-0.06745362563237434
2025-09-01,Tallahassee,2.962,3.372,3.765,-0.03374957813027102
2025-09-02,Tallahassee,2.962,3.374,3.792,0.0
2025-09-03,Tallahassee,2.982,3.452,3.834,0.6752194463200523
2025-09-04,Tallahassee,2.977,3.443,3.821,-0.16767270288398084
2025-09-05,Tallahassee,2.972,3.439,3.815,-0.1679543164259334
2025-09-06,Tallahassee,2.965,3.43,3.806,-0.23553162853298115
2025-09-07,Tallahassee,2.967,3.398,3.793,0.06745362563238544
2025-09-08,Tallahassee,2.959,3.401,3.759,-0.26963262554768885
2025-09-09,Tallahassee,2.996,3.483,3.837,1.250422440013521
2025-09-10,Tallahassee,3.004,3.488,3.851,0.2670226969292422
2025-09-11,Tallahassee,3.0,3.475,3.853,-0.13315579227696217
2025-09-12,Tallahassee,2.998,3.458,3.846,-0.06666666666665932
2025-09-13,Tallahassee,2.992,3.443,3.846,-0.2001334222815232
2025-09-14,Tallahassee,2.988,3.447,3.845,-0.13368983957219305
2025-09-15,Tallahassee,2.982,3.422,3.826,-0.20080321285139702
2025-09-16,Tallahassee,2.993,3.435,3.827,0.36887994634471344
2025-09-17,Tallahassee,2.986,3.43,3.828,-0.23387905111926788
2025-09-18,Tallahassee,2.98,3.42,3.829,-0.20093770931012278
2025-09-19,Tallahassee,2.971,3.423,3.803,-0.30201342281879207
2025-09-20,Tallahassee,2.957,3.438,3.793,-0.4712218108381072
2025-09-21,Tallahassee,2.96,3.414,3.789,0.101454176530269
2025-09-22,Tallahassee,2.952,3.39,3.793,-0.2702702702702675
2025-09-23,Tallahassee,2.943,3.373,3.769,-0.3048780487804881
2025-09-24,Tallahassee,2.937,3.363,3.768,-0.20387359836901986
2025-09-25,Tallahassee,2.928,3.354,3.758,-0.3064351378958108
2025-09-26,Tallahassee,2.92,3.342,3.729,-0.2732240437158473
2025-09-27,Tallahassee,2.918,3.351,3.741,-0.0684931506849229
2025-09-28,Tallahassee,2.918,3.36,3.729,0.0
2025-09-29,Tallahassee,2.905,3.339,3.72,-0.44551062371488426
2025-09-30,Tallahassee,2.946,3.411,3.799,1.4113597246127485
2025-10-01,Tallahassee,2.974,3.445,3.841,0.950441276306857
2025-10-02,Tallahassee,2.972,3.435,3.832,-0.06724949562878502
2025-10-03,Tallahassee,2.957,3.406,3.811,-0.5047106325706596
2025-10-04,Tallahassee,2.955,3.405,3.799,-0.0676361176868423
2025-10-05,Tallahassee,2.946,3.399,3.796,-0.3045685279187804
2025-10-06,Tallahassee,2.944,3.372,3.786,-0.06788866259335169
2025-10-07,Tallahassee,2.933,3.366,3.778,-0.37364130434782705
2025-10-08,Tallahassee,2.93,3.37,3.784,-0.1022843504943638
2025-10-09,Tallahassee,2.933,3.365,3.78,0.10238907849828838
2025-10-10,Tallahassee,2.92,3.377,3.775,-0.44323218547561716
2025-10-11,Tallahassee,2.921,3.375,3.751,0.0342465753424559
2025-10-12,Tallahassee,2.915,3.355,3.743,-0.2054091064703778
2025-10-13,Tallahassee,2.912,3.335,3.739,-0.10291595197255976
2025-10-14,Tallahassee,2.909,3.334,3.725,-0.10302197802197766
2025-10-15,Tallahassee,2.902,3.337,3.728,-0.24063251976622624
2025-10-16,Tallahassee,2.888,3.338,3.718,-0.4824259131633424
2025-10-17,Tallahassee,2.876,3.326,3.704,-0.41551246537395725
2025-10-18,Tallahassee,2.858,3.293,3.686,-0.6258692628650864
2025-10-19,Tallahassee,2.852,3.301,3.66,-0.20993701889433503
2025-10-20,Tallahassee,2.849,3.276,3.628,-0.10518934081344966
2025-10-21,Tallahassee,2.835,3.27,3.637,-0.49140049140049546
2025-10-22,Tallahassee,2.819,3.275,3.658,-0.5643738977072266
2025-10-23,Tallahassee,2.805,3.278,3.652,-0.4966300106420629
2025-10-24,Tallahassee,2.788,3.242,3.629,-0.6060606060606211
2025-10-25,Tallahassee,2.78,3.241,3.605,-0.2869440459110528
2025-10-26,Tallahassee,2.773,3.224,3.599,-0.25179856115106203
2025-10-27,Tallahassee,2.769,3.217,3.55,-0.14424810674359412
2025-10-28,Tallahassee,2.757,3.214,3.565,-0.43336944745395733
2025-11-01,Tallahassee,2.828,3.287,3.659,2.575262966993108
2025-11-03,Tallahassee,2.813,3.286,3.628,-0.5304101838755182
2025-11-07,Tallahassee,2.801,3.267,3.651,-0.42659082829719086
2025-11-08,Tallahassee,2.8,3.234,3.637,-0.0357015351660217
2025-11-09,Tallahassee,2.797,3.214,3.625,-0.1071428571428501
2025-11-11,Tallahassee,2.794,3.256,3.619,-0.10725777618877386
2025-11-14,Tallahassee,2.804,3.243,3.633,0.35790980672869566
2025-11-15,Tallahassee,2.802,3.281,3.64,-0.07132667617688604
2025-11-16,Tallahassee,2.805,3.284,3.636,0.10706638115631772
2025-11-17,Tallahassee,2.805,3.222,3.613,0.0
2025-11-21,Tallahassee,2.922,3.414,3.748,4.17112299465241
2025-11-24,Tallahassee,2.912,3.395,3.722,-0.3422313483915196
2025-12-02,Tallahassee,2.859,3.333,3.695,-1.8200549450549386
2025-12-04,Tallahassee,2.855,3.33,3.707,-0.13990905911157592
2025-12-11,Tallahassee,2.792,3.25,3.625,-2.2066549912434397
2025-12-17,Tallahassee,2.745,3.203,3.584,-1.6833810888252088
2025-12-22,Tallahassee,2.695,3.156,3.536,-1.821493624772319
2025-12-23,Tallahassee,2.69,3.145,3.509,-0.18552875695732052
2025-12-26,Tallahassee,2.676,3.134,3.487,-0.5204460966542701
2025-12-27,Tallahassee,2.659,3.122,3.435,-0.6352765321375298
2025-12-29,Tallahassee,2.667,3.091,3.458,0.300864986837146
2025-12-30,Tallahassee,2.67,3.125,3.452,0.11248593925758943
2022-01-28,Tampa-St. Petersburg-Clearwater,3.359,3.736,4.031,
2022-01-28,Tampa-St. Petersburg-Clearwater,3.359,3.736,4.031,0.0
2022-03-07,Tampa-St. Petersburg-Clearwater,3.973,4.291,4.615,18.279249776719265
2022-03-07,Tampa-St. Petersburg-Clearwater,3.973,4.291,4.615,0.0
2022-03-08,Tampa-St. Petersburg-Clearwater,3.973,4.291,4.615,0.0
2022-03-08,Tampa-St. Petersburg-Clearwater,3.973,4.291,4.615,0.0
2022-03-22,Tampa-St. Petersburg-Clearwater,4.103,4.511,4.829,3.272086584445
2022-03-22,Tampa-St. Petersburg-Clearwater,4.103,4.511,4.829,0.0
2022-04-01,Tampa-St. Petersburg-Clearwater,4.189,4.575,4.878,2.0960272970997007
2022-04-01,Tampa-St. Petersburg-Clearwater,4.189,4.575,4.878,0.0
2022-04-14,Tampa-St. Petersburg-Clearwater,3.998,4.418,4.733,-4.55956075435664
2022-04-19,Tampa-St. Petersburg-Clearwater,4.055,4.445,4.765,1.4257128564282073
2022-05-11,Tampa-St. Petersburg-Clearwater,4.302,4.657,4.979,6.091245376078902
2022-05-25,Tampa-St. Petersburg-Clearwater,4.59,4.934,5.254,6.694560669456084
2022-05-29,Tampa-St. Petersburg-Clearwater,4.594,4.955,5.287,0.08714596949892517
2022-05-31,Tampa-St. Petersburg-Clearwater,4.586,4.947,5.277,-0.17414018284719335
2022-06-06,Tampa-St. Petersburg-Clearwater,4.764,5.125,5.449,3.88137810728304
2022-06-09,Tampa-St. Petersburg-Clearwater,4.756,5.132,5.447,-0.16792611251049694
2022-06-25,Tampa-St. Petersburg-Clearwater,4.67,5.08,5.397,-1.80824222035324
2022-06-26,Tampa-St. Petersburg-Clearwater,4.648,5.053,5.377,-0.471092077087798
2022-06-27,Tampa-St. Petersburg-Clearwater,4.648,5.053,5.377,0.0
2022-06-29,Tampa-St. Petersburg-Clearwater,4.582,4.993,5.31,-1.419965576592075
2022-06-30,Tampa-St. Petersburg-Clearwater,4.573,4.982,5.302,-0.19642077695328775
2022-07-02,Tampa-St. Petersburg-Clearwater,4.543,4.951,5.274,-0.6560244915810198
2022-07-10,Tampa-St. Petersburg-Clearwater,4.373,4.786,5.104,-3.742020691173231
2022-08-01,Tampa-St. Petersburg-Clearwater,3.889,4.302,4.622,-11.067916761948327
2022-09-22,Tampa-St. Petersburg-Clearwater,3.365,3.758,4.092,-13.47390074569297
2022-09-23,Tampa-St. Petersburg-Clearwater,3.343,3.745,4.051,-0.6537890044576611
2022-09-27,Tampa-St. Petersburg-Clearwater,3.359,3.754,4.073,0.4786120251271342
2022-10-02,Tampa-St. Petersburg-Clearwater,3.222,3.62,3.944,-4.078594819886872
2022-10-03,Tampa-St. Petersburg-Clearwater,3.195,3.599,3.926,-0.8379888268156499
2022-10-04,Tampa-St. Petersburg-Clearwater,3.159,3.57,3.899,-1.1267605633802802
2022-11-05,Tampa-St. Petersburg-Clearwater,3.436,3.81,4.137,8.768597657486543
2022-11-10,Tampa-St. Petersburg-Clearwater,3.6,3.96,4.296,4.772991850989516
2022-11-21,Tampa-St. Petersburg-Clearwater,3.454,3.834,4.148,-4.055555555555557
2022-11-26,Tampa-St. Petersburg-Clearwater,3.378,3.763,4.084,-2.20034742327736
2022-11-28,Tampa-St. Petersburg-Clearwater,3.366,3.759,4.066,-0.3552397868561319
2022-11-30,Tampa-St. Petersburg-Clearwater,3.348,3.747,4.062,-0.5347593582887722
2022-12-01,Tampa-St. Petersburg-Clearwater,3.326,3.733,4.052,-0.6571087216248439
2022-12-05,Tampa-St. Petersburg-Clearwater,3.25,3.638,3.963,-2.285027059530975
2022-12-07,Tampa-St. Petersburg-Clearwater,3.228,3.629,3.951,-0.676923076923075
2022-12-08,Tampa-St. Petersburg-Clearwater,3.173,3.585,3.911,-1.7038413878562642
2022-12-10,Tampa-St. Petersburg-Clearwater,3.156,3.557,3.861,-0.5357705641348853
2023-01-19,Tampa-St. Petersburg-Clearwater,3.409,3.774,4.101,8.016476552598206
2023-03-23,Tampa-St. Petersburg-Clearwater,3.421,3.817,4.136,0.3520093869169738
2023-03-27,Tampa-St. Petersburg-Clearwater,3.353,3.743,4.071,-1.9877228880444187
2023-03-30,Tampa-St. Petersburg-Clearwater,3.488,3.855,4.189,4.026245153593799
2023-04-02,Tampa-St. Petersburg-Clearwater,3.498,3.885,4.207,0.28669724770642446
2023-04-03,Tampa-St. Petersburg-Clearwater,3.491,3.875,4.191,-0.20011435105774522
2023-05-15,Tampa-St. Petersburg-Clearwater,3.457,3.847,4.18,-0.9739329704955724
2023-05-16,Tampa-St. Petersburg-Clearwater,3.449,3.847,4.168,-0.23141452126120843
2023-05-17,Tampa-St. Petersburg-Clearwater,3.435,3.843,4.165,-0.4059147579008382
2023-05-18,Tampa-St. Petersburg-Clearwater,3.412,3.826,4.152,-0.6695778748180503
2023-05-22,Tampa-St. Petersburg-Clearwater,3.352,3.747,4.076,-1.7584994138335253
2023-05-24,Tampa-St. Petersburg-Clearwater,3.317,3.732,4.058,-1.044152744630067
2023-05-25,Tampa-St. Petersburg-Clearwater,3.3,3.709,4.034,-0.512511305396457
2023-05-26,Tampa-St. Petersburg-Clearwater,3.328,3.685,4.017,0.848484848484854
2023-05-30,Tampa-St. Petersburg-Clearwater,3.387,3.781,4.109,1.7728365384615419
2023-05-31,Tampa-St. Petersburg-Clearwater,3.383,3.779,4.116,-0.1180986123412997
2023-06-01,Tampa-St. Petersburg-Clearwater,3.372,3.776,4.111,-0.32515518770322993
2023-06-06,Tampa-St. Petersburg-Clearwater,3.283,3.689,4.026,-2.63938315539739
2023-06-07,Tampa-St. Petersburg-Clearwater,3.266,3.676,4.013,-0.5178190679256733
2023-06-09,Tampa-St. Petersburg-Clearwater,3.358,3.728,4.064,2.8169014084507005
2023-06-10,Tampa-St. Petersburg-Clearwater,3.358,3.728,4.064,0.0
2023-06-13,Tampa-St. Petersburg-Clearwater,3.488,3.887,4.21,3.8713519952352504
2023-06-14,Tampa-St. Petersburg-Clearwater,3.476,3.882,4.204,-0.34403669724770714
2023-06-16,Tampa-St. Petersburg-Clearwater,3.439,3.847,4.183,-1.064441887226697
2023-06-23,Tampa-St. Petersburg-Clearwater,3.332,3.736,4.071,-3.111369584181456
2023-07-04,Tampa-St. Petersburg-Clearwater,3.208,3.616,3.938,-3.7214885954381605
2023-11-11,Tampa-St. Petersburg-Clearwater,3.236,3.658,3.984,0.8728179551122262
2023-11-29,Tampa-St. Petersburg-Clearwater,3.184,3.569,3.901,-1.606922126081578
2024-01-18,Tampa-St. Petersburg-Clearwater,2.986,3.41,3.738,-6.218592964824121
2024-02-21,Tampa-St. Petersburg-Clearwater,3.349,3.729,4.054,12.156731413261879
2024-02-26,Tampa-St. Petersburg-Clearwater,3.296,3.693,4.02,-1.5825619587936823
2024-02-27,Tampa-St. Petersburg-Clearwater,3.265,3.673,4.006,-0.9405339805825141
2024-02-28,Tampa-St. Petersburg-Clearwater,3.339,3.724,4.05,2.2664624808575784
2024-03-01,Tampa-St. Petersburg-Clearwater,3.381,3.788,4.115,1.2578616352201255
2024-03-02,Tampa-St. Petersburg-Clearwater,3.356,3.766,4.097,-0.7394262052647149
2024-03-04,Tampa-St. Petersburg-Clearwater,3.334,3.746,4.081,-0.6555423122765136
2024-03-05,Tampa-St. Petersburg-Clearwater,3.291,3.695,4.029,-1.2897420515896818
2024-04-11,Tampa-St. Petersburg-Clearwater,3.59,3.997,4.318,9.085384381646922
2024-04-22,Tampa-St. Petersburg-Clearwater,3.563,3.962,4.292,-0.7520891364902416
2024-04-23,Tampa-St. Petersburg-Clearwater,3.563,3.962,4.292,0.0
2024-05-06,Tampa-St. Petersburg-Clearwater,3.615,4.016,4.342,1.459444288520917
2024-05-19,Tampa-St. Petersburg-Clearwater,3.435,3.851,4.19,-4.9792531120331995
2024-05-24,Tampa-St. Petersburg-Clearwater,3.585,3.996,4.33,4.366812227074224
2024-05-31,Tampa-St. Petersburg-Clearwater,3.494,3.913,4.249,-2.5383542538354176
2024-06-03,Tampa-St. Petersburg-Clearwater,3.432,3.842,4.169,-1.7744705208929679
2024-06-12,Tampa-St. Petersburg-Clearwater,3.237,3.662,3.994,-5.681818181818176
2024-06-16,Tampa-St. Petersburg-Clearwater,3.193,3.62,3.953,-1.3592832869941285
2024-06-20,Tampa-St. Petersburg-Clearwater,3.382,3.78,4.102,5.919198246163493
2024-06-21,Tampa-St. Petersburg-Clearwater,3.382,3.78,4.102,0.0
2024-06-23,Tampa-St. Petersburg-Clearwater,3.368,3.78,4.123,-0.4139562389118945
2024-06-29,Tampa-St. Petersburg-Clearwater,3.404,3.853,4.183,1.0688836104512989
2024-07-04,Tampa-St. Petersburg-Clearwater,3.575,3.981,4.304,5.023501762632199
2024-07-09,Tampa-St. Petersburg-Clearwater,3.489,3.92,4.247,-2.4055944055944134
2024-07-10,Tampa-St. Petersburg-Clearwater,3.489,3.92,4.247,0.0
2024-07-12,Tampa-St. Petersburg-Clearwater,3.584,4.023,4.34,2.7228432215534504
2024-07-18,Tampa-St. Petersburg-Clearwater,3.47,3.913,4.249,-3.18080357142857
2024-07-22,Tampa-St. Petersburg-Clearwater,3.333,3.768,4.102,-3.9481268011527404
2024-07-24,Tampa-St. Petersburg-Clearwater,3.486,3.914,4.234,4.590459045904582
2024-07-25,Tampa-St. Petersburg-Clearwater,3.486,3.914,4.234,0.0
2024-08-01,Tampa-St. Petersburg-Clearwater,3.418,3.861,4.188,-1.9506597819850868
2024-08-11,Tampa-St. Petersburg-Clearwater,3.317,3.767,4.104,-2.9549444119367996
2024-08-16,Tampa-St. Petersburg-Clearwater,3.351,3.8,4.13,1.0250226107928695
2024-08-17,Tampa-St. Petersburg-Clearwater,3.351,3.8,4.13,0.0
2024-08-18,Tampa-St. Petersburg-Clearwater,3.288,3.736,4.076,-1.8800358102059156
2024-08-19,Tampa-St. Petersburg-Clearwater,3.266,3.697,4.041,-0.669099756690994
2024-08-20,Tampa-St. Petersburg-Clearwater,3.266,3.697,4.041,0.0
2024-09-07,Tampa-St. Petersburg-Clearwater,3.241,3.707,4.04,-0.7654623392529092
2024-09-09,Tampa-St. Petersburg-Clearwater,3.181,3.642,3.971,-1.8512804689910567
2024-09-16,Tampa-St. Petersburg-Clearwater,3.103,3.559,3.9,-2.4520591009116632
2024-09-19,Tampa-St. Petersburg-Clearwater,3.196,3.655,3.988,2.9970995810505885
2024-09-21,Tampa-St. Petersburg-Clearwater,3.165,3.632,3.973,-0.969962453066342
2024-09-23,Tampa-St. Petersburg-Clearwater,3.165,3.632,3.973,0.0
2024-09-24,Tampa-St. Petersburg-Clearwater,3.159,3.612,3.935,-0.18957345971564177
2024-09-25,Tampa-St. Petersburg-Clearwater,3.159,3.612,3.935,0.0
2024-09-26,Tampa-St. Petersburg-Clearwater,3.2,3.659,3.988,1.2978790756568603
2024-09-27,Tampa-St. Petersburg-Clearwater,3.206,3.672,4.001,0.1874999999999849
2024-10-01,Tampa-St. Petersburg-Clearwater,3.199,3.658,3.987,-0.21834061135371785
2024-10-02,Tampa-St. Petersburg-Clearwater,3.183,3.645,3.975,-0.5001562988433905
2024-10-04,Tampa-St. Petersburg-Clearwater,3.157,3.625,3.96,-0.8168394596292705
2024-10-06,Tampa-St. Petersburg-Clearwater,3.126,3.583,3.919,-0.9819448843839118
2024-10-09,Tampa-St. Petersburg-Clearwater,3.12,3.586,3.933,-0.19193857965450478
2024-10-13,Tampa-St. Petersburg-Clearwater,3.103,3.535,3.847,-0.5448717948717929
2024-10-21,Tampa-St. Petersburg-Clearwater,3.101,3.548,3.883,-0.06445375443120405
2024-11-01,Tampa-St. Petersburg-Clearwater,3.082,3.543,3.879,-0.6127055788455404
2024-11-02,Tampa-St. Petersburg-Clearwater,3.082,3.543,3.879,0.0
2024-11-04,Tampa-St. Petersburg-Clearwater,3.005,3.45,3.801,-2.498377676833219
2024-11-05,Tampa-St. Petersburg-Clearwater,3.113,3.581,3.918,3.5940099833610573
2024-11-06,Tampa-St. Petersburg-Clearwater,3.18,3.622,3.954,2.152264696434303
2024-11-07,Tampa-St. Petersburg-Clearwater,3.193,3.645,3.982,0.40880503144653524
2024-11-08,Tampa-St. Petersburg-Clearwater,3.183,3.634,3.979,-0.3131850923896118
2024-11-10,Tampa-St. Petersburg-Clearwater,3.15,3.6,3.938,-1.0367577756833168
2024-11-11,Tampa-St. Petersburg-Clearwater,3.137,3.583,3.923,-0.412698412698409
2024-11-12,Tampa-St. Petersburg-Clearwater,3.115,3.564,3.905,-0.7013069811922179
2024-11-13,Tampa-St. Petersburg-Clearwater,3.087,3.542,3.885,-0.8988764044943864
2024-11-14,Tampa-St. Petersburg-Clearwater,3.056,3.509,3.856,-1.004211208292849
2024-11-15,Tampa-St. Petersburg-Clearwater,3.125,3.554,3.895,2.257853403141352
2024-11-16,Tampa-St. Petersburg-Clearwater,3.18,3.624,3.965,1.760000000000006
2024-11-17,Tampa-St. Petersburg-Clearwater,3.177,3.628,3.969,-0.09433962264151496
2024-11-18,Tampa-St. Petersburg-Clearwater,3.17,3.616,3.957,-0.2203336480956941
2024-11-19,Tampa-St. Petersburg-Clearwater,3.149,3.598,3.94,-0.662460567823342
2024-11-20,Tampa-St. Petersburg-Clearwater,3.109,3.567,3.897,-1.270244522070496
2024-11-21,Tampa-St. Petersburg-Clearwater,3.069,3.524,3.856,-1.2865873271148298
2024-11-22,Tampa-St. Petersburg-Clearwater,3.028,3.484,3.817,-1.3359400456174675
2024-11-24,Tampa-St. Petersburg-Clearwater,3.163,3.616,3.947,4.458388375165123
2024-11-25,Tampa-St. Petersburg-Clearwater,3.175,3.628,3.953,0.3793866582358474
2024-11-26,Tampa-St. Petersburg-Clearwater,3.167,3.621,3.944,-0.25196850393700565
2024-11-27,Tampa-St. Petersburg-Clearwater,3.174,3.629,3.953,0.2210293653299722
2024-11-28,Tampa-St. Petersburg-Clearwater,3.18,3.642,3.968,0.1890359168241984
2024-12-01,Tampa-St. Petersburg-Clearwater,3.145,3.595,3.919,-1.1006289308176154
2024-12-02,Tampa-St. Petersburg-Clearwater,3.129,3.582,3.903,-0.5087440381558062
2024-12-03,Tampa-St. Petersburg-Clearwater,3.101,3.558,3.882,-0.8948545861297563
2024-12-05,Tampa-St. Petersburg-Clearwater,3.028,3.481,3.816,-2.354079329248626
2024-12-06,Tampa-St. Petersburg-Clearwater,2.995,3.45,3.784,-1.089828269484805
2024-12-07,Tampa-St. Petersburg-Clearwater,3.066,3.556,3.878,2.3706176961602488
2024-12-08,Tampa-St. Petersburg-Clearwater,3.146,3.605,3.924,2.609262883235486
2024-12-09,Tampa-St. Petersburg-Clearwater,3.171,3.637,3.948,0.7946598855689713
2024-12-10,Tampa-St. Petersburg-Clearwater,3.165,3.624,3.939,-0.18921475875117721
2024-12-11,Tampa-St. Petersburg-Clearwater,3.14,3.595,3.916,-0.7898894154818259
2024-12-12,Tampa-St. Petersburg-Clearwater,3.108,3.564,3.885,-1.0191082802547768
2024-12-13,Tampa-St. Petersburg-Clearwater,3.071,3.525,3.858,-1.1904761904761862
2024-12-16,Tampa-St. Petersburg-Clearwater,3.181,3.64,3.952,3.581895148160208
2024-12-17,Tampa-St. Petersburg-Clearwater,3.17,3.619,3.945,-0.34580320653883057
2024-12-18,Tampa-St. Petersburg-Clearwater,3.143,3.59,3.921,-0.8517350157728698
2024-12-19,Tampa-St. Petersburg-Clearwater,3.113,3.569,3.9,-0.9545020680878036
2024-12-20,Tampa-St. Petersburg-Clearwater,3.083,3.531,3.869,-0.9637006103437096
2024-12-23,Tampa-St. Petersburg-Clearwater,3.028,3.481,3.808,-1.7839766461239082
2024-12-24,Tampa-St. Petersburg-Clearwater,3.103,3.579,3.894,2.476882430647298
2024-12-27,Tampa-St. Petersburg-Clearwater,3.138,3.594,3.9,1.1279407025459154
2024-12-28,Tampa-St. Petersburg-Clearwater,3.12,3.573,3.894,-0.5736137667303964
2024-12-29,Tampa-St. Petersburg-Clearwater,3.104,3.555,3.88,-0.512820512820511
2024-12-30,Tampa-St. Petersburg-Clearwater,3.093,3.546,3.864,-0.3543814432989678
2025-01-01,Tampa-St. Petersburg-Clearwater,3.13,3.604,3.924,1.1962495958616204
2025-01-02,Tampa-St. Petersburg-Clearwater,3.162,3.624,3.936,1.0223642172523917
2025-01-03,Tampa-St. Petersburg-Clearwater,3.183,3.631,3.942,0.6641366223908873
2025-01-05,Tampa-St. Petersburg-Clearwater,3.158,3.605,3.929,-0.7854225573358464
2025-01-06,Tampa-St. Petersburg-Clearwater,3.145,3.585,3.904,-0.41165294490183024
2025-01-07,Tampa-St. Petersburg-Clearwater,3.12,3.566,3.889,-0.7949125596184436
2025-01-08,Tampa-St. Petersburg-Clearwater,3.091,3.541,3.868,-0.9294871794871762
2025-01-09,Tampa-St. Petersburg-Clearwater,3.141,3.612,3.941,1.6175994823681705
2025-01-11,Tampa-St. Petersburg-Clearwater,3.176,3.629,3.947,1.1142948105698824
2025-01-13,Tampa-St. Petersburg-Clearwater,3.146,3.589,3.912,-0.9445843828715494
2025-01-14,Tampa-St. Petersburg-Clearwater,3.216,3.686,4.002,2.2250476795931506
2025-01-15,Tampa-St. Petersburg-Clearwater,3.274,3.716,4.046,1.8034825870646642
2025-01-16,Tampa-St. Petersburg-Clearwater,3.278,3.725,4.052,0.12217470983506562
2025-01-17,Tampa-St. Petersburg-Clearwater,3.268,3.718,4.042,-0.3050640634533308
2025-01-18,Tampa-St. Petersburg-Clearwater,3.246,3.694,4.023,-0.6731946144430734
2025-01-19,Tampa-St. Petersburg-Clearwater,3.231,3.678,4.005,-0.46210720887246426
2025-01-20,Tampa-St. Petersburg-Clearwater,3.217,3.655,3.981,-0.4333023831631033
2025-01-21,Tampa-St. Petersburg-Clearwater,3.195,3.634,3.967,-0.6838669567920452
2025-01-23,Tampa-St. Petersburg-Clearwater,3.148,3.606,3.928,-1.4710485133020201
2025-01-24,Tampa-St. Petersburg-Clearwater,3.218,3.694,4.014,2.223634053367207
2025-01-26,Tampa-St. Petersburg-Clearwater,3.261,3.709,4.034,1.3362336855189616
2025-01-27,Tampa-St. Petersburg-Clearwater,3.251,3.694,4.014,-0.30665440049065795
2025-01-28,Tampa-St. Petersburg-Clearwater,3.237,3.677,4.006,-0.4306367271608713
2025-01-30,Tampa-St. Petersburg-Clearwater,3.193,3.647,3.973,-1.3592832869941285
2025-02-01,Tampa-St. Petersburg-Clearwater,3.141,3.597,3.923,-1.6285624804259324
2025-02-02,Tampa-St. Petersburg-Clearwater,3.123,3.575,3.908,-0.5730659025787954
2025-02-03,Tampa-St. Petersburg-Clearwater,3.105,3.551,3.881,-0.5763688760807018
2025-02-04,Tampa-St. Petersburg-Clearwater,3.205,3.691,4.0,3.2206119162640823
2025-02-06,Tampa-St. Petersburg-Clearwater,3.278,3.732,4.056,2.2776911076443085
2025-02-07,Tampa-St. Petersburg-Clearwater,3.278,3.732,4.056,0.0
2025-02-09,Tampa-St. Petersburg-Clearwater,3.228,3.677,4.006,-1.5253203172666208
2025-02-10,Tampa-St. Petersburg-Clearwater,3.213,3.656,3.98,-0.4646840148698872
2025-02-11,Tampa-St. Petersburg-Clearwater,3.188,3.638,3.958,-0.778089013383132
2025-02-12,Tampa-St. Petersburg-Clearwater,3.166,3.623,3.942,-0.6900878293601087
2025-02-13,Tampa-St. Petersburg-Clearwater,3.139,3.597,3.922,-0.8528111181301368
2025-02-15,Tampa-St. Petersburg-Clearwater,3.083,3.536,3.868,-1.7840076457470433
2025-02-16,Tampa-St. Petersburg-Clearwater,3.063,3.51,3.841,-0.6487187804086969
2025-02-17,Tampa-St. Petersburg-Clearwater,3.047,3.483,3.804,-0.5223636957231492
2025-02-18,Tampa-St. Petersburg-Clearwater,3.136,3.613,3.929,2.9209058089924467
2025-02-19,Tampa-St. Petersburg-Clearwater,3.187,3.636,3.957,1.6262755102040671
2025-02-20,Tampa-St. Petersburg-Clearwater,3.19,3.645,3.97,0.09413241292752783
2025-02-21,Tampa-St. Petersburg-Clearwater,3.181,3.633,3.966,-0.28213166144199775
2025-02-22,Tampa-St. Petersburg-Clearwater,3.161,3.613,3.947,-0.6287331027978627
2025-02-23,Tampa-St. Petersburg-Clearwater,3.145,3.59,3.925,-0.5061689338816788
2025-02-25,Tampa-St. Petersburg-Clearwater,3.161,3.623,3.943,0.508744038155795
2025-02-26,Tampa-St. Petersburg-Clearwater,3.193,3.647,3.966,1.0123378677633577
2025-02-27,Tampa-St. Petersburg-Clearwater,3.185,3.637,3.964,-0.25054807391168277
2025-02-28,Tampa-St. Petersburg-Clearwater,3.167,3.62,3.95,-0.5651491365777139
2025-03-01,Tampa-St. Petersburg-Clearwater,3.148,3.604,3.935,-0.5999368487527579
2025-03-02,Tampa-St. Petersburg-Clearwater,3.13,3.584,3.917,-0.571791613723005
2025-03-03,Tampa-St. Petersburg-Clearwater,3.115,3.558,3.892,-0.4792332268370503
2025-03-04,Tampa-St. Petersburg-Clearwater,3.092,3.539,3.876,-0.7383627608346766
2025-03-06,Tampa-St. Petersburg-Clearwater,3.18,3.639,3.958,2.846054333764547
2025-03-07,Tampa-St. Petersburg-Clearwater,3.181,3.637,3.968,0.03144654088049759
2025-03-08,Tampa-St. Petersburg-Clearwater,3.161,3.621,3.953,-0.6287331027978627
2025-03-09,Tampa-St. Petersburg-Clearwater,3.146,3.6,3.934,-0.4745333755140857
2025-03-10,Tampa-St. Petersburg-Clearwater,3.132,3.58,3.907,-0.4450095359186168
2025-03-11,Tampa-St. Petersburg-Clearwater,3.108,3.562,3.884,-0.7662835249042099
2025-03-12,Tampa-St. Petersburg-Clearwater,3.076,3.535,3.857,-1.029601029601035
2025-03-13,Tampa-St. Petersburg-Clearwater,3.047,3.502,3.833,-0.942782834850453
2025-03-14,Tampa-St. Petersburg-Clearwater,3.135,3.613,3.94,2.8880866425992746
2025-03-15,Tampa-St. Petersburg-Clearwater,3.162,3.614,3.939,0.8612440191387627
2025-03-16,Tampa-St. Petersburg-Clearwater,3.153,3.603,3.933,-0.2846299810246644
2025-03-17,Tampa-St. Petersburg-Clearwater,3.144,3.59,3.908,-0.2854424357754515
2025-03-18,Tampa-St. Petersburg-Clearwater,3.126,3.578,3.893,-0.5725190839694694
2025-03-19,Tampa-St. Petersburg-Clearwater,3.099,3.553,3.88,-0.8637236084452882
2025-03-20,Tampa-St. Petersburg-Clearwater,3.067,3.517,3.844,-1.032591158438212
2025-03-21,Tampa-St. Petersburg-Clearwater,3.034,3.484,3.813,-1.075970003260529
2025-03-22,Tampa-St. Petersburg-Clearwater,3.007,3.462,3.788,-0.8899143045484448
2025-03-24,Tampa-St. Petersburg-Clearwater,2.97,3.413,3.739,-1.2304622547389399
2025-03-25,Tampa-St. Petersburg-Clearwater,3.127,3.6,3.916,5.286195286195272
2025-03-26,Tampa-St. Petersburg-Clearwater,3.179,3.631,3.954,1.6629357211384699
2025-03-27,Tampa-St. Petersburg-Clearwater,3.194,3.646,3.97,0.4718464926077415
2025-03-28,Tampa-St. Petersburg-Clearwater,3.183,3.636,3.966,-0.3443957420162791
2025-03-29,Tampa-St. Petersburg-Clearwater,3.167,3.619,3.951,-0.5026704366949408
2025-03-30,Tampa-St. Petersburg-Clearwater,3.147,3.595,3.928,-0.6315124723713317
2025-03-31,Tampa-St. Petersburg-Clearwater,3.136,3.578,3.901,-0.3495392437241729
2025-04-02,Tampa-St. Petersburg-Clearwater,3.217,3.686,4.006,2.582908163265296
2025-04-03,Tampa-St. Petersburg-Clearwater,3.278,3.723,4.051,1.8961765620143067
2025-04-04,Tampa-St. Petersburg-Clearwater,3.28,3.731,4.06,0.06101281269066394
2025-04-05,Tampa-St. Petersburg-Clearwater,3.259,3.711,4.038,-0.6402439024390194
2025-04-06,Tampa-St. Petersburg-Clearwater,3.241,3.698,4.016,-0.5523166615526209
2025-04-07,Tampa-St. Petersburg-Clearwater,3.227,3.676,3.986,-0.4319654427645814
2025-04-08,Tampa-St. Petersburg-Clearwater,3.245,3.702,4.02,0.5577936163619457
2025-04-09,Tampa-St. Petersburg-Clearwater,3.254,3.707,4.023,0.27734976887519025
2025-04-10,Tampa-St. Petersburg-Clearwater,3.241,3.691,4.012,-0.39950829748002237
2025-04-11,Tampa-St. Petersburg-Clearwater,3.218,3.669,3.994,-0.7096575131132377
2025-04-12,Tampa-St. Petersburg-Clearwater,3.19,3.643,3.969,-0.8701056556867592
2025-04-13,Tampa-St. Petersburg-Clearwater,3.169,3.617,3.943,-0.6583072100313503
2025-04-14,Tampa-St. Petersburg-Clearwater,3.148,3.593,3.911,-0.6626696118649411
2025-04-15,Tampa-St. Petersburg-Clearwater,3.124,3.572,3.896,-0.7623888182973326
2025-04-16,Tampa-St. Petersburg-Clearwater,3.095,3.549,3.874,-0.9282970550576142
2025-04-17,Tampa-St. Petersburg-Clearwater,3.069,3.524,3.847,-0.8400646203554185
2025-04-18,Tampa-St. Petersburg-Clearwater,3.057,3.515,3.84,-0.3910068426197455
2025-04-19,Tampa-St. Petersburg-Clearwater,3.044,3.502,3.824,-0.42525351651946375
2025-04-20,Tampa-St. Petersburg-Clearwater,3.03,3.479,3.809,-0.45992115637319975
2025-04-21,Tampa-St. Petersburg-Clearwater,3.017,3.457,3.779,-0.429042904290422
2025-04-22,Tampa-St. Petersburg-Clearwater,3.125,3.6,3.92,3.5797149486244573
2025-04-23,Tampa-St. Petersburg-Clearwater,3.18,3.629,3.948,1.760000000000006
2025-04-24,Tampa-St. Petersburg-Clearwater,3.172,3.621,3.949,-0.2515723270440251
2025-04-25,Tampa-St. Petersburg-Clearwater,3.153,3.601,3.937,-0.5989911727616648
2025-04-26,Tampa-St. Petersburg-Clearwater,3.123,3.577,3.906,-0.9514747859181716
2025-04-27,Tampa-St. Petersburg-Clearwater,3.104,3.555,3.882,-0.6083893691962938
2025-04-28,Tampa-St. Petersburg-Clearwater,3.08,3.522,3.85,-0.773195876288657
2025-04-29,Tampa-St. Petersburg-Clearwater,3.1,3.569,3.89,0.6493506493506551
2025-04-30,Tampa-St. Petersburg-Clearwater,3.208,3.684,3.996,3.483870967741942
2025-05-01,Tampa-St. Petersburg-Clearwater,3.253,3.698,4.019,1.4027431421446357
2025-05-02,Tampa-St. Petersburg-Clearwater,3.225,3.672,3.991,-0.860743928681218
2025-05-03,Tampa-St. Petersburg-Clearwater,3.187,3.646,3.957,-1.1782945736434236
2025-05-04,Tampa-St. Petersburg-Clearwater,3.158,3.612,3.931,-0.9099466582993432
2025-05-05,Tampa-St. Petersburg-Clearwater,3.137,3.578,3.902,-0.6649778340722001
2025-05-06,Tampa-St. Petersburg-Clearwater,3.098,3.546,3.876,-1.2432260121134853
2025-05-07,Tampa-St. Petersburg-Clearwater,3.064,3.519,3.844,-1.0974822466107148
2025-05-08,Tampa-St. Petersburg-Clearwater,3.027,3.478,3.81,-1.207571801566576
2025-05-09,Tampa-St. Petersburg-Clearwater,2.993,3.443,3.78,-1.1232243145028131
2025-05-10,Tampa-St. Petersburg-Clearwater,2.959,3.416,3.749,-1.1359839625793455
2025-05-11,Tampa-St. Petersburg-Clearwater,2.94,3.392,3.722,-0.6421088205474823
2025-05-12,Tampa-St. Petersburg-Clearwater,2.924,3.353,3.69,-0.5442176870748328
2025-05-13,Tampa-St. Petersburg-Clearwater,3.096,3.569,3.89,5.882352941176472
2025-05-14,Tampa-St. Petersburg-Clearwater,3.167,3.612,3.938,2.2932816537467593
2025-05-15,Tampa-St. Petersburg-Clearwater,3.175,3.629,3.95,0.2526049889485238
2025-05-16,Tampa-St. Petersburg-Clearwater,3.149,3.603,3.923,-0.8188976377952684
2025-05-17,Tampa-St. Petersburg-Clearwater,3.119,3.575,3.901,-0.9526833915528665
2025-05-18,Tampa-St. Petersburg-Clearwater,3.101,3.546,3.882,-0.5771080474511137
2025-05-19,Tampa-St. Petersburg-Clearwater,3.083,3.52,3.849,-0.5804579168010249
2025-05-20,Tampa-St. Petersburg-Clearwater,3.052,3.488,3.817,-1.0055141096334763
2025-05-21,Tampa-St. Petersburg-Clearwater,3.142,3.616,3.933,2.9488859764088993
2025-05-22,Tampa-St. Petersburg-Clearwater,3.185,3.637,3.96,1.368555060471044
2025-05-23,Tampa-St. Petersburg-Clearwater,3.178,3.636,3.956,-0.219780219780219
2025-05-24,Tampa-St. Petersburg-Clearwater,3.151,3.607,3.934,-0.8495909376966648
2025-05-25,Tampa-St. Petersburg-Clearwater,3.124,3.576,3.901,-0.8568708346556542
2025-05-26,Tampa-St. Petersburg-Clearwater,3.102,3.539,3.856,-0.7042253521126862
2025-05-27,Tampa-St. Petersburg-Clearwater,3.081,3.516,3.835,-0.6769825918762074
2025-05-28,Tampa-St. Petersburg-Clearwater,3.051,3.494,3.825,-0.9737098344693274
2025-05-29,Tampa-St. Petersburg-Clearwater,3.132,3.61,3.935,2.6548672566371723
2025-05-30,Tampa-St. Petersburg-Clearwater,3.178,3.633,3.958,1.4687100893997496
2025-05-31,Tampa-St. Petersburg-Clearwater,3.164,3.623,3.945,-0.4405286343612258
2025-06-01,Tampa-St. Petersburg-Clearwater,3.149,3.604,3.927,-0.4740834386852133
2025-06-02,Tampa-St. Petersburg-Clearwater,3.136,3.582,3.903,-0.412829469672904
2025-06-03,Tampa-St. Petersburg-Clearwater,3.105,3.557,3.881,-0.9885204081632737
2025-06-04,Tampa-St. Petersburg-Clearwater,3.076,3.529,3.856,-0.9339774557165836
2025-06-05,Tampa-St. Petersburg-Clearwater,3.128,3.607,3.924,1.6905071521456483
2025-06-07,Tampa-St. Petersburg-Clearwater,3.162,3.615,3.944,1.0869565217391353
2025-06-08,Tampa-St. Petersburg-Clearwater,3.138,3.59,3.923,-0.7590132827324458
2025-06-09,Tampa-St. Petersburg-Clearwater,3.117,3.565,3.888,-0.6692160611854625
2025-06-10,Tampa-St. Petersburg-Clearwater,3.081,3.532,3.863,-1.1549566891241536
2025-06-11,Tampa-St. Petersburg-Clearwater,3.048,3.506,3.837,-1.071080817916259
2025-06-13,Tampa-St. Petersburg-Clearwater,2.99,3.45,3.776,-1.9028871391076008
2025-06-14,Tampa-St. Petersburg-Clearwater,2.972,3.432,3.768,-0.6020066889632192
2025-06-15,Tampa-St. Petersburg-Clearwater,2.965,3.417,3.754,-0.23553162853298115
2025-06-16,Tampa-St. Petersburg-Clearwater,2.961,3.405,3.727,-0.13490725126475978
2025-06-17,Tampa-St. Petersburg-Clearwater,3.127,3.597,3.925,5.606214116852404
2025-06-18,Tampa-St. Petersburg-Clearwater,3.183,3.627,3.963,1.790853853533747
2025-06-19,Tampa-St. Petersburg-Clearwater,3.192,3.649,3.971,0.2827521206409056
2025-06-20,Tampa-St. Petersburg-Clearwater,3.173,3.631,3.958,-0.5952380952381042
2025-06-21,Tampa-St. Petersburg-Clearwater,3.15,3.607,3.933,-0.7248660573589749
2025-06-22,Tampa-St. Petersburg-Clearwater,3.135,3.59,3.912,-0.4761904761904856
2025-06-23,Tampa-St. Petersburg-Clearwater,3.121,3.571,3.889,-0.44657097288675063
2025-06-24,Tampa-St. Petersburg-Clearwater,3.099,3.552,3.877,-0.7049022749118783
2025-06-25,Tampa-St. Petersburg-Clearwater,3.077,3.534,3.864,-0.7099064214262762
2025-06-26,Tampa-St. Petersburg-Clearwater,3.042,3.502,3.835,-1.1374715632109234
2025-06-27,Tampa-St. Petersburg-Clearwater,3.013,3.473,3.805,-0.9533201840894123
2025-06-28,Tampa-St. Petersburg-Clearwater,2.985,3.454,3.783,-0.9293063391968115
2025-06-29,Tampa-St. Petersburg-Clearwater,2.965,3.431,3.752,-0.670016750418756
2025-06-30,Tampa-St. Petersburg-Clearwater,2.949,3.4,3.73,-0.5396290050590169
2025-07-01,Tampa-St. Petersburg-Clearwater,3.098,3.581,3.903,5.0525601898948835
2025-07-02,Tampa-St. Petersburg-Clearwater,3.169,3.619,3.947,2.2918011620400414
2025-07-03,Tampa-St. Petersburg-Clearwater,3.162,3.62,3.94,-0.22088987062165444
2025-07-04,Tampa-St. Petersburg-Clearwater,3.14,3.597,3.924,-0.6957621758380661
2025-07-05,Tampa-St. Petersburg-Clearwater,3.12,3.574,3.896,-0.6369426751592355
2025-07-06,Tampa-St. Petersburg-Clearwater,3.098,3.548,3.87,-0.7051282051282137
2025-07-07,Tampa-St. Petersburg-Clearwater,3.087,3.534,3.855,-0.35506778566816166
2025-07-08,Tampa-St. Petersburg-Clearwater,3.057,3.505,3.825,-0.9718172983479212
2025-07-09,Tampa-St. Petersburg-Clearwater,3.024,3.475,3.804,-1.079489695780178
2025-07-10,Tampa-St. Petersburg-Clearwater,2.996,3.453,3.789,-0.92592592592593
2025-07-11,Tampa-St. Petersburg-Clearwater,2.969,3.425,3.757,-0.9012016021361813
2025-07-12,Tampa-St. Petersburg-Clearwater,2.946,3.395,3.73,-0.7746716066015402
2025-07-13,Tampa-St. Petersburg-Clearwater,2.932,3.376,3.705,-0.4752206381534396
2025-07-14,Tampa-St. Petersburg-Clearwater,2.918,3.36,3.68,-0.477489768076389
2025-07-15,Tampa-St. Petersburg-Clearwater,2.944,3.378,3.707,0.8910212474297463
2025-07-16,Tampa-St. Petersburg-Clearwater,3.102,3.592,3.908,5.366847826086962
2025-07-17,Tampa-St. Petersburg-Clearwater,3.153,3.611,3.924,1.644100580270802
2025-07-18,Tampa-St. Petersburg-Clearwater,3.141,3.596,3.923,-0.38058991436726863
2025-07-19,Tampa-St. Petersburg-Clearwater,3.114,3.568,3.9,-0.8595988538682042
2025-07-20,Tampa-St. Petersburg-Clearwater,3.093,3.539,3.871,-0.674373795761074
2025-07-21,Tampa-St. Petersburg-Clearwater,3.071,3.512,3.845,-0.711283543485286
2025-07-22,Tampa-St. Petersburg-Clearwater,3.039,3.486,3.816,-1.0420058612829686
2025-07-23,Tampa-St. Petersburg-Clearwater,3.01,3.467,3.796,-0.954261270154666
2025-07-24,Tampa-St. Petersburg-Clearwater,3.117,3.603,3.924,3.5548172757475127
2025-07-25,Tampa-St. Petersburg-Clearwater,3.168,3.626,3.95,1.6361886429258954
2025-07-26,Tampa-St. Petersburg-Clearwater,3.157,3.626,3.943,-0.347222222222221
2025-07-27,Tampa-St. Petersburg-Clearwater,3.139,3.601,3.925,-0.5701615457713083
2025-07-28,Tampa-St. Petersburg-Clearwater,3.121,3.577,3.899,-0.5734310289901123
2025-07-29,Tampa-St. Petersburg-Clearwater,3.087,3.545,3.869,-1.089394424863821
2025-07-30,Tampa-St. Petersburg-Clearwater,3.059,3.52,3.844,-0.9070294784580546
2025-07-31,Tampa-St. Petersburg-Clearwater,3.024,3.484,3.809,-1.1441647597254079
2025-08-01,Tampa-St. Petersburg-Clearwater,2.998,3.451,3.788,-0.8597883597883493
2025-08-02,Tampa-St. Petersburg-Clearwater,2.968,3.429,3.756,-1.000667111407616
2025-08-03,Tampa-St. Petersburg-Clearwater,2.949,3.409,3.732,-0.6401617250673897
2025-08-04,Tampa-St. Petersburg-Clearwater,2.934,3.38,3.706,-0.508646998982698
2025-08-05,Tampa-St. Petersburg-Clearwater,3.112,3.596,3.909,6.066802999318344
2025-08-06,Tampa-St. Petersburg-Clearwater,3.166,3.621,3.945,1.735218508997427
2025-08-07,Tampa-St. Petersburg-Clearwater,3.159,3.618,3.94,-0.22109917877448648
2025-08-08,Tampa-St. Petersburg-Clearwater,3.13,3.59,3.912,-0.9180120291231386
2025-08-09,Tampa-St. Petersburg-Clearwater,3.099,3.553,3.879,-0.9904153354632461
2025-08-10,Tampa-St. Petersburg-Clearwater,3.08,3.537,3.848,-0.6131010003226911
2025-08-11,Tampa-St. Petersburg-Clearwater,3.061,3.509,3.829,-0.6168831168831157
2025-08-12,Tampa-St. Petersburg-Clearwater,3.03,3.484,3.814,-1.0127409343351879
2025-08-13,Tampa-St. Petersburg-Clearwater,3.132,3.612,3.935,3.3663366336633693
2025-08-14,Tampa-St. Petersburg-Clearwater,3.175,3.632,3.956,1.3729246487867108
2025-08-15,Tampa-St. Petersburg-Clearwater,3.17,3.629,3.959,-0.15748031496062298
2025-08-16,Tampa-St. Petersburg-Clearwater,3.137,3.595,3.929,-1.0410094637223977
2025-08-17,Tampa-St. Petersburg-Clearwater,3.113,3.568,3.895,-0.7650621613006114
2025-08-18,Tampa-St. Petersburg-Clearwater,3.095,3.547,3.867,-0.578220366206228
2025-08-19,Tampa-St. Petersburg-Clearwater,3.061,3.516,3.843,-1.0985460420032345
2025-08-20,Tampa-St. Petersburg-Clearwater,3.03,3.49,3.819,-1.0127409343351879
2025-08-21,Tampa-St. Petersburg-Clearwater,2.998,3.457,3.793,-1.0561056105610422
2025-08-22,Tampa-St. Petersburg-Clearwater,2.968,3.431,3.765,-1.000667111407616
2025-08-23,Tampa-St. Petersburg-Clearwater,2.936,3.396,3.732,-1.0781671159029615
2025-08-24,Tampa-St. Petersburg-Clearwater,2.92,3.37,3.704,-0.544959128065392
2025-08-25,Tampa-St. Petersburg-Clearwater,2.905,3.353,3.679,-0.5136986301369939
2025-08-26,Tampa-St. Petersburg-Clearwater,3.093,3.585,3.902,6.471600688468171
2025-08-27,Tampa-St. Petersburg-Clearwater,3.162,3.619,3.946,2.2308438409311293
2025-08-28,Tampa-St. Petersburg-Clearwater,3.16,3.62,3.948,-0.06325110689436864
2025-08-29,Tampa-St. Petersburg-Clearwater,3.125,3.587,3.915,-1.1075949367088667
2025-08-30,Tampa-St. Petersburg-Clearwater,3.089,3.552,3.886,-1.1519999999999975
2025-08-31,Tampa-St. Petersburg-Clearwater,3.066,3.524,3.857,-0.7445775331822668
2025-09-01,Tampa-St. Petersburg-Clearwater,3.048,3.494,3.82,-0.5870841487279788
2025-09-02,Tampa-St. Petersburg-Clearwater,3.029,3.482,3.807,-0.623359580052496
2025-09-03,Tampa-St. Petersburg-Clearwater,3.134,3.612,3.933,3.466490590954119
2025-09-04,Tampa-St. Petersburg-Clearwater,3.175,3.637,3.96,1.3082322910019206
2025-09-05,Tampa-St. Petersburg-Clearwater,3.164,3.626,3.954,-0.3464566929133772
2025-09-06,Tampa-St. Petersburg-Clearwater,3.134,3.597,3.93,-0.9481668773704266
2025-09-07,Tampa-St. Petersburg-Clearwater,3.116,3.576,3.903,-0.5743458838544879
2025-09-08,Tampa-St. Petersburg-Clearwater,3.099,3.55,3.874,-0.5455712451861383
2025-09-09,Tampa-St. Petersburg-Clearwater,3.068,3.526,3.858,-1.0003226847370206
2025-09-10,Tampa-St. Petersburg-Clearwater,3.033,3.495,3.827,-1.1408083441981742
2025-09-11,Tampa-St. Petersburg-Clearwater,3.003,3.465,3.794,-0.9891196834816984
2025-09-12,Tampa-St. Petersburg-Clearwater,2.971,3.432,3.765,-1.0656010656010628
2025-09-13,Tampa-St. Petersburg-Clearwater,2.94,3.401,3.731,-1.043419723998662
2025-09-14,Tampa-St. Petersburg-Clearwater,2.922,3.378,3.707,-0.6122448979591799
2025-09-15,Tampa-St. Petersburg-Clearwater,2.98,3.465,3.785,1.9849418206707714
2025-09-16,Tampa-St. Petersburg-Clearwater,3.173,3.673,3.974,6.476510067114094
2025-09-17,Tampa-St. Petersburg-Clearwater,3.25,3.704,4.031,2.426725496375659
2025-09-18,Tampa-St. Petersburg-Clearwater,3.243,3.707,4.038,-0.21538461538461728
2025-09-19,Tampa-St. Petersburg-Clearwater,3.211,3.672,4.003,-0.9867406722170791
2025-09-20,Tampa-St. Petersburg-Clearwater,3.175,3.634,3.965,-1.1211460604173218
2025-09-21,Tampa-St. Petersburg-Clearwater,3.15,3.608,3.936,-0.7874015748031482
2025-09-22,Tampa-St. Petersburg-Clearwater,3.134,3.589,3.915,-0.5079365079365128
2025-09-23,Tampa-St. Petersburg-Clearwater,3.091,3.551,3.873,-1.3720485003190674
2025-09-24,Tampa-St. Petersburg-Clearwater,3.051,3.518,3.843,-1.2940795858945364
2025-09-25,Tampa-St. Petersburg-Clearwater,3.045,3.517,3.852,-0.1966568338249819
2025-09-26,Tampa-St. Petersburg-Clearwater,3.003,3.466,3.805,-1.3793103448275779
2025-09-27,Tampa-St. Petersburg-Clearwater,2.963,3.427,3.759,-1.3320013320013313
2025-09-28,Tampa-St. Petersburg-Clearwater,2.944,3.399,3.728,-0.6412419844751938
2025-09-29,Tampa-St. Petersburg-Clearwater,2.993,3.471,3.793,1.6644021739130377
2025-09-30,Tampa-St. Petersburg-Clearwater,3.117,3.601,3.92,4.143000334112945
2025-10-01,Tampa-St. Petersburg-Clearwater,3.162,3.623,3.948,1.4436958614052031
2025-10-02,Tampa-St. Petersburg-Clearwater,3.145,3.607,3.933,-0.5376344086021501
2025-10-03,Tampa-St. Petersburg-Clearwater,3.109,3.569,3.896,-1.144674085850561
2025-10-04,Tampa-St. Petersburg-Clearwater,3.072,3.534,3.857,-1.1900932775812167
2025-10-05,Tampa-St. Petersburg-Clearwater,3.047,3.506,3.833,-0.8138020833333259
2025-10-06,Tampa-St. Petersburg-Clearwater,3.025,3.473,3.804,-0.7220216606498298
2025-10-07,Tampa-St. Petersburg-Clearwater,2.994,3.449,3.781,-1.0247933884297455
2025-10-08,Tampa-St. Petersburg-Clearwater,2.962,3.423,3.76,-1.0688042752171056
2025-10-09,Tampa-St. Petersburg-Clearwater,2.977,3.453,3.786,0.5064145847400336
2025-10-10,Tampa-St. Petersburg-Clearwater,2.926,3.393,3.723,-1.713134027544494
2025-10-11,Tampa-St. Petersburg-Clearwater,2.909,3.375,3.707,-0.5809979494190154
2025-10-12,Tampa-St. Petersburg-Clearwater,2.899,3.357,3.693,-0.34376074252319144
2025-10-13,Tampa-St. Petersburg-Clearwater,2.893,3.351,3.676,-0.2069679199724117
2025-10-14,Tampa-St. Petersburg-Clearwater,2.961,3.448,3.761,2.350501209816791
2025-10-15,Tampa-St. Petersburg-Clearwater,2.985,3.462,3.782,0.8105369807497542
2025-10-16,Tampa-St. Petersburg-Clearwater,2.971,3.437,3.771,-0.4690117252931225
2025-10-17,Tampa-St. Petersburg-Clearwater,2.942,3.407,3.74,-0.9761023224503451
2025-10-18,Tampa-St. Petersburg-Clearwater,2.909,3.38,3.712,-1.1216859279401858
2025-10-19,Tampa-St. Petersburg-Clearwater,2.89,3.357,3.691,-0.653145410794076
2025-10-20,Tampa-St. Petersburg-Clearwater,2.872,3.34,3.66,-0.6228373702422241
2025-10-21,Tampa-St. Petersburg-Clearwater,2.842,3.305,3.637,-1.0445682451253435
2025-10-22,Tampa-St. Petersburg-Clearwater,2.941,3.429,3.75,3.4834623504574225
2025-10-23,Tampa-St. Petersburg-Clearwater,2.974,3.449,3.771,1.1220673240394552
2025-10-24,Tampa-St. Petersburg-Clearwater,2.96,3.43,3.762,-0.470746469401484
2025-10-25,Tampa-St. Petersburg-Clearwater,2.934,3.402,3.738,-0.878378378378375
2025-10-26,Tampa-St. Petersburg-Clearwater,2.915,3.38,3.711,-0.6475800954328648
2025-10-27,Tampa-St. Petersburg-Clearwater,2.903,3.362,3.688,-0.41166380789022794
2025-10-28,Tampa-St. Petersburg-Clearwater,2.866,3.327,3.659,-1.274543575611431
2025-11-01,Tampa-St. Petersburg-Clearwater,3.001,3.451,3.785,4.710397766922525
2025-11-03,Tampa-St. Petersburg-Clearwater,2.985,3.441,3.765,-0.5331556147950667
2025-11-07,Tampa-St. Petersburg-Clearwater,2.882,3.358,3.69,-3.4505862646566077
2025-11-08,Tampa-St. Petersburg-Clearwater,2.86,3.333,3.656,-0.7633587786259666
2025-11-09,Tampa-St. Petersburg-Clearwater,2.84,3.299,3.632,-0.6993006993006978
2025-11-11,Tampa-St. Petersburg-Clearwater,2.934,3.418,3.743,3.309859154929584
2025-11-14,Tampa-St. Petersburg-Clearwater,2.941,3.411,3.745,0.23858214042262738
2025-11-15,Tampa-St. Petersburg-Clearwater,2.917,3.381,3.716,-0.8160489629377765
2025-11-16,Tampa-St. Petersburg-Clearwater,2.907,3.371,3.702,-0.34281796366129047
2025-11-17,Tampa-St. Petersburg-Clearwater,2.9,3.363,3.681,-0.2407980736154114
2025-11-21,Tampa-St. Petersburg-Clearwater,3.17,3.639,3.958,9.310344827586214
2025-11-24,Tampa-St. Petersburg-Clearwater,3.147,3.617,3.937,-0.7255520504731883
2025-12-02,Tampa-St. Petersburg-Clearwater,2.997,3.456,3.781,-4.766444232602474
2025-12-04,Tampa-St. Petersburg-Clearwater,3.008,3.478,3.807,0.36703370036703653
2025-12-11,Tampa-St. Petersburg-Clearwater,2.836,3.307,3.632,-5.718085106382986
2025-12-17,Tampa-St. Petersburg-Clearwater,2.905,3.394,3.716,2.4330042313116973
2025-12-22,Tampa-St. Petersburg-Clearwater,2.856,3.313,3.628,-1.6867469879518038
2025-12-23,Tampa-St. Petersburg-Clearwater,2.814,3.275,3.599,-1.4705882352941124
2025-12-26,Tampa-St. Petersburg-Clearwater,2.756,3.221,3.551,-2.061122956645356
2025-12-27,Tampa-St. Petersburg-Clearwater,2.716,3.166,3.492,-1.4513788098693636
2025-12-29,Tampa-St. Petersburg-Clearwater,2.685,3.129,3.468,-1.1413843888070763
2025-12-30,Tampa-St. Petersburg-Clearwater,2.823,3.31,3.626,5.139664804469279
2022-01-28,The Villages,3.326,3.7,3.976,
2022-01-28,The Villages,3.326,3.7,3.976,0.0
2022-03-07,The Villages,4.008,4.32,4.734,20.505111244738416
2022-03-07,The Villages,4.008,4.32,4.734,0.0
2022-03-08,The Villages,4.008,4.32,4.734,0.0
2022-03-08,The Villages,4.008,4.32,4.734,0.0
2022-03-22,The Villages,4.096,4.514,4.785,2.195608782435121
2022-03-22,The Villages,4.096,4.514,4.785,0.0
2022-04-01,The Villages,4.145,4.562,4.864,1.1962890624999778
2022-04-01,The Villages,4.145,4.562,4.864,0.0
2022-04-14,The Villages,3.947,4.334,4.7,-4.776839565741842
2022-04-19,The Villages,4.068,4.495,4.837,3.065619457816049
2022-05-11,The Villages,4.29,4.644,4.969,5.457227138643073
2022-05-25,The Villages,4.524,4.887,5.214,5.454545454545445
2022-05-29,The Villages,4.528,4.918,5.276,0.08841732979663064
2022-05-31,The Villages,4.532,4.912,5.247,0.08833922261484162
2022-06-06,The Villages,4.715,5.077,5.441,4.037952338923212
2022-06-09,The Villages,4.741,5.113,5.473,0.551431601272534
2022-06-25,The Villages,4.628,5.04,5.419,-2.3834634043450653
2022-06-26,The Villages,4.597,5.017,5.383,-0.6698357821953271
2022-06-27,The Villages,4.597,5.017,5.383,0.0
2022-06-29,The Villages,4.545,4.96,5.252,-1.1311725038068432
2022-06-30,The Villages,4.563,4.925,5.294,0.3960396039603964
2022-07-02,The Villages,4.517,4.927,5.299,-1.008108700416377
2022-07-10,The Villages,4.327,4.733,5.158,-4.206331636041627
2022-08-01,The Villages,3.745,4.159,4.51,-13.450427547954702
2022-09-22,The Villages,3.311,3.696,4.004,-11.588785046728978
2022-09-23,The Villages,3.329,3.73,4.014,0.5436424041075361
2022-09-27,The Villages,3.344,3.743,4.09,0.45058576148993
2022-10-02,The Villages,3.192,3.662,3.942,-4.545454545454541
2022-10-03,The Villages,3.165,3.602,3.913,-0.8458646616541388
2022-10-04,The Villages,3.14,3.554,3.875,-0.7898894154818259
2022-11-05,The Villages,3.373,3.758,4.139,7.4203821656050994
2022-11-10,The Villages,3.587,3.96,4.3,6.344500444707979
2022-11-21,The Villages,3.438,3.817,4.173,-4.153889043769166
2022-11-26,The Villages,3.386,3.78,4.189,-1.512507271669572
2022-11-28,The Villages,3.369,3.773,4.158,-0.5020673360897732
2022-11-30,The Villages,3.355,3.759,4.109,-0.41555357672901083
2022-12-01,The Villages,3.33,3.737,4.041,-0.7451564828613977
2022-12-05,The Villages,3.252,3.684,4.027,-2.3423423423423517
2022-12-07,The Villages,3.22,3.657,3.974,-0.9840098400983877
2022-12-08,The Villages,3.155,3.556,3.939,-2.018633540372683
2022-12-10,The Villages,3.147,3.543,3.871,-0.25356576862123337
2023-01-19,The Villages,3.386,3.796,4.143,7.594534477279957
2023-03-23,The Villages,3.397,3.765,4.16,0.32486709982280093
2023-03-27,The Villages,3.346,3.714,4.082,-1.5013246982631623
2023-03-30,The Villages,3.472,3.879,4.226,3.765690376569042
2023-04-02,The Villages,3.481,3.868,4.234,0.2592165898617438
2023-04-03,The Villages,3.47,3.835,4.21,-0.3160011490950798
2023-05-15,The Villages,3.425,3.772,4.152,-1.2968299711815678
2023-05-16,The Villages,3.417,3.817,4.142,-0.23357664233576436
2023-05-17,The Villages,3.411,3.842,4.123,-0.17559262510974394
2023-05-18,The Villages,3.389,3.776,4.103,-0.6449721489299343
2023-05-22,The Villages,3.35,3.699,4.089,-1.1507819415756737
2023-05-24,The Villages,3.315,3.68,4.046,-1.0447761194029903
2023-05-25,The Villages,3.306,3.652,4.047,-0.2714932126696823
2023-05-26,The Villages,3.291,3.635,3.945,-0.45372050816697707
2023-05-30,The Villages,3.375,3.796,4.1,2.5524156791248975
2023-05-31,The Villages,3.365,3.786,4.157,-0.2962962962962945
2023-06-01,The Villages,3.352,3.744,4.131,-0.38632986627044064
2023-06-06,The Villages,3.307,3.689,4.068,-1.3424821002386622
2023-06-07,The Villages,3.285,3.696,4.069,-0.6652555185969078
2023-06-09,The Villages,3.333,3.726,4.055,1.461187214611881
2023-06-10,The Villages,3.333,3.726,4.055,0.0
2023-06-13,The Villages,3.456,3.907,4.247,3.6903690369036735
2023-06-14,The Villages,3.458,3.879,4.27,0.057870370370372015
2023-06-16,The Villages,3.436,3.871,4.213,-0.6362058993638064
2023-06-23,The Villages,3.368,3.789,4.149,-1.9790454016298087
2023-07-04,The Villages,3.214,3.625,4.006,-4.572446555819476
2023-11-11,The Villages,3.156,3.601,3.993,-1.8046048537647685
2023-11-29,The Villages,3.157,3.541,3.896,0.03168567807350087
2024-01-18,The Villages,3.021,3.428,3.797,-4.307887234716512
2024-02-21,The Villages,3.356,3.715,4.093,11.089043363124794
2024-02-26,The Villages,3.282,3.667,3.996,-2.205005959475559
2024-02-27,The Villages,3.247,3.629,4.011,-1.0664229128580227
2024-02-28,The Villages,3.352,3.725,4.103,3.2337542346781545
2024-03-01,The Villages,3.354,3.785,4.13,0.05966587112171684
2024-03-02,The Villages,3.339,3.755,4.097,-0.4472271914132464
2024-03-04,The Villages,3.307,3.74,4.096,-0.95837076969153
2024-03-05,The Villages,3.279,3.693,4.046,-0.846688841850618
2024-04-11,The Villages,3.594,3.964,4.335,9.60658737419946
2024-04-22,The Villages,3.546,3.923,4.268,-1.3355592654424098
2024-04-23,The Villages,3.546,3.923,4.268,0.0
2024-05-06,The Villages,3.624,4.042,4.357,2.1996615905245376
2024-05-19,The Villages,3.417,3.819,4.208,-5.711920529801329
2024-05-24,The Villages,3.53,3.959,4.294,3.3069944395668793
2024-05-31,The Villages,3.5,3.919,4.242,-0.8498583569405027
2024-06-03,The Villages,3.442,3.828,4.176,-1.657142857142857
2024-06-12,The Villages,3.256,3.651,4.037,-5.403834979663003
2024-06-16,The Villages,3.236,3.656,4.019,-0.6142506142505999
2024-06-20,The Villages,3.377,3.758,4.14,4.357231149567364
2024-06-21,The Villages,3.377,3.758,4.14,0.0
2024-06-23,The Villages,3.362,3.798,4.136,-0.4441812259401767
2024-06-29,The Villages,3.416,3.812,4.197,1.6061867935752483
2024-07-04,The Villages,3.566,3.998,4.339,4.391100702576112
2024-07-09,The Villages,3.49,3.877,4.296,-2.13123948401569
2024-07-10,The Villages,3.49,3.877,4.296,0.0
2024-07-12,The Villages,3.594,3.996,4.361,2.9799426934097317
2024-07-18,The Villages,3.499,3.906,4.226,-2.6432943795214214
2024-07-22,The Villages,3.389,3.792,4.155,-3.1437553586739164
2024-07-24,The Villages,3.492,3.884,4.269,3.0392446149306585
2024-07-25,The Villages,3.492,3.884,4.269,0.0
2024-08-01,The Villages,3.43,3.837,4.229,-1.7754868270332125
2024-08-11,The Villages,3.376,3.776,4.162,-1.574344023323626
2024-08-16,The Villages,3.365,3.797,4.186,-0.3258293838862447
2024-08-17,The Villages,3.365,3.797,4.186,0.0
2024-08-18,The Villages,3.311,3.715,4.102,-1.6047548291233338
2024-08-19,The Villages,3.301,3.684,4.062,-0.30202355783750523
2024-08-20,The Villages,3.301,3.684,4.062,0.0
2024-09-07,The Villages,3.202,3.642,4.037,-2.999091184489555
2024-09-09,The Villages,3.137,3.531,3.894,-2.0299812617114332
2024-09-16,The Villages,3.076,3.513,3.901,-1.9445329933057032
2024-09-19,The Villages,3.161,3.609,4.01,2.763328998699599
2024-09-21,The Villages,3.14,3.557,3.945,-0.6643467257197111
2024-09-23,The Villages,3.14,3.557,3.945,0.0
2024-09-24,The Villages,3.156,3.541,3.938,0.5095541401273884
2024-09-25,The Villages,3.156,3.541,3.938,0.0
2024-09-26,The Villages,3.191,3.597,3.99,1.1089987325728634
2024-09-27,The Villages,3.191,3.616,4.025,0.0
2024-10-01,The Villages,3.189,3.606,3.994,-0.06267627702913892
2024-10-02,The Villages,3.173,3.58,3.972,-0.5017246785826268
2024-10-04,The Villages,3.133,3.529,3.911,-1.2606366214938602
2024-10-06,The Villages,3.104,3.492,3.855,-0.9256303862112958
2024-10-09,The Villages,3.129,3.508,3.92,0.8054123711340067
2024-10-13,The Villages,3.095,3.522,3.878,-1.0866091403004097
2024-10-21,The Villages,3.057,3.449,3.844,-1.2277867528271535
2024-11-01,The Villages,3.077,3.485,3.933,0.6542361792607032
2024-11-02,The Villages,3.077,3.485,3.933,0.0
2024-11-04,The Villages,3.04,3.467,3.87,-1.202469938251538
2024-11-05,The Villages,3.104,3.512,3.945,2.1052631578947434
2024-11-06,The Villages,3.143,3.56,3.957,1.2564432989690566
2024-11-07,The Villages,3.143,3.548,3.976,0.0
2024-11-08,The Villages,3.142,3.562,3.965,-0.031816735602918644
2024-11-10,The Villages,3.117,3.548,3.93,-0.7956715467854814
2024-11-11,The Villages,3.111,3.527,3.888,-0.19249278152068117
2024-11-12,The Villages,3.078,3.494,3.867,-1.0607521697203581
2024-11-13,The Villages,3.048,3.485,3.876,-0.9746588693957059
2024-11-14,The Villages,3.03,3.461,3.858,-0.5905511811023723
2024-11-15,The Villages,3.09,3.474,3.901,1.980198019801982
2024-11-16,The Villages,3.127,3.54,3.956,1.1974110032362484
2024-11-17,The Villages,3.123,3.553,3.969,-0.12791813239525496
2024-11-18,The Villages,3.126,3.525,3.937,0.09606147934677622
2024-11-19,The Villages,3.092,3.502,3.911,-1.0876519513755567
2024-11-20,The Villages,3.06,3.494,3.901,-1.0349288486416586
2024-11-21,The Villages,3.033,3.448,3.828,-0.8823529411764786
2024-11-22,The Villages,3.004,3.415,3.769,-0.9561490273656381
2024-11-24,The Villages,3.138,3.542,3.921,4.460719041278294
2024-11-25,The Villages,3.139,3.57,3.89,0.031867431485022024
2024-11-26,The Villages,3.14,3.572,3.872,0.03185727938834759
2024-11-27,The Villages,3.141,3.572,3.924,0.03184713375796733
2024-11-28,The Villages,3.148,3.577,3.951,0.22285896211398093
2024-12-01,The Villages,3.115,3.529,3.832,-1.048284625158824
2024-12-02,The Villages,3.111,3.511,3.844,-0.1284109149277679
2024-12-03,The Villages,3.086,3.474,3.852,-0.8036001285760319
2024-12-05,The Villages,3.043,3.446,3.834,-1.3933895009721198
2024-12-06,The Villages,3.007,3.431,3.821,-1.183043049622079
2024-12-07,The Villages,3.047,3.494,3.86,1.330229464582633
2024-12-08,The Villages,3.095,3.536,3.867,1.5753199868723256
2024-12-09,The Villages,3.121,3.573,3.916,0.8400646203553963
2024-12-10,The Villages,3.115,3.559,3.882,-0.1922460749759658
2024-12-11,The Villages,3.091,3.531,3.842,-0.7704654895666185
2024-12-12,The Villages,3.074,3.49,3.861,-0.5499838240051846
2024-12-13,The Villages,3.053,3.451,3.868,-0.6831489915419597
2024-12-16,The Villages,3.157,3.576,3.972,3.4064854241729448
2024-12-17,The Villages,3.152,3.59,3.981,-0.15837820715869366
2024-12-18,The Villages,3.125,3.575,3.959,-0.8565989847715727
2024-12-19,The Villages,3.095,3.516,3.925,-0.9599999999999942
2024-12-20,The Villages,3.065,3.486,3.884,-0.9693053311793265
2024-12-23,The Villages,3.022,3.418,3.826,-1.4029363784665683
2024-12-24,The Villages,3.119,3.547,3.929,3.2097948378557284
2024-12-27,The Villages,3.126,3.54,3.924,0.22443090734207694
2024-12-28,The Villages,3.102,3.523,3.914,-0.7677543186180413
2024-12-29,The Villages,3.095,3.497,3.889,-0.22566086395872098
2024-12-30,The Villages,3.08,3.491,3.863,-0.4846526655896688
2025-01-01,The Villages,3.116,3.532,3.935,1.1688311688311748
2025-01-02,The Villages,3.149,3.59,3.98,1.0590500641848521
2025-01-03,The Villages,3.156,3.576,3.956,0.22229279136234403
2025-01-05,The Villages,3.126,3.551,3.918,-0.9505703422053258
2025-01-06,The Villages,3.112,3.526,3.913,-0.44785668586051486
2025-01-07,The Villages,3.101,3.524,3.904,-0.35347043701799974
2025-01-08,The Villages,3.081,3.498,3.863,-0.6449532408900338
2025-01-09,The Villages,3.111,3.523,3.893,0.9737098344693385
2025-01-11,The Villages,3.154,3.565,3.958,1.3821922211507465
2025-01-13,The Villages,3.094,3.473,3.885,-1.9023462270133185
2025-01-14,The Villages,3.162,3.565,3.973,2.19780219780219
2025-01-15,The Villages,3.257,3.685,4.084,3.0044275774826046
2025-01-16,The Villages,3.241,3.659,4.054,-0.4912496162112423
2025-01-17,The Villages,3.216,3.631,4.029,-0.7713668620796033
2025-01-18,The Villages,3.19,3.614,3.998,-0.8084577114427893
2025-01-19,The Villages,3.165,3.576,3.98,-0.7836990595611271
2025-01-20,The Villages,3.136,3.554,3.927,-0.9162717219589278
2025-01-21,The Villages,3.134,3.522,3.921,-0.06377551020408934
2025-01-23,The Villages,3.087,3.477,3.879,-1.4996809189534055
2025-01-24,The Villages,3.162,3.589,3.945,2.4295432458697697
2025-01-26,The Villages,3.212,3.612,4.015,1.5812776723592714
2025-01-27,The Villages,3.2,3.596,3.994,-0.37359900373599153
2025-01-28,The Villages,3.185,3.594,3.988,-0.46875000000000666
2025-01-30,The Villages,3.155,3.577,3.975,-0.9419152276295195
2025-02-01,The Villages,3.095,3.492,3.933,-1.9017432646592614
2025-02-02,The Villages,3.08,3.473,3.891,-0.4846526655896688
2025-02-03,The Villages,3.068,3.445,3.848,-0.3896103896103953
2025-02-04,The Villages,3.17,3.636,3.98,3.3246414602346785
2025-02-06,The Villages,3.221,3.653,4.029,1.6088328075709812
2025-02-07,The Villages,3.221,3.653,4.029,0.0
2025-02-09,The Villages,3.164,3.587,3.946,-1.7696367587705653
2025-02-10,The Villages,3.15,3.548,3.903,-0.4424778761062065
2025-02-11,The Villages,3.123,3.531,3.91,-0.8571428571428452
2025-02-12,The Villages,3.101,3.497,3.9,-0.70445084854307
2025-02-13,The Villages,3.084,3.443,3.889,-0.5482102547565315
2025-02-15,The Villages,3.04,3.407,3.817,-1.4267185473411215
2025-02-16,The Villages,3.034,3.399,3.792,-0.19736842105263497
2025-02-17,The Villages,3.027,3.375,3.771,-0.23071852340144083
2025-02-18,The Villages,3.128,3.534,3.94,3.3366369342583413
2025-02-19,The Villages,3.165,3.577,3.914,1.182864450127874
2025-02-20,The Villages,3.178,3.599,3.959,0.41074249605055346
2025-02-21,The Villages,3.119,3.527,3.926,-1.8565135305223301
2025-02-22,The Villages,3.089,3.512,3.864,-0.9618467457518487
2025-02-23,The Villages,3.078,3.486,3.819,-0.35610229847847785
2025-02-25,The Villages,3.105,3.482,3.897,0.8771929824561431
2025-02-26,The Villages,3.157,3.574,3.957,1.6747181964573254
2025-02-27,The Villages,3.132,3.586,3.949,-0.7918910357934683
2025-02-28,The Villages,3.11,3.525,3.93,-0.7024265644955396
2025-03-01,The Villages,3.084,3.492,3.916,-0.8360128617363238
2025-03-02,The Villages,3.063,3.508,3.861,-0.6809338521400754
2025-03-03,The Villages,3.061,3.471,3.817,-0.06529546196539782
2025-03-04,The Villages,3.027,3.41,3.794,-1.110748121528904
2025-03-06,The Villages,3.114,3.551,3.908,2.874132804757168
2025-03-07,The Villages,3.114,3.537,3.882,0.0
2025-03-08,The Villages,3.075,3.486,3.882,-1.252408477841993
2025-03-09,The Villages,3.054,3.466,3.885,-0.6829268292683044
2025-03-10,The Villages,3.048,3.423,3.861,-0.19646365422396617
2025-03-11,The Villages,3.032,3.457,3.845,-0.5249343832021025
2025-03-12,The Villages,3.014,3.433,3.842,-0.5936675461741481
2025-03-13,The Villages,2.994,3.402,3.807,-0.6635700066356831
2025-03-14,The Villages,3.097,3.54,3.94,3.4402137608550376
2025-03-15,The Villages,3.131,3.561,3.961,1.0978366160800723
2025-03-16,The Villages,3.098,3.494,3.927,-1.0539763653784728
2025-03-17,The Villages,3.082,3.477,3.895,-0.5164622336991664
2025-03-18,The Villages,3.054,3.457,3.836,-0.9085009733938998
2025-03-19,The Villages,3.03,3.432,3.829,-0.7858546168958758
2025-03-20,The Villages,3.019,3.415,3.832,-0.36303630363034856
2025-03-21,The Villages,2.997,3.397,3.772,-0.7287181185823166
2025-03-22,The Villages,2.973,3.394,3.782,-0.800800800800805
2025-03-24,The Villages,2.958,3.333,3.746,-0.504540867810277
2025-03-25,The Villages,3.069,3.494,3.876,3.7525354969573987
2025-03-26,The Villages,3.125,3.534,3.888,1.8246985988921383
2025-03-27,The Villages,3.11,3.529,3.905,-0.48000000000000265
2025-03-28,The Villages,3.095,3.52,3.9,-0.4823151125401881
2025-03-29,The Villages,3.099,3.51,3.849,0.12924071082391908
2025-03-30,The Villages,3.082,3.478,3.869,-0.5485640529203084
2025-03-31,The Villages,3.074,3.444,3.88,-0.2595717066839698
2025-04-02,The Villages,3.166,3.581,3.959,2.9928432010409844
2025-04-03,The Villages,3.232,3.634,4.015,2.0846493998736726
2025-04-04,The Villages,3.232,3.663,4.035,0.0
2025-04-05,The Villages,3.226,3.657,4.009,-0.18564356435644136
2025-04-06,The Villages,3.214,3.62,4.02,-0.37197768133911957
2025-04-07,The Villages,3.204,3.595,3.99,-0.3111387678904731
2025-04-08,The Villages,3.229,3.638,4.034,0.7802746566791585
2025-04-09,The Villages,3.242,3.648,4.06,0.40260142458965475
2025-04-10,The Villages,3.226,3.647,4.005,-0.4935225169648394
2025-04-11,The Villages,3.204,3.625,3.964,-0.6819590824550414
2025-04-12,The Villages,3.182,3.575,3.964,-0.6866416978776657
2025-04-13,The Villages,3.169,3.543,3.956,-0.40854808296668654
2025-04-14,The Villages,3.15,3.511,3.913,-0.5995582202587557
2025-04-15,The Villages,3.133,3.547,3.891,-0.53968253968254
2025-04-16,The Villages,3.11,3.533,3.887,-0.7341206511331078
2025-04-17,The Villages,3.09,3.484,3.894,-0.6430868167202619
2025-04-18,The Villages,3.05,3.469,3.867,-1.2944983818770184
2025-04-19,The Villages,3.048,3.454,3.866,-0.06557377049180024
2025-04-20,The Villages,3.026,3.416,3.875,-0.7217847769028896
2025-04-21,The Villages,2.998,3.397,3.815,-0.9253139458030302
2025-04-22,The Villages,3.11,3.553,3.901,3.735823882588374
2025-04-23,The Villages,3.17,3.595,3.964,1.9292604501607746
2025-04-24,The Villages,3.153,3.597,3.949,-0.5362776025236604
2025-04-25,The Villages,3.144,3.576,3.931,-0.2854424357754515
2025-04-26,The Villages,3.122,3.544,3.913,-0.6997455470738045
2025-04-27,The Villages,3.109,3.532,3.884,-0.41639974375400346
2025-04-28,The Villages,3.1,3.485,3.846,-0.2894821486008281
2025-04-29,The Villages,3.109,3.515,3.879,0.2903225806451637
2025-04-30,The Villages,3.194,3.627,4.016,2.7339980701190036
2025-05-01,The Villages,3.207,3.674,4.059,0.40701314965561064
2025-05-02,The Villages,3.202,3.64,4.024,-0.1559089491736776
2025-05-03,The Villages,3.174,3.604,3.989,-0.8744534665833914
2025-05-04,The Villages,3.16,3.57,3.933,-0.4410838059231148
2025-05-05,The Villages,3.151,3.548,3.938,-0.2848101265822911
2025-05-06,The Villages,3.128,3.538,3.938,-0.7299270072992581
2025-05-07,The Villages,3.102,3.508,3.918,-0.8312020460358172
2025-05-08,The Villages,3.069,3.463,3.841,-1.0638297872340385
2025-05-09,The Villages,3.035,3.428,3.86,-1.1078527207559419
2025-05-10,The Villages,3.006,3.411,3.817,-0.9555189456342816
2025-05-11,The Villages,2.991,3.381,3.745,-0.499001996007975
2025-05-12,The Villages,2.977,3.321,3.745,-0.4680708793045829
2025-05-13,The Villages,3.091,3.479,3.897,3.8293584145112636
2025-05-14,The Villages,3.139,3.517,3.926,1.552895503073426
2025-05-15,The Villages,3.124,3.524,3.951,-0.47785919082509176
2025-05-16,The Villages,3.106,3.534,3.936,-0.5761843790012877
2025-05-17,The Villages,3.083,3.522,3.874,-0.7405022537025019
2025-05-18,The Villages,3.064,3.485,3.862,-0.6162828413882604
2025-05-19,The Villages,3.057,3.44,3.819,-0.22845953002611497
2025-05-20,The Villages,3.034,3.437,3.807,-0.7523716061498265
2025-05-21,The Villages,3.115,3.557,3.919,2.6697429136453676
2025-05-22,The Villages,3.16,3.602,3.962,1.4446227929374
2025-05-23,The Villages,3.16,3.605,3.98,0.0
2025-05-24,The Villages,3.136,3.586,3.97,-0.75949367088608
2025-05-25,The Villages,3.122,3.559,3.932,-0.44642857142858094
2025-05-26,The Villages,3.107,3.49,3.892,-0.48046124279307323
2025-05-27,The Villages,3.104,3.498,3.891,-0.09655616350177088
2025-05-28,The Villages,3.073,3.493,3.838,-0.9987113402061931
2025-05-29,The Villages,3.138,3.565,3.959,2.1151968760169115
2025-05-30,The Villages,3.157,3.57,3.969,0.6054811982154185
2025-05-31,The Villages,3.138,3.553,3.949,-0.601837187203047
2025-06-01,The Villages,3.118,3.524,3.954,-0.6373486297004516
2025-06-02,The Villages,3.112,3.509,3.908,-0.19243104554200752
2025-06-03,The Villages,3.087,3.476,3.863,-0.8033419023136257
2025-06-04,The Villages,3.043,3.467,3.819,-1.4253320375769318
2025-06-05,The Villages,3.107,3.53,3.912,2.103187643772597
2025-06-07,The Villages,3.146,3.578,3.964,1.2552301255229992
2025-06-08,The Villages,3.125,3.548,3.91,-0.6675143038779363
2025-06-09,The Villages,3.109,3.499,3.862,-0.5120000000000013
2025-06-10,The Villages,3.071,3.466,3.878,-1.2222579607590767
2025-06-11,The Villages,3.043,3.459,3.874,-0.9117551286226044
2025-06-13,The Villages,3.004,3.385,3.772,-1.2816299704239253
2025-06-14,The Villages,2.984,3.358,3.756,-0.665778961384822
2025-06-15,The Villages,2.969,3.343,3.73,-0.5026809651474617
2025-06-16,The Villages,2.986,3.337,3.755,0.5725833614011577
2025-06-17,The Villages,3.064,3.463,3.902,2.612190221031474
2025-06-18,The Villages,3.104,3.528,3.928,1.305483028720622
2025-06-19,The Villages,3.152,3.61,3.985,1.546391752577314
2025-06-20,The Villages,3.152,3.561,3.959,0.0
2025-06-21,The Villages,3.133,3.54,3.93,-0.6027918781725927
2025-06-22,The Villages,3.115,3.507,3.89,-0.5745292052345974
2025-06-23,The Villages,3.103,3.491,3.846,-0.3852327447833037
2025-06-24,The Villages,3.086,3.481,3.837,-0.5478569126651789
2025-06-25,The Villages,3.07,3.465,3.839,-0.5184705119896327
2025-06-26,The Villages,3.047,3.48,3.822,-0.7491856677524278
2025-06-27,The Villages,3.01,3.453,3.774,-1.2143091565474329
2025-06-28,The Villages,2.975,3.37,3.751,-1.1627906976744096
2025-06-29,The Villages,2.962,3.358,3.77,-0.43697478991596705
2025-06-30,The Villages,2.942,3.323,3.72,-0.6752194463200523
2025-07-01,The Villages,3.071,3.52,3.919,4.384772263766146
2025-07-02,The Villages,3.124,3.588,4.001,1.7258222077499275
2025-07-03,The Villages,3.145,3.589,3.954,0.6722151088348172
2025-07-04,The Villages,3.129,3.552,3.892,-0.5087440381558062
2025-07-05,The Villages,3.108,3.503,3.873,-0.6711409395973145
2025-07-06,The Villages,3.087,3.509,3.871,-0.6756756756756688
2025-07-07,The Villages,3.081,3.493,3.852,-0.19436345966958868
2025-07-08,The Villages,3.057,3.472,3.846,-0.7789678675754641
2025-07-09,The Villages,3.026,3.433,3.802,-1.0140660778541144
2025-07-10,The Villages,3.001,3.407,3.765,-0.8261731658955718
2025-07-11,The Villages,2.979,3.361,3.788,-0.7330889703432097
2025-07-12,The Villages,2.95,3.338,3.816,-0.973481033903989
2025-07-13,The Villages,2.944,3.323,3.735,-0.20338983050848247
2025-07-14,The Villages,2.921,3.264,3.644,-0.78125
2025-07-15,The Villages,2.94,3.322,3.708,0.650462170489563
2025-07-16,The Villages,3.063,3.482,3.942,4.183673469387772
2025-07-17,The Villages,3.109,3.543,3.992,1.5017956252040499
2025-07-18,The Villages,3.156,3.555,3.988,1.511740109359927
2025-07-19,The Villages,3.137,3.514,3.961,-0.6020278833967052
2025-07-20,The Villages,3.106,3.527,3.927,-0.9882052916799555
2025-07-21,The Villages,3.09,3.514,3.86,-0.5151320025756578
2025-07-22,The Villages,3.066,3.49,3.811,-0.7766990291262155
2025-07-23,The Villages,3.032,3.442,3.802,-1.108936725375076
2025-07-24,The Villages,3.124,3.574,3.998,3.034300791556732
2025-07-25,The Villages,3.173,3.629,4.02,1.5685019206145956
2025-07-26,The Villages,3.157,3.62,3.99,-0.5042546485975463
2025-07-27,The Villages,3.131,3.571,3.926,-0.8235666772252181
2025-07-28,The Villages,3.116,3.508,3.88,-0.4790801660811139
2025-07-29,The Villages,3.097,3.499,3.899,-0.6097560975609762
2025-07-30,The Villages,3.064,3.471,3.907,-1.065547303842429
2025-07-31,The Villages,3.047,3.445,3.867,-0.5548302872062649
2025-08-01,The Villages,3.017,3.428,3.844,-0.9845749917952173
2025-08-02,The Villages,3.001,3.412,3.802,-0.530328140536962
2025-08-03,The Villages,2.985,3.38,3.736,-0.5331556147950667
2025-08-04,The Villages,2.951,3.321,3.696,-1.1390284757118896
2025-08-05,The Villages,3.164,3.592,3.948,7.217892239918666
2025-08-06,The Villages,3.177,3.614,3.974,0.41087231352718856
2025-08-07,The Villages,3.159,3.608,3.915,-0.56657223796035
2025-08-08,The Villages,3.132,3.578,3.919,-0.8547008547008406
2025-08-09,The Villages,3.104,3.528,3.907,-0.8939974457215838
2025-08-10,The Villages,3.087,3.512,3.873,-0.5476804123711321
2025-08-11,The Villages,3.077,3.487,3.857,-0.32393909944931076
2025-08-12,The Villages,3.053,3.483,3.829,-0.7799805004874871
2025-08-13,The Villages,3.136,3.553,3.939,2.7186374058303375
2025-08-14,The Villages,3.166,3.551,3.969,0.956632653061229
2025-08-15,The Villages,3.157,3.57,3.938,-0.2842703727100382
2025-08-16,The Villages,3.125,3.585,3.891,-1.0136205258156505
2025-08-17,The Villages,3.101,3.524,3.849,-0.768000000000002
2025-08-18,The Villages,3.084,3.479,3.855,-0.5482102547565315
2025-08-19,The Villages,3.057,3.445,3.847,-0.8754863813229652
2025-08-20,The Villages,3.02,3.42,3.803,-1.2103369316323165
2025-08-21,The Villages,2.994,3.384,3.745,-0.8609271523178696
2025-08-22,The Villages,2.971,3.348,3.712,-0.7682030728122902
2025-08-23,The Villages,2.942,3.315,3.706,-0.9761023224503451
2025-08-24,The Villages,2.917,3.264,3.677,-0.8497620666213623
2025-08-25,The Villages,2.914,3.249,3.646,-0.1028453890983827
2025-08-26,The Villages,3.008,3.428,3.88,3.2258064516129004
2025-08-27,The Villages,3.086,3.504,3.97,2.593085106382964
2025-08-28,The Villages,3.154,3.615,3.988,2.203499675955922
2025-08-29,The Villages,3.145,3.631,3.958,-0.28535193405199166
2025-08-30,The Villages,3.104,3.524,3.905,-1.3036565977742387
2025-08-31,The Villages,3.07,3.501,3.842,-1.0953608247422753
2025-09-01,The Villages,3.045,3.467,3.798,-0.8143322475570036
2025-09-02,The Villages,3.012,3.408,3.784,-1.0837438423645263
2025-09-03,The Villages,3.12,3.56,3.891,3.585657370517925
2025-09-04,The Villages,3.166,3.586,3.947,1.4743589743589691
2025-09-05,The Villages,3.144,3.564,3.938,-0.6948831332912131
2025-09-06,The Villages,3.101,3.508,3.888,-1.3676844783715114
2025-09-07,The Villages,3.077,3.472,3.846,-0.7739438890680406
2025-09-08,The Villages,3.056,3.453,3.798,-0.682482937926554
2025-09-09,The Villages,3.02,3.419,3.784,-1.1780104712041939
2025-09-10,The Villages,2.975,3.372,3.768,-1.490066225165565
2025-09-11,The Villages,2.951,3.356,3.722,-0.806722689075634
2025-09-12,The Villages,2.925,3.343,3.705,-0.8810572687224738
2025-09-13,The Villages,2.902,3.315,3.678,-0.7863247863247769
2025-09-14,The Villages,2.899,3.27,3.67,-0.1033769813921448
2025-09-15,The Villages,2.913,3.306,3.679,0.4829251466022644
2025-09-16,The Villages,3.051,3.475,3.949,4.7373841400617955
2025-09-17,The Villages,3.117,3.54,4.051,2.163225172074723
2025-09-18,The Villages,3.184,3.646,4.05,2.1495027269810674
2025-09-19,The Villages,3.188,3.641,3.993,0.12562814070351536
2025-09-20,The Villages,3.152,3.573,3.911,-1.129234629861986
2025-09-21,The Villages,3.124,3.534,3.903,-0.8883248730964466
2025-09-22,The Villages,3.102,3.511,3.859,-0.7042253521126862
2025-09-23,The Villages,3.036,3.461,3.761,-2.127659574468077
2025-09-24,The Villages,2.967,3.406,3.745,-2.2727272727272707
2025-09-25,The Villages,3.003,3.394,3.799,1.213346814964611
2025-09-26,The Villages,2.949,3.329,3.706,-1.798201798201804
2025-09-27,The Villages,2.879,3.241,3.622,-2.373685995252628
2025-09-28,The Villages,2.856,3.208,3.614,-0.7988885029524218
2025-09-29,The Villages,2.903,3.274,3.674,1.6456582633053385
2025-09-30,The Villages,3.119,3.559,3.93,7.440578711677581
2025-10-01,The Villages,3.149,3.606,3.95,0.9618467457518376
2025-10-02,The Villages,3.134,3.566,3.921,-0.4763416957764388
2025-10-03,The Villages,3.074,3.492,3.841,-1.914486279514993
2025-10-04,The Villages,3.031,3.444,3.834,-1.3988288874430599
2025-10-05,The Villages,3.012,3.421,3.802,-0.6268558231606769
2025-10-06,The Villages,2.992,3.4,3.76,-0.6640106241699861
2025-10-07,The Villages,2.967,3.388,3.766,-0.8355614973261982
2025-10-08,The Villages,2.939,3.341,3.734,-0.9437141894169221
2025-10-09,The Villages,2.983,3.439,3.8,1.4971078598162713
2025-10-10,The Villages,2.923,3.363,3.711,-2.01139792155548
2025-10-11,The Villages,2.919,3.325,3.706,-0.13684570646596006
2025-10-12,The Villages,2.897,3.316,3.665,-0.7536827680712621
2025-10-13,The Villages,2.874,3.253,3.597,-0.7939247497411039
2025-10-14,The Villages,2.947,3.409,3.758,2.540013917884476
2025-10-15,The Villages,2.99,3.446,3.797,1.459110960298604
2025-10-16,The Villages,2.963,3.403,3.729,-0.9030100334448177
2025-10-17,The Villages,2.921,3.361,3.683,-1.4174822814714938
2025-10-18,The Villages,2.892,3.327,3.708,-0.9928106812735371
2025-10-19,The Villages,2.867,3.287,3.657,-0.8644536652835377
2025-10-20,The Villages,2.849,3.256,3.597,-0.6278339727938564
2025-10-21,The Villages,2.83,3.244,3.635,-0.6669006669006716
2025-10-22,The Villages,2.947,3.369,3.759,4.134275618374561
2025-10-23,The Villages,2.954,3.376,3.719,0.23752969121140222
2025-10-24,The Villages,2.93,3.388,3.669,-0.8124576844956044
2025-10-25,The Villages,2.91,3.369,3.623,-0.6825938566552892
2025-10-26,The Villages,2.885,3.324,3.598,-0.85910652920963
2025-10-27,The Villages,2.87,3.243,3.62,-0.5199306759098632
2025-10-28,The Villages,2.845,3.223,3.663,-0.8710801393728151
2025-11-01,The Villages,2.974,3.411,3.774,4.5342706502636165
2025-11-03,The Villages,2.949,3.375,3.748,-0.840618695359796
2025-11-07,The Villages,2.869,3.284,3.665,-2.712783994574419
2025-11-08,The Villages,2.858,3.283,3.661,-0.3834088532589819
2025-11-09,The Villages,2.835,3.243,3.644,-0.8047585724282769
2025-11-11,The Villages,2.922,3.367,3.754,3.0687830687830653
2025-11-14,The Villages,2.937,3.396,3.728,0.5133470225872516
2025-11-15,The Villages,2.913,3.35,3.659,-0.8171603677221695
2025-11-16,The Villages,2.915,3.323,3.687,0.0686577411603162
2025-11-17,The Villages,2.907,3.3,3.695,-0.2744425385934779
2025-11-21,The Villages,3.121,3.593,3.904,7.361541107671132
2025-11-24,The Villages,3.078,3.501,3.862,-1.3777635373277808
2025-12-02,The Villages,2.963,3.357,3.714,-3.736192332683552
2025-12-04,The Villages,2.965,3.416,3.747,0.06749915626054204
2025-12-11,The Villages,2.827,3.251,3.6,-4.654300168634062
2025-12-17,The Villages,2.853,3.234,3.677,0.9197028652281558
2025-12-22,The Villages,2.86,3.267,3.569,0.2453557658604888
2025-12-23,The Villages,2.808,3.231,3.555,-1.8181818181818188
2025-12-26,The Villages,2.737,3.15,3.54,-2.528490028490016
2025-12-27,The Villages,2.692,3.107,3.433,-1.644135915235656
2025-12-29,The Villages,2.683,3.033,3.422,-0.33432392273403666
2025-12-30,The Villages,2.801,3.267,3.59,4.398061871039882
2022-01-28,West Palm Beach-Boca Raton,3.484,3.885,4.165,
2022-01-28,West Palm Beach-Boca Raton,3.484,3.885,4.165,0.0
2022-03-07,West Palm Beach-Boca Raton,4.113,4.426,4.773,18.053960964408745
2022-03-07,West Palm Beach-Boca Raton,4.113,4.426,4.773,0.0
2022-03-08,West Palm Beach-Boca Raton,4.113,4.426,4.773,0.0
2022-03-08,West Palm Beach-Boca Raton,4.113,4.426,4.773,0.0
2022-03-22,West Palm Beach-Boca Raton,4.315,4.716,5.029,4.911256990031609
2022-03-22,West Palm Beach-Boca Raton,4.315,4.716,5.029,0.0
2022-04-01,West Palm Beach-Boca Raton,4.345,4.749,5.077,0.6952491309385689
2022-04-01,West Palm Beach-Boca Raton,4.345,4.749,5.077,0.0
2022-04-14,West Palm Beach-Boca Raton,4.247,4.68,5.001,-2.2554660529344073
2022-04-19,West Palm Beach-Boca Raton,4.258,4.654,4.976,0.25900635742877043
2022-05-11,West Palm Beach-Boca Raton,4.479,4.865,5.205,5.190230155002351
2022-05-25,West Palm Beach-Boca Raton,4.699,5.088,5.406,4.9118106720249965
2022-05-29,West Palm Beach-Boca Raton,4.711,5.103,5.408,0.25537348371995616
2022-05-31,West Palm Beach-Boca Raton,4.719,5.109,5.403,0.16981532583315584
2022-06-06,West Palm Beach-Boca Raton,4.896,5.274,5.585,3.75079465988557
2022-06-09,West Palm Beach-Boca Raton,4.913,5.316,5.629,0.3472222222222321
2022-06-25,West Palm Beach-Boca Raton,4.866,5.306,5.639,-0.9566456340321716
2022-06-26,West Palm Beach-Boca Raton,4.855,5.302,5.616,-0.2260583641594538
2022-06-27,West Palm Beach-Boca Raton,4.855,5.302,5.616,0.0
2022-06-29,West Palm Beach-Boca Raton,4.801,5.281,5.586,-1.1122554067971246
2022-06-30,West Palm Beach-Boca Raton,4.785,5.271,5.583,-0.33326390335346456
2022-07-02,West Palm Beach-Boca Raton,4.75,5.237,5.56,-0.7314524555903867
2022-07-10,West Palm Beach-Boca Raton,4.633,5.112,5.397,-2.463157894736845
2022-08-01,West Palm Beach-Boca Raton,4.168,4.611,4.936,-10.036693287286857
2022-09-22,West Palm Beach-Boca Raton,3.592,4.046,4.357,-13.819577735124767
2022-09-23,West Palm Beach-Boca Raton,3.582,4.032,4.351,-0.27839643652561863
2022-09-27,West Palm Beach-Boca Raton,3.575,4.038,4.312,-0.19542155220546586
2022-10-02,West Palm Beach-Boca Raton,3.466,3.893,4.226,-3.048951048951043
2022-10-03,West Palm Beach-Boca Raton,3.429,3.857,4.159,-1.067512983266028
2022-10-04,West Palm Beach-Boca Raton,3.381,3.818,4.118,-1.3998250218722696
2022-11-05,West Palm Beach-Boca Raton,3.634,4.074,4.395,7.48299319727892
2022-11-10,West Palm Beach-Boca Raton,3.712,4.121,4.47,2.1463951568519546
2022-11-21,West Palm Beach-Boca Raton,3.65,4.055,4.374,-1.6702586206896575
2022-11-26,West Palm Beach-Boca Raton,3.595,4.015,4.301,-1.5068493150684814
2022-11-28,West Palm Beach-Boca Raton,3.583,3.98,4.294,-0.3337969401947194
2022-11-30,West Palm Beach-Boca Raton,3.576,3.988,4.295,-0.1953670108847394
2022-12-01,West Palm Beach-Boca Raton,3.551,3.996,4.276,-0.6991051454138697
2022-12-05,West Palm Beach-Boca Raton,3.49,3.871,4.216,-1.717825964517039
2022-12-07,West Palm Beach-Boca Raton,3.48,3.91,4.228,-0.2865329512894088
2022-12-08,West Palm Beach-Boca Raton,3.442,3.871,4.179,-1.091954022988495
2022-12-10,West Palm Beach-Boca Raton,3.422,3.836,4.163,-0.5810575246949501
2023-01-19,West Palm Beach-Boca Raton,3.577,3.999,4.328,4.529514903565168
2023-03-23,West Palm Beach-Boca Raton,3.608,4.02,4.345,0.866648029074657
2023-03-27,West Palm Beach-Boca Raton,3.572,3.972,4.301,-0.9977827050997812
2023-03-30,West Palm Beach-Boca Raton,3.63,4.066,4.392,1.6237402015677471
2023-04-02,West Palm Beach-Boca Raton,3.643,4.061,4.37,0.3581267217630746
2023-04-03,West Palm Beach-Boca Raton,3.642,4.043,4.381,-0.027449903925336194
2023-05-15,West Palm Beach-Boca Raton,3.718,4.119,4.466,2.0867655134541474
2023-05-16,West Palm Beach-Boca Raton,3.709,4.107,4.458,-0.2420656266810095
2023-05-17,West Palm Beach-Boca Raton,3.688,4.132,4.441,-0.566190347802642
2023-05-18,West Palm Beach-Boca Raton,3.678,4.136,4.455,-0.27114967462039674
2023-05-22,West Palm Beach-Boca Raton,3.647,4.032,4.381,-0.8428493746601484
2023-05-24,West Palm Beach-Boca Raton,3.62,4.065,4.399,-0.7403345215245327
2023-05-25,West Palm Beach-Boca Raton,3.619,4.058,4.381,-0.027624309392260127
2023-05-26,West Palm Beach-Boca Raton,3.614,4.055,4.367,-0.13815971262780558
2023-05-30,West Palm Beach-Boca Raton,3.612,3.996,4.351,-0.055340343110121815
2023-05-31,West Palm Beach-Boca Raton,3.604,4.027,4.356,-0.22148394241418012
2023-06-01,West Palm Beach-Boca Raton,3.596,4.04,4.373,-0.2219755826859071
2023-06-06,West Palm Beach-Boca Raton,3.551,3.981,4.335,-1.251390433815347
2023-06-07,West Palm Beach-Boca Raton,3.548,3.986,4.338,-0.0844832441565746
2023-06-09,West Palm Beach-Boca Raton,3.565,3.995,4.341,0.4791431792559253
2023-06-10,West Palm Beach-Boca Raton,3.565,3.995,4.341,0.0
2023-06-13,West Palm Beach-Boca Raton,3.625,4.046,4.389,1.6830294530154388
2023-06-14,West Palm Beach-Boca Raton,3.621,4.055,4.369,-0.11034482758620623
2023-06-16,West Palm Beach-Boca Raton,3.6,4.046,4.376,-0.5799502899751396
2023-06-23,West Palm Beach-Boca Raton,3.536,3.99,4.317,-1.7777777777777781
2023-07-04,West Palm Beach-Boca Raton,3.432,3.878,4.157,-2.941176470588236
2023-11-11,West Palm Beach-Boca Raton,3.392,3.881,4.191,-1.1655011655011704
2023-11-29,West Palm Beach-Boca Raton,3.323,3.749,4.071,-2.0341981132075415
2024-01-18,West Palm Beach-Boca Raton,3.254,3.738,4.052,-2.0764369545591355
2024-02-21,West Palm Beach-Boca Raton,3.512,3.955,4.262,7.928703134603565
2024-02-26,West Palm Beach-Boca Raton,3.493,3.919,4.293,-0.5410022779043344
2024-02-27,West Palm Beach-Boca Raton,3.479,3.928,4.274,-0.4008016032064021
2024-02-28,West Palm Beach-Boca Raton,3.511,3.952,4.287,0.9198045415349299
2024-03-01,West Palm Beach-Boca Raton,3.538,4.0,4.314,0.7690116775847189
2024-03-02,West Palm Beach-Boca Raton,3.528,4.003,4.32,-0.2826455624646673
2024-03-04,West Palm Beach-Boca Raton,3.523,3.993,4.306,-0.14172335600907138
2024-03-05,West Palm Beach-Boca Raton,3.507,3.966,4.287,-0.4541583877377242
2024-04-11,West Palm Beach-Boca Raton,3.751,4.206,4.532,6.957513544339888
2024-04-22,West Palm Beach-Boca Raton,3.758,4.173,4.536,0.18661690215941995
2024-04-23,West Palm Beach-Boca Raton,3.758,4.173,4.536,0.0
2024-05-06,West Palm Beach-Boca Raton,3.769,4.224,4.525,0.2927088877062278
2024-05-19,West Palm Beach-Boca Raton,3.654,4.107,4.424,-3.0512072167683812
2024-05-24,West Palm Beach-Boca Raton,3.722,4.185,4.494,1.8609742747673907
2024-05-31,West Palm Beach-Boca Raton,3.665,4.128,4.456,-1.5314347125201522
2024-06-03,West Palm Beach-Boca Raton,3.631,4.053,4.371,-0.9276944065484405
2024-06-12,West Palm Beach-Boca Raton,3.496,3.958,4.258,-3.717984026438992
2024-06-16,West Palm Beach-Boca Raton,3.447,3.898,4.21,-1.4016018306636124
2024-06-20,West Palm Beach-Boca Raton,3.53,3.976,4.279,2.4078909196402654
2024-06-21,West Palm Beach-Boca Raton,3.53,3.976,4.279,0.0
2024-06-23,West Palm Beach-Boca Raton,3.539,3.973,4.311,0.25495750708215414
2024-06-29,West Palm Beach-Boca Raton,3.531,4.013,4.34,-0.2260525572195582
2024-07-04,West Palm Beach-Boca Raton,3.662,4.106,4.42,3.7099971679410926
2024-07-09,West Palm Beach-Boca Raton,3.647,4.07,4.431,-0.4096122337520547
2024-07-10,West Palm Beach-Boca Raton,3.647,4.07,4.431,0.0
2024-07-12,West Palm Beach-Boca Raton,3.684,4.111,4.45,1.0145324924595744
2024-07-18,West Palm Beach-Boca Raton,3.614,4.047,4.389,-1.9001085776330195
2024-07-22,West Palm Beach-Boca Raton,3.521,3.9,4.276,-2.5733259546209197
2024-07-24,West Palm Beach-Boca Raton,3.623,4.036,4.386,2.8969042885544027
2024-07-25,West Palm Beach-Boca Raton,3.623,4.036,4.386,0.0
2024-08-01,West Palm Beach-Boca Raton,3.574,3.999,4.356,-1.3524703284570894
2024-08-11,West Palm Beach-Boca Raton,3.501,3.897,4.282,-2.0425293788472243
2024-08-16,West Palm Beach-Boca Raton,3.519,3.992,4.32,0.5141388174807249
2024-08-17,West Palm Beach-Boca Raton,3.519,3.992,4.32,0.0
2024-08-18,West Palm Beach-Boca Raton,3.485,3.89,4.295,-0.9661835748792313
2024-08-19,West Palm Beach-Boca Raton,3.465,3.878,4.265,-0.5738880918220945
2024-08-20,West Palm Beach-Boca Raton,3.465,3.878,4.265,0.0
2024-09-07,West Palm Beach-Boca Raton,3.379,3.855,4.2,-2.481962481962474
2024-09-09,West Palm Beach-Boca Raton,3.336,3.781,4.117,-1.2725658478839885
2024-09-16,West Palm Beach-Boca Raton,3.279,3.716,4.065,-1.7086330935251803
2024-09-19,West Palm Beach-Boca Raton,3.327,3.804,4.131,1.4638609332113361
2024-09-21,West Palm Beach-Boca Raton,3.29,3.755,4.094,-1.1121130147279779
2024-09-23,West Palm Beach-Boca Raton,3.29,3.755,4.094,0.0
2024-09-24,West Palm Beach-Boca Raton,3.307,3.753,4.112,0.5167173252279555
2024-09-25,West Palm Beach-Boca Raton,3.307,3.753,4.112,0.0
2024-09-26,West Palm Beach-Boca Raton,3.328,3.796,4.141,0.6350166313879635
2024-09-27,West Palm Beach-Boca Raton,3.33,3.802,4.151,0.06009615384616751
2024-10-01,West Palm Beach-Boca Raton,3.313,3.768,4.1,-0.510510510510509
2024-10-02,West Palm Beach-Boca Raton,3.313,3.77,4.087,0.0
2024-10-04,West Palm Beach-Boca Raton,3.288,3.734,4.081,-0.7546030787805691
2024-10-06,West Palm Beach-Boca Raton,3.274,3.715,4.078,-0.42579075425790425
2024-10-09,West Palm Beach-Boca Raton,3.274,3.73,4.11,0.0
2024-10-13,West Palm Beach-Boca Raton,3.264,3.709,4.046,-0.30543677458766405
2024-10-21,West Palm Beach-Boca Raton,3.256,3.672,4.007,-0.2450980392156854
2024-11-01,West Palm Beach-Boca Raton,3.233,3.7,4.048,-0.7063882063881977
2024-11-02,West Palm Beach-Boca Raton,3.233,3.7,4.048,0.0
2024-11-04,West Palm Beach-Boca Raton,3.189,3.622,3.944,-1.3609650479430857
2024-11-05,West Palm Beach-Boca Raton,3.258,3.7,4.056,2.163687676387571
2024-11-06,West Palm Beach-Boca Raton,3.297,3.748,4.098,1.1970534069981609
2024-11-07,West Palm Beach-Boca Raton,3.302,3.77,4.096,0.15165301789505925
2024-11-08,West Palm Beach-Boca Raton,3.296,3.755,4.093,-0.181708055723806
2024-11-10,West Palm Beach-Boca Raton,3.27,3.742,4.057,-0.7888349514563076
2024-11-11,West Palm Beach-Boca Raton,3.262,3.717,4.054,-0.24464831804281717
2024-11-12,West Palm Beach-Boca Raton,3.24,3.685,4.046,-0.6744328632740548
2024-11-13,West Palm Beach-Boca Raton,3.229,3.685,4.032,-0.3395061728395099
2024-11-14,West Palm Beach-Boca Raton,3.2,3.663,4.022,-0.8981108702384666
2024-11-15,West Palm Beach-Boca Raton,3.246,3.692,4.022,1.4375000000000027
2024-11-16,West Palm Beach-Boca Raton,3.29,3.745,4.072,1.355514479359221
2024-11-17,West Palm Beach-Boca Raton,3.282,3.743,4.084,-0.2431610942249196
2024-11-18,West Palm Beach-Boca Raton,3.274,3.716,4.058,-0.24375380865325758
2024-11-19,West Palm Beach-Boca Raton,3.256,3.71,4.049,-0.5497861942577953
2024-11-20,West Palm Beach-Boca Raton,3.238,3.712,4.007,-0.5528255528255421
2024-11-21,West Palm Beach-Boca Raton,3.21,3.678,4.009,-0.8647313156269321
2024-11-22,West Palm Beach-Boca Raton,3.186,3.67,3.968,-0.747663551401867
2024-11-24,West Palm Beach-Boca Raton,3.276,3.717,4.049,2.824858757062132
2024-11-25,West Palm Beach-Boca Raton,3.291,3.726,4.059,0.45787545787545625
2024-11-26,West Palm Beach-Boca Raton,3.276,3.731,4.088,-0.45578851412945154
2024-11-27,West Palm Beach-Boca Raton,3.28,3.753,4.067,0.12210012210012167
2024-11-28,West Palm Beach-Boca Raton,3.281,3.752,4.079,0.03048780487806546
2024-12-01,West Palm Beach-Boca Raton,3.277,3.701,4.054,-0.12191405059432947
2024-12-02,West Palm Beach-Boca Raton,3.273,3.696,4.031,-0.12206286237412822
2024-12-03,West Palm Beach-Boca Raton,3.24,3.672,4.028,-1.0082493125572856
2024-12-05,West Palm Beach-Boca Raton,3.183,3.643,3.978,-1.7592592592592715
2024-12-06,West Palm Beach-Boca Raton,3.152,3.652,3.929,-0.9739239710964354
2024-12-07,West Palm Beach-Boca Raton,3.214,3.679,3.982,1.9670050761421365
2024-12-08,West Palm Beach-Boca Raton,3.255,3.686,4.029,1.275668948350961
2024-12-09,West Palm Beach-Boca Raton,3.266,3.702,4.047,0.3379416282642156
2024-12-10,West Palm Beach-Boca Raton,3.255,3.71,4.03,-0.3368034292712818
2024-12-11,West Palm Beach-Boca Raton,3.235,3.687,4.019,-0.6144393241167445
2024-12-12,West Palm Beach-Boca Raton,3.209,3.669,3.992,-0.8037094281298285
2024-12-13,West Palm Beach-Boca Raton,3.189,3.643,3.976,-0.6232471174820842
2024-12-16,West Palm Beach-Boca Raton,3.272,3.696,4.025,2.6026967701473724
2024-12-17,West Palm Beach-Boca Raton,3.269,3.704,4.049,-0.0916870415647808
2024-12-18,West Palm Beach-Boca Raton,3.255,3.702,4.038,-0.4282655246252709
2024-12-19,West Palm Beach-Boca Raton,3.237,3.694,4.025,-0.5529953917050578
2024-12-20,West Palm Beach-Boca Raton,3.218,3.692,3.988,-0.5869632375656519
2024-12-23,West Palm Beach-Boca Raton,3.175,3.61,3.944,-1.3362336855189616
2024-12-24,West Palm Beach-Boca Raton,3.218,3.676,3.99,1.354330708661422
2024-12-27,West Palm Beach-Boca Raton,3.242,3.664,4.009,0.7458048477315016
2024-12-28,West Palm Beach-Boca Raton,3.224,3.667,4.004,-0.5552128315854388
2024-12-29,West Palm Beach-Boca Raton,3.216,3.652,3.986,-0.2481389578163795
2024-12-30,West Palm Beach-Boca Raton,3.215,3.618,3.963,-0.031094527363195734
2025-01-01,West Palm Beach-Boca Raton,3.23,3.712,4.011,0.4665629860031162
2025-01-02,West Palm Beach-Boca Raton,3.251,3.696,4.012,0.6501547987616041
2025-01-03,West Palm Beach-Boca Raton,3.26,3.743,4.048,0.2768378960319895
2025-01-05,West Palm Beach-Boca Raton,3.245,3.697,4.014,-0.4601226993864893
2025-01-06,West Palm Beach-Boca Raton,3.236,3.651,3.98,-0.27734976887519025
2025-01-07,West Palm Beach-Boca Raton,3.211,3.654,4.0,-0.7725587144623125
2025-01-08,West Palm Beach-Boca Raton,3.189,3.662,3.979,-0.6851448146994676
2025-01-09,West Palm Beach-Boca Raton,3.24,3.722,4.034,1.599247412982141
2025-01-11,West Palm Beach-Boca Raton,3.265,3.726,4.076,0.7716049382715973
2025-01-13,West Palm Beach-Boca Raton,3.25,3.666,4.014,-0.45941807044410643
2025-01-14,West Palm Beach-Boca Raton,3.297,3.759,4.078,1.4461538461538526
2025-01-15,West Palm Beach-Boca Raton,3.34,3.792,4.123,1.3042159538974696
2025-01-16,West Palm Beach-Boca Raton,3.352,3.8,4.154,0.359281437125758
2025-01-17,West Palm Beach-Boca Raton,3.357,3.821,4.146,0.1491646778043032
2025-01-18,West Palm Beach-Boca Raton,3.342,3.806,4.127,-0.44682752457552155
2025-01-19,West Palm Beach-Boca Raton,3.328,3.806,4.138,-0.418910831837227
2025-01-20,West Palm Beach-Boca Raton,3.329,3.778,4.09,0.030048076923083755
2025-01-21,West Palm Beach-Boca Raton,3.325,3.765,4.095,-0.12015620306398134
2025-01-23,West Palm Beach-Boca Raton,3.279,3.741,4.075,-1.3834586466165533
2025-01-24,West Palm Beach-Boca Raton,3.329,3.81,4.134,1.5248551387618159
2025-01-26,West Palm Beach-Boca Raton,3.365,3.812,4.148,1.0814058275758542
2025-01-27,West Palm Beach-Boca Raton,3.346,3.779,4.117,-0.5646359583952543
2025-01-28,West Palm Beach-Boca Raton,3.314,3.763,4.098,-0.9563658099222994
2025-01-30,West Palm Beach-Boca Raton,3.26,3.724,4.06,-1.6294508147254194
2025-02-01,West Palm Beach-Boca Raton,3.215,3.701,3.979,-1.3803680981595123
2025-02-02,West Palm Beach-Boca Raton,3.203,3.668,3.965,-0.37325038880249295
2025-02-03,West Palm Beach-Boca Raton,3.193,3.601,3.956,-0.3122073056509467
2025-02-04,West Palm Beach-Boca Raton,3.289,3.744,4.076,3.006576886940193
2025-02-06,West Palm Beach-Boca Raton,3.365,3.817,4.141,2.310732745515365
2025-02-07,West Palm Beach-Boca Raton,3.365,3.817,4.141,0.0
2025-02-09,West Palm Beach-Boca Raton,3.32,3.763,4.078,-1.3372956909361133
2025-02-10,West Palm Beach-Boca Raton,3.296,3.73,4.075,-0.7228915662650603
2025-02-11,West Palm Beach-Boca Raton,3.269,3.713,4.064,-0.8191747572815489
2025-02-12,West Palm Beach-Boca Raton,3.252,3.711,4.053,-0.520036708473548
2025-02-13,West Palm Beach-Boca Raton,3.236,3.711,4.036,-0.4920049200491827
2025-02-15,West Palm Beach-Boca Raton,3.204,3.642,3.984,-0.988875154511748
2025-02-16,West Palm Beach-Boca Raton,3.183,3.617,3.95,-0.655430711610494
2025-02-17,West Palm Beach-Boca Raton,3.176,3.595,3.919,-0.21991831605402412
2025-02-18,West Palm Beach-Boca Raton,3.248,3.725,4.016,2.267002518891692
2025-02-19,West Palm Beach-Boca Raton,3.31,3.769,4.081,1.908866995073888
2025-02-20,West Palm Beach-Boca Raton,3.305,3.754,4.097,-0.151057401812682
2025-02-21,West Palm Beach-Boca Raton,3.295,3.767,4.089,-0.302571860816947
2025-02-22,West Palm Beach-Boca Raton,3.272,3.743,4.084,-0.6980273141122928
2025-02-23,West Palm Beach-Boca Raton,3.257,3.706,4.047,-0.4584352078239484
2025-02-25,West Palm Beach-Boca Raton,3.276,3.735,4.046,0.5833589192508315
2025-02-26,West Palm Beach-Boca Raton,3.311,3.773,4.107,1.0683760683760646
2025-02-27,West Palm Beach-Boca Raton,3.3,3.774,4.116,-0.33222591362126463
2025-02-28,West Palm Beach-Boca Raton,3.268,3.744,4.097,-0.9696969696969759
2025-03-01,West Palm Beach-Boca Raton,3.234,3.719,4.037,-1.040391676866581
2025-03-02,West Palm Beach-Boca Raton,3.217,3.665,3.974,-0.5256648113790896
2025-03-03,West Palm Beach-Boca Raton,3.2,3.626,3.952,-0.5284426484302163
2025-03-04,West Palm Beach-Boca Raton,3.172,3.623,3.949,-0.8750000000000036
2025-03-06,West Palm Beach-Boca Raton,3.274,3.748,4.055,3.21563682219419
2025-03-07,West Palm Beach-Boca Raton,3.271,3.752,4.089,-0.09163103237630477
2025-03-08,West Palm Beach-Boca Raton,3.255,3.738,4.083,-0.48914704983185064
2025-03-09,West Palm Beach-Boca Raton,3.232,3.682,4.026,-0.7066052227342468
2025-03-10,West Palm Beach-Boca Raton,3.219,3.662,3.985,-0.4022277227722859
2025-03-11,West Palm Beach-Boca Raton,3.188,3.669,3.969,-0.9630319975147517
2025-03-12,West Palm Beach-Boca Raton,3.159,3.622,3.956,-0.9096612296110473
2025-03-13,West Palm Beach-Boca Raton,3.133,3.594,3.946,-0.8230452674897082
2025-03-14,West Palm Beach-Boca Raton,3.202,3.67,4.011,2.20236195339929
2025-03-15,West Palm Beach-Boca Raton,3.251,3.728,4.023,1.5302935665209239
2025-03-16,West Palm Beach-Boca Raton,3.258,3.748,4.054,0.2153183635804412
2025-03-17,West Palm Beach-Boca Raton,3.261,3.725,4.074,0.09208103130755596
2025-03-18,West Palm Beach-Boca Raton,3.234,3.695,4.026,-0.8279668813247487
2025-03-19,West Palm Beach-Boca Raton,3.202,3.648,4.008,-0.9894867037724242
2025-03-20,West Palm Beach-Boca Raton,3.17,3.637,3.947,-0.9993753903810076
2025-03-21,West Palm Beach-Boca Raton,3.154,3.596,3.929,-0.5047318611987373
2025-03-22,West Palm Beach-Boca Raton,3.116,3.545,3.906,-1.2048192771084265
2025-03-24,West Palm Beach-Boca Raton,3.103,3.495,3.883,-0.4172015404364515
2025-03-25,West Palm Beach-Boca Raton,3.224,3.667,3.986,3.899452143087334
2025-03-26,West Palm Beach-Boca Raton,3.288,3.754,4.052,1.985111662531014
2025-03-27,West Palm Beach-Boca Raton,3.299,3.771,4.085,0.33454987834549144
2025-03-28,West Palm Beach-Boca Raton,3.299,3.779,4.089,0.0
2025-03-29,West Palm Beach-Boca Raton,3.279,3.756,4.069,-0.6062443164595366
2025-03-30,West Palm Beach-Boca Raton,3.267,3.711,4.063,-0.36596523330283404
2025-03-31,West Palm Beach-Boca Raton,3.256,3.699,4.046,-0.33670033670033517
2025-04-02,West Palm Beach-Boca Raton,3.311,3.813,4.115,1.6891891891891886
2025-04-03,West Palm Beach-Boca Raton,3.367,3.839,4.155,1.6913319238900604
2025-04-04,West Palm Beach-Boca Raton,3.359,3.839,4.138,-0.23760023760023286
2025-04-05,West Palm Beach-Boca Raton,3.337,3.813,4.12,-0.6549568323905852
2025-04-06,West Palm Beach-Boca Raton,3.328,3.789,4.109,-0.2697033263410309
2025-04-07,West Palm Beach-Boca Raton,3.305,3.734,4.112,-0.6911057692307598
2025-04-08,West Palm Beach-Boca Raton,3.332,3.804,4.144,0.8169440242057346
2025-04-09,West Palm Beach-Boca Raton,3.338,3.81,4.136,0.18007202881153983
2025-04-10,West Palm Beach-Boca Raton,3.33,3.83,4.147,-0.23966446974236222
2025-04-11,West Palm Beach-Boca Raton,3.3,3.78,4.118,-0.9009009009009028
2025-04-12,West Palm Beach-Boca Raton,3.272,3.741,4.102,-0.848484848484854
2025-04-13,West Palm Beach-Boca Raton,3.251,3.714,4.055,-0.6418092909535433
2025-04-14,West Palm Beach-Boca Raton,3.227,3.674,3.999,-0.738234389418646
2025-04-15,West Palm Beach-Boca Raton,3.204,3.673,4.019,-0.7127362875735899
2025-04-16,West Palm Beach-Boca Raton,3.181,3.659,4.0,-0.7178526841448263
2025-04-17,West Palm Beach-Boca Raton,3.155,3.622,3.984,-0.8173530336372248
2025-04-18,West Palm Beach-Boca Raton,3.167,3.642,3.987,0.38034865293186115
2025-04-19,West Palm Beach-Boca Raton,3.154,3.62,3.967,-0.4104831070413595
2025-04-20,West Palm Beach-Boca Raton,3.145,3.597,3.943,-0.28535193405199166
2025-04-21,West Palm Beach-Boca Raton,3.129,3.597,3.911,-0.5087440381558062
2025-04-22,West Palm Beach-Boca Raton,3.206,3.678,4.027,2.460850111856816
2025-04-23,West Palm Beach-Boca Raton,3.277,3.729,4.073,2.2145976294448033
2025-04-24,West Palm Beach-Boca Raton,3.268,3.748,4.088,-0.27464144034178295
2025-04-25,West Palm Beach-Boca Raton,3.248,3.725,4.047,-0.6119951040391536
2025-04-26,West Palm Beach-Boca Raton,3.216,3.692,4.023,-0.9852216748768461
2025-04-27,West Palm Beach-Boca Raton,3.191,3.668,4.012,-0.7773631840796158
2025-04-28,West Palm Beach-Boca Raton,3.173,3.596,3.97,-0.5640864932622947
2025-04-29,West Palm Beach-Boca Raton,3.216,3.687,4.015,1.3551843681058884
2025-04-30,West Palm Beach-Boca Raton,3.293,3.767,4.086,2.3942786069651723
2025-05-01,West Palm Beach-Boca Raton,3.323,3.78,4.152,0.9110233829334957
2025-05-02,West Palm Beach-Boca Raton,3.316,3.781,4.138,-0.21065302437557332
2025-05-03,West Palm Beach-Boca Raton,3.28,3.759,4.115,-1.0856453558504287
2025-05-04,West Palm Beach-Boca Raton,3.249,3.725,4.071,-0.9451219512195075
2025-05-05,West Palm Beach-Boca Raton,3.24,3.661,4.001,-0.27700831024930483
2025-05-06,West Palm Beach-Boca Raton,3.203,3.656,3.99,-1.1419753086419848
2025-05-07,West Palm Beach-Boca Raton,3.168,3.637,3.989,-1.092725569778319
2025-05-08,West Palm Beach-Boca Raton,3.124,3.616,3.966,-1.388888888888895
2025-05-09,West Palm Beach-Boca Raton,3.103,3.561,3.948,-0.6722151088348283
2025-05-10,West Palm Beach-Boca Raton,3.104,3.528,3.911,0.03222687721560202
2025-05-11,West Palm Beach-Boca Raton,3.088,3.521,3.871,-0.5154639175257714
2025-05-12,West Palm Beach-Boca Raton,3.041,3.47,3.837,-1.5220207253886064
2025-05-13,West Palm Beach-Boca Raton,3.182,3.643,3.971,4.636632686616249
2025-05-14,West Palm Beach-Boca Raton,3.251,3.71,4.026,2.168447517284733
2025-05-15,West Palm Beach-Boca Raton,3.28,3.753,4.065,0.8920332205475168
2025-05-16,West Palm Beach-Boca Raton,3.268,3.757,4.076,-0.3658536585365857
2025-05-17,West Palm Beach-Boca Raton,3.234,3.734,4.055,-1.040391676866581
2025-05-18,West Palm Beach-Boca Raton,3.219,3.69,4.005,-0.4638218923933235
2025-05-19,West Palm Beach-Boca Raton,3.212,3.636,3.94,-0.21745883814848765
2025-05-20,West Palm Beach-Boca Raton,3.2,3.648,3.942,-0.37359900373599153
2025-05-21,West Palm Beach-Boca Raton,3.258,3.724,4.047,1.8124999999999947
2025-05-22,West Palm Beach-Boca Raton,3.285,3.778,4.083,0.8287292817679592
2025-05-23,West Palm Beach-Boca Raton,3.286,3.79,4.086,0.03044140030441511
2025-05-24,West Palm Beach-Boca Raton,3.276,3.747,4.066,-0.3043213633597164
2025-05-25,West Palm Beach-Boca Raton,3.257,3.707,4.058,-0.5799755799755668
2025-05-26,West Palm Beach-Boca Raton,3.23,3.672,4.0,-0.8289837273564693
2025-05-27,West Palm Beach-Boca Raton,3.206,3.654,3.936,-0.7430340557275539
2025-05-28,West Palm Beach-Boca Raton,3.181,3.643,3.956,-0.7797878976918304
2025-05-29,West Palm Beach-Boca Raton,3.245,3.729,4.062,2.0119459289531516
2025-05-30,West Palm Beach-Boca Raton,3.282,3.76,4.071,1.1402157164869031
2025-05-31,West Palm Beach-Boca Raton,3.284,3.748,4.052,0.06093845216330607
2025-06-01,West Palm Beach-Boca Raton,3.257,3.712,4.048,-0.8221680876979165
2025-06-02,West Palm Beach-Boca Raton,3.241,3.682,4.014,-0.4912496162112423
2025-06-03,West Palm Beach-Boca Raton,3.217,3.681,4.016,-0.7405121875964205
2025-06-04,West Palm Beach-Boca Raton,3.188,3.637,3.992,-0.9014609884986036
2025-06-05,West Palm Beach-Boca Raton,3.222,3.689,4.025,1.0664993726474226
2025-06-07,West Palm Beach-Boca Raton,3.282,3.746,4.075,1.862197392923659
2025-06-08,West Palm Beach-Boca Raton,3.264,3.739,4.076,-0.5484460694698434
2025-06-09,West Palm Beach-Boca Raton,3.241,3.704,4.036,-0.70465686274509
2025-06-10,West Palm Beach-Boca Raton,3.211,3.693,4.0,-0.9256402344955283
2025-06-11,West Palm Beach-Boca Raton,3.177,3.664,3.969,-1.0588601681719045
2025-06-13,West Palm Beach-Boca Raton,3.154,3.614,3.948,-0.7239534151715521
2025-06-14,West Palm Beach-Boca Raton,3.118,3.592,3.929,-1.1414077362079889
2025-06-15,West Palm Beach-Boca Raton,3.111,3.589,3.917,-0.22450288646567174
2025-06-16,West Palm Beach-Boca Raton,3.121,3.555,3.873,0.32144005143039944
2025-06-17,West Palm Beach-Boca Raton,3.26,3.688,4.02,4.453700736943289
2025-06-18,West Palm Beach-Boca Raton,3.287,3.738,4.074,0.8282208588957118
2025-06-19,West Palm Beach-Boca Raton,3.296,3.772,4.092,0.27380590203833766
2025-06-20,West Palm Beach-Boca Raton,3.294,3.791,4.089,-0.060679611650482634
2025-06-21,West Palm Beach-Boca Raton,3.286,3.767,4.097,-0.24286581663630624
2025-06-22,West Palm Beach-Boca Raton,3.267,3.727,4.053,-0.5782105903834434
2025-06-23,West Palm Beach-Boca Raton,3.25,3.684,4.023,-0.5203550658096079
2025-06-24,West Palm Beach-Boca Raton,3.247,3.701,4.013,-0.09230769230769154
2025-06-25,West Palm Beach-Boca Raton,3.226,3.706,4.029,-0.6467508469356287
2025-06-26,West Palm Beach-Boca Raton,3.201,3.663,3.996,-0.7749535027898324
2025-06-27,West Palm Beach-Boca Raton,3.169,3.62,3.969,-0.9996875976257424
2025-06-28,West Palm Beach-Boca Raton,3.143,3.575,3.928,-0.8204480908804102
2025-06-29,West Palm Beach-Boca Raton,3.125,3.562,3.915,-0.5727012408526799
2025-06-30,West Palm Beach-Boca Raton,3.122,3.55,3.921,-0.09600000000000719
2025-07-01,West Palm Beach-Boca Raton,3.215,3.687,4.016,2.978859705317105
2025-07-02,West Palm Beach-Boca Raton,3.262,3.74,4.044,1.4618973561430826
2025-07-03,West Palm Beach-Boca Raton,3.294,3.779,4.067,0.9809932556713585
2025-07-04,West Palm Beach-Boca Raton,3.276,3.752,4.07,-0.5464480874317057
2025-07-05,West Palm Beach-Boca Raton,3.262,3.73,4.061,-0.42735042735042583
2025-07-06,West Palm Beach-Boca Raton,3.253,3.692,4.006,-0.27590435315756334
2025-07-07,West Palm Beach-Boca Raton,3.244,3.67,3.992,-0.27666769136182046
2025-07-08,West Palm Beach-Boca Raton,3.216,3.675,3.98,-0.8631319358816336
2025-07-09,West Palm Beach-Boca Raton,3.182,3.676,4.0,-1.0572139303482664
2025-07-10,West Palm Beach-Boca Raton,3.157,3.638,3.968,-0.7856693903205536
2025-07-11,West Palm Beach-Boca Raton,3.146,3.597,3.926,-0.34843205574913716
2025-07-12,West Palm Beach-Boca Raton,3.127,3.57,3.9,-0.6039415130324244
2025-07-13,West Palm Beach-Boca Raton,3.103,3.553,3.893,-0.7675087943715853
2025-07-14,West Palm Beach-Boca Raton,3.099,3.507,3.839,-0.1289075088623859
2025-07-15,West Palm Beach-Boca Raton,3.112,3.567,3.863,0.4194901581155097
2025-07-16,West Palm Beach-Boca Raton,3.219,3.689,4.024,3.4383033419023157
2025-07-17,West Palm Beach-Boca Raton,3.288,3.711,4.074,2.143522833178002
2025-07-18,West Palm Beach-Boca Raton,3.286,3.749,4.089,-0.060827250608264105
2025-07-19,West Palm Beach-Boca Raton,3.257,3.737,4.101,-0.8825319537431486
2025-07-20,West Palm Beach-Boca Raton,3.238,3.711,4.067,-0.5833589192508537
2025-07-21,West Palm Beach-Boca Raton,3.222,3.695,4.036,-0.49413218035824213
2025-07-22,West Palm Beach-Boca Raton,3.198,3.653,3.995,-0.7448789571694592
2025-07-23,West Palm Beach-Boca Raton,3.16,3.626,3.959,-1.1882426516572786
2025-07-24,West Palm Beach-Boca Raton,3.23,3.688,4.011,2.215189873417711
2025-07-25,West Palm Beach-Boca Raton,3.286,3.737,4.074,1.7337461300309664
2025-07-26,West Palm Beach-Boca Raton,3.271,3.763,4.111,-0.45648204503956347
2025-07-27,West Palm Beach-Boca Raton,3.252,3.758,4.086,-0.5808621216753296
2025-07-28,West Palm Beach-Boca Raton,3.232,3.725,4.042,-0.6150061500614923
2025-07-29,West Palm Beach-Boca Raton,3.208,3.707,4.027,-0.7425742574257432
2025-07-30,West Palm Beach-Boca Raton,3.182,3.67,3.99,-0.8104738154613544
2025-07-31,West Palm Beach-Boca Raton,3.15,3.625,3.955,-1.0056568196103122
2025-08-01,West Palm Beach-Boca Raton,3.123,3.599,3.937,-0.8571428571428452
2025-08-02,West Palm Beach-Boca Raton,3.12,3.581,3.915,-0.09606147934678733
2025-08-03,West Palm Beach-Boca Raton,3.11,3.583,3.908,-0.3205128205128305
2025-08-04,West Palm Beach-Boca Raton,3.082,3.557,3.878,-0.9003215434083556
2025-08-05,West Palm Beach-Boca Raton,3.191,3.697,3.984,3.536664503569109
2025-08-06,West Palm Beach-Boca Raton,3.276,3.731,4.062,2.663741773738648
2025-08-07,West Palm Beach-Boca Raton,3.268,3.758,4.065,-0.24420024420024333
2025-08-08,West Palm Beach-Boca Raton,3.251,3.77,4.061,-0.5201958384332905
2025-08-09,West Palm Beach-Boca Raton,3.225,3.719,4.042,-0.7997539218701832
2025-08-10,West Palm Beach-Boca Raton,3.181,3.662,4.027,-1.3643410852713145
2025-08-11,West Palm Beach-Boca Raton,3.176,3.649,3.952,-0.15718327569945734
2025-08-12,West Palm Beach-Boca Raton,3.157,3.616,3.924,-0.5982367758186391
2025-08-13,West Palm Beach-Boca Raton,3.237,3.696,4.009,2.534051314539121
2025-08-14,West Palm Beach-Boca Raton,3.274,3.763,4.052,1.143033673154159
2025-08-15,West Palm Beach-Boca Raton,3.269,3.79,4.085,-0.15271838729382647
2025-08-16,West Palm Beach-Boca Raton,3.249,3.766,4.075,-0.611807892321814
2025-08-17,West Palm Beach-Boca Raton,3.228,3.721,4.031,-0.6463527239150446
2025-08-18,West Palm Beach-Boca Raton,3.218,3.708,4.005,-0.30978934324660257
2025-08-19,West Palm Beach-Boca Raton,3.186,3.683,3.977,-0.9944064636420169
2025-08-20,West Palm Beach-Boca Raton,3.157,3.614,3.945,-0.910232266164468
2025-08-21,West Palm Beach-Boca Raton,3.126,3.58,3.942,-0.9819448843839118
2025-08-22,West Palm Beach-Boca Raton,3.105,3.571,3.913,-0.6717850287907834
2025-08-23,West Palm Beach-Boca Raton,3.101,3.572,3.886,-0.12882447665056862
2025-08-24,West Palm Beach-Boca Raton,3.078,3.56,3.878,-0.7416962270235472
2025-08-25,West Palm Beach-Boca Raton,3.078,3.529,3.87,0.0
2025-08-26,West Palm Beach-Boca Raton,3.198,3.648,4.003,3.898635477582846
2025-08-27,West Palm Beach-Boca Raton,3.282,3.718,4.057,2.6266416510319024
2025-08-28,West Palm Beach-Boca Raton,3.29,3.756,4.071,0.24375380865326868
2025-08-29,West Palm Beach-Boca Raton,3.267,3.751,4.097,-0.6990881458966647
2025-08-30,West Palm Beach-Boca Raton,3.238,3.746,4.073,-0.8876645240281533
2025-08-31,West Palm Beach-Boca Raton,3.226,3.732,4.045,-0.3705991352686899
2025-09-01,West Palm Beach-Boca Raton,3.212,3.696,4.001,-0.43397396156229506
2025-09-02,West Palm Beach-Boca Raton,3.187,3.638,3.972,-0.7783312577833268
2025-09-03,West Palm Beach-Boca Raton,3.247,3.715,4.043,1.8826482585503568
2025-09-04,West Palm Beach-Boca Raton,3.282,3.765,4.084,1.077918078226059
2025-09-05,West Palm Beach-Boca Raton,3.282,3.777,4.089,0.0
2025-09-06,West Palm Beach-Boca Raton,3.263,3.772,4.082,-0.5789152955514965
2025-09-07,West Palm Beach-Boca Raton,3.25,3.764,4.054,-0.3984063745019917
2025-09-08,West Palm Beach-Boca Raton,3.244,3.746,4.023,-0.18461538461538307
2025-09-09,West Palm Beach-Boca Raton,3.232,3.7,4.033,-0.36991368680641123
2025-09-10,West Palm Beach-Boca Raton,3.203,3.677,4.016,-0.8972772277227814
2025-09-11,West Palm Beach-Boca Raton,3.173,3.677,3.989,-0.9366219169528511
2025-09-12,West Palm Beach-Boca Raton,3.163,3.644,3.954,-0.31515915537346784
2025-09-13,West Palm Beach-Boca Raton,3.148,3.6,3.919,-0.4742333227948037
2025-09-14,West Palm Beach-Boca Raton,3.122,3.575,3.895,-0.8259212198221122
2025-09-15,West Palm Beach-Boca Raton,3.142,3.646,3.959,0.6406149903907865
2025-09-16,West Palm Beach-Boca Raton,3.253,3.746,4.085,3.532781667727569
2025-09-17,West Palm Beach-Boca Raton,3.336,3.799,4.142,2.551490931447886
2025-09-18,West Palm Beach-Boca Raton,3.346,3.822,4.163,0.2997601918465209
2025-09-19,West Palm Beach-Boca Raton,3.33,3.821,4.17,-0.47818290496114413
2025-09-20,West Palm Beach-Boca Raton,3.3,3.789,4.139,-0.9009009009009028
2025-09-21,West Palm Beach-Boca Raton,3.264,3.771,4.087,-1.0909090909090868
2025-09-22,West Palm Beach-Boca Raton,3.241,3.722,4.024,-0.70465686274509
2025-09-23,West Palm Beach-Boca Raton,3.218,3.699,4.038,-0.7096575131132377
2025-09-24,West Palm Beach-Boca Raton,3.181,3.692,3.995,-1.1497824735860807
2025-09-25,West Palm Beach-Boca Raton,3.155,3.653,3.957,-0.8173530336372248
2025-09-26,West Palm Beach-Boca Raton,3.12,3.599,3.934,-1.1093502377178988
2025-09-27,West Palm Beach-Boca Raton,3.101,3.56,3.925,-0.6089743589743679
2025-09-28,West Palm Beach-Boca Raton,3.087,3.534,3.878,-0.4514672686230181
2025-09-29,West Palm Beach-Boca Raton,3.123,3.597,3.923,1.1661807580174877
2025-09-30,West Palm Beach-Boca Raton,3.207,3.687,4.035,2.6897214217098897
2025-10-01,West Palm Beach-Boca Raton,3.268,3.73,4.054,1.90208917991892
2025-10-02,West Palm Beach-Boca Raton,3.287,3.724,4.088,0.5813953488372103
2025-10-03,West Palm Beach-Boca Raton,3.255,3.735,4.085,-0.9735320961362981
2025-10-04,West Palm Beach-Boca Raton,3.226,3.727,4.08,-0.8909370199692734
2025-10-05,West Palm Beach-Boca Raton,3.217,3.712,4.049,-0.2789832610043397
2025-10-06,West Palm Beach-Boca Raton,3.208,3.669,3.992,-0.2797637550512877
2025-10-07,West Palm Beach-Boca Raton,3.175,3.64,3.972,-1.0286783042394165
2025-10-08,West Palm Beach-Boca Raton,3.146,3.627,3.973,-0.913385826771651
2025-10-09,West Palm Beach-Boca Raton,3.131,3.626,3.933,-0.4767959313413894
2025-10-10,West Palm Beach-Boca Raton,3.113,3.589,3.898,-0.5748961992973478
2025-10-11,West Palm Beach-Boca Raton,3.084,3.548,3.918,-0.9315772566655944
2025-10-12,West Palm Beach-Boca Raton,3.085,3.529,3.902,0.03242542153047978
2025-10-13,West Palm Beach-Boca Raton,3.072,3.498,3.855,-0.42139384116692824
2025-10-14,West Palm Beach-Boca Raton,3.104,3.583,3.929,1.041666666666674
2025-10-15,West Palm Beach-Boca Raton,3.137,3.611,3.923,1.0631443298969145
2025-10-16,West Palm Beach-Boca Raton,3.139,3.617,3.963,0.06375518010837133
2025-10-17,West Palm Beach-Boca Raton,3.128,3.605,3.94,-0.3504300732717347
2025-10-18,West Palm Beach-Boca Raton,3.109,3.599,3.913,-0.6074168797953972
2025-10-19,West Palm Beach-Boca Raton,3.102,3.591,3.891,-0.22515278224509716
2025-10-20,West Palm Beach-Boca Raton,3.087,3.568,3.873,-0.4835589941972862
2025-10-21,West Palm Beach-Boca Raton,3.06,3.536,3.876,-0.8746355685131268
2025-10-22,West Palm Beach-Boca Raton,3.084,3.588,3.909,0.7843137254901933
2025-10-23,West Palm Beach-Boca Raton,3.127,3.616,3.93,1.3942931258106306
2025-10-24,West Palm Beach-Boca Raton,3.119,3.614,3.935,-0.255836264790521
2025-10-25,West Palm Beach-Boca Raton,3.106,3.608,3.949,-0.41680025649247776
2025-10-26,West Palm Beach-Boca Raton,3.094,3.572,3.935,-0.3863490019317406
2025-10-27,West Palm Beach-Boca Raton,3.084,3.58,3.88,-0.3232062055591345
2025-10-28,West Palm Beach-Boca Raton,3.082,3.567,3.865,-0.06485084306097066
2025-11-01,West Palm Beach-Boca Raton,3.146,3.646,3.95,2.0765736534717805
2025-11-03,West Palm Beach-Boca Raton,3.133,3.614,3.941,-0.4132231404958664
2025-11-07,West Palm Beach-Boca Raton,3.07,3.524,3.872,-2.010852218321102
2025-11-08,West Palm Beach-Boca Raton,3.042,3.499,3.853,-0.9120521172638396
2025-11-09,West Palm Beach-Boca Raton,3.01,3.493,3.838,-1.051939513477973
2025-11-11,West Palm Beach-Boca Raton,3.075,3.536,3.912,2.1594684385382257
2025-11-14,West Palm Beach-Boca Raton,3.098,3.607,3.943,0.7479674796747826
2025-11-15,West Palm Beach-Boca Raton,3.09,3.589,3.938,-0.2582311168495832
2025-11-16,West Palm Beach-Boca Raton,3.091,3.561,3.893,0.032362459546941835
2025-11-17,West Palm Beach-Boca Raton,3.07,3.505,3.88,-0.6793917825946405
2025-11-21,West Palm Beach-Boca Raton,3.263,3.76,4.096,6.2866449511400635
2025-11-24,West Palm Beach-Boca Raton,3.246,3.748,4.068,-0.520992951271837
2025-12-02,West Palm Beach-Boca Raton,3.178,3.665,4.0,-2.0948860135551417
2025-12-04,West Palm Beach-Boca Raton,3.169,3.67,4.002,-0.2831969792322142
2025-12-11,West Palm Beach-Boca Raton,3.013,3.514,3.849,-4.922688545282428
2025-12-17,West Palm Beach-Boca Raton,3.025,3.453,3.857,0.3982741453700589
2025-12-22,West Palm Beach-Boca Raton,3.027,3.486,3.822,0.06611570247934129
2025-12-23,West Palm Beach-Boca Raton,3.015,3.499,3.814,-0.3964321110009883
2025-12-26,West Palm Beach-Boca Raton,2.951,3.433,3.729,-2.122719734660039
2025-12-27,West Palm Beach-Boca Raton,2.917,3.35,3.682,-1.1521518129447683
2025-12-29,West Palm Beach-Boca Raton,2.901,3.304,3.679,-0.5485087418580781
2025-12-30,West Palm Beach-Boca Raton,2.954,3.405,3.757,1.8269562219924262
